Codigo,Empregado,Classificação,Ocorrência com veiculo da Eletrobras?,Nexo causal,Empresa,Segmento,Sexo,Idade,Tempo de Empresa,Dia da Semana,Dia,Mês,Ano,Hora,Local,Tipo de Trabalho,Município,Estado,Instalação,Latitude,Longitude,Vice-presidência,Diretoria,Gerência Executiva,Gerência,Divisão,Data Início do Afastamento,Data Fim do Afastamento,Dias Perdidos,Dias Debitados,Reabilitado,Dias Perdidos Corrigidos,Data da CAT,Agente Causador,Tipo de Lesão,Parte do Corpo Atingida,Gravidade,Potencial,Grau de Risco,Compromissos (Regra de Ouro),Causa raiz 1,Causa raiz 2,Causa raiz 3,Causa raiz 4,Causa raiz 5,Causa raiz 6,Causa raiz 7,Causa raiz 8,Data completa,Segmento Expansão
1,Próprio,Típico com afastamento,,Sim,Eletrobras,Adm,Masculino,58,Acima de 10 anos,Quinta - feira,10,12,2020,09:00 - 10:00,Empresa,Individual,Aparecida de Goiânia,GO,SE Bandeirantes,-16.792969830000001,-49.234285700000001,VP Suprimentos e Serviços,VSS,CS.G - SUP COORD REGIONAL CSC SUDESTE,CSI.G,CSGO.G,,,13,0,Não,13,44194,Outros,Luxação,Braço Direito,Médio,13,Médio,11 - Não se Aplica,,,,,,,,,44175,
1,Próprio,Típico com afastamento,,Sim,Eletrobras,Transmissão,Masculino,44,Acima de 10 anos,Segunda - feira,7,12,2020,10:00 - 11:00,Empresa,Equipe,Campos dos Goytacazes,RJ,SE Campos,-21.730028130000001,-41.323770502000002,VP Operações e Segurança,Operações,PS.O - SUP DE PRODUÇÃO SUDESTE,DRV.O,DMEV.O,,,1,0,Não,1,44176,Outros,Outros,Face,Médio,17,Médio,11 - Não se Aplica,,,,,,,,,44172,
1,Próprio,Típico com afastamento,,Sim,CGT Eletrosul,Transmissão,Masculino,45,Acima de 10 anos,Sábado,7,3,2020,09:00 - 10:00,Empresa,Equipe,Canoinhas,SC,SE Canoinhas,-26.179500300000001,-50.432980200000003,VP Operações e Segurança,Operações,DMO Departamento de Operação e Apoio a  Manutenção ,RMPR,SMCPR,,,6,0,Não,0,43900,Queimadura,Queimadura Arco-elétrico,Mão Esquerda,Médio,13,Médio,4 - Eletricidade,Sistêmica ,Humana,Sistêmica ,,,,,,43897,
1,Terceiro,Típico com afastamento,,Sim,Eletrobras,Transmissão,Masculino,39,6 meses a 1 ano,Quinta - feira,23,7,2020,10:00 - 11:00,Área rural,Equipe,Castelo,ES,N/A,-22.528491249999998,-44.568363220000002,VP Operações e Segurança,Operações,PS.O - SUP DE PRODUÇÃO SUDESTE,DRV.O,DMEV.O,,,30,0,Não,30,44036,Golpeado por (atingido por objeto em movimento),Fratura,Braço Direito,Médio,9,Médio,11 - Não se Aplica,,,,,,,,,44035,
1,Próprio,Típico sem afastamento,,Sim,Eletrobras,Geração - Eólica,Feminino,38,6 a 10 anos,Sexta-feira,24,1,2020,16:00 - 17:00,Empresa,Equipe,Chapada dos Guimarães,MT,UHE Manso,-14.887132321999999,-55.748556847000003,VP Engenharia de Expansão,Engenharia,GE.E - SUP DE GESTAO PROJETOS E EMPREEND,DGS.E,DGS.E,,,0,0,Não,0,43865,Animal,"Escoriação, Abrasão",Não se Aplica,Baixo,21,Baixo,11 - Não se Aplica,,,,,,,,,43854,
1,Próprio,Típico com afastamento,,Sim,CGT Eletrosul,Transmissão,Feminino,44,6 a 10 anos,Terça- feira,11,2,2020,09:00 - 10:00,Empresa,Equipe,Charqueadas,RS,Via Pública,-29.9749205,-51.663647599999997,VP Operações e Segurança,Operações,DMS,RMRS,SMCRS,,,3,0,Não,0,43875,Queda mesmo nível,"Distensão, Torção",Pé Direito,Médio,13,Médio,2 - Percepção de Risco,Sistêmica ,Sistêmica ,Humana,,,,,,43872,
1,Próprio,Quase Acidente,,Sim,CHESF,Transmissão,Masculino,> 60,35 a 40 anos,Quarta - feira,15,1,2020,13:00 - 14:00,Via pública,Dupla,Cícero Dantas,BA,Via Pública,-10.59629,-38.347520000000003,VP Operações e Segurança,Operações,Superintendência Regional Sul,Departamento de Operação Regional de Paulo Afonso,"Divisão Regional de Telecomunicações, Proteção e Automação de Paulo Afonso",,,,NA,Não,,NA,Outros,Sem Lesões,Não se Aplica,Baixo,4,Alto,8 - Veículos e Equipamentos Móveis,Acidente de trânsito,Fadiga/Cansaço,,,,,,,43845,
1,Próprio,Quase Acidente,,Sim,CHESF,Transmissão,Masculino,55,30 a 35 anos,Quarta - feira,15,1,2020,13:00 - 14:00,Via pública,Dupla,Cícero Dantas,BA,SE Cícero Dantas,-10.59629,-38.347520000000003,VP Operações e Segurança,Operações,Superintendência Regional Sul,Departamento de Operação Regional de Paulo Afonso,"Divisão Regional de Telecomunicações, Proteção e Automação de Paulo Afonso",,,,NA,Não,,NA,Outros,Sem Lesões,Não se Aplica,Baixo,4,Alto,8 - Veículos e Equipamentos Móveis,Acidente de trãnsito,Ação de Terceiros,,,,,,,43845,
1,Próprio,Típico com afastamento,,Sim,CHESF,Transmissão,Masculino,54,30 a 35 anos,Quarta - feira,15,7,2020,13:00 - 14:00,Área rural,Equipe,Cícero Dantas,BA,SE Cícero Dantas,-10.600379999999999,-38.368319999999997,VP Operações e Segurança,Operações,Superintendência Regional Sul,Departamento de Operação Regional de Paulo Afonso,Divisão Regional de Manutenção da Transmissão de Paulo Afonso,44028,44031,3,0,Não,,44028,Golpeado por (atingido por objeto em movimento),Traumatismo,Cabeça,Baixo,22,Baixo,8 - Veículos e Equipamentos Móveis,Objeto projetado,,,,,,,,44027,
1,Próprio,Típico com afastamento,,Sim,CHESF,Transmissão,Masculino,54,30 a 35 anos,Quarta - feira,9,12,2020,08:00 - 09:00,Área rural,Equipe,Cícero Dantas,BA,SE Cícero Dantas,-10.45904,-38.383159999999997,VP Operações e Segurança,Operações,Superintendência Regional Sul,Departamento de Operação Regional de Paulo Afonso,Divisão Regional de Manutenção da Transmissão de Paulo Afonso,44176,44184,8,0,Não,,44176,Golpeado por (atingido por objeto em movimento),"Laceração, Corte",Pé Esquerdo,Médio,9,Médio,8 - Veículos e Equipamentos Móveis,Uso de motoserra,Falha na execução,Falta de EPI,,,,,,44174,
1,Próprio,Típico com afastamento,,Sim,Eletrobras,Geração - Hidráulica,Masculino,36,Acima de 10 anos,Quinta - feira,12,3,2020,10:00 - 11:00,Empresa,Individual,Ibiraci,MG,UHE Mascarenhas de Moraes,-19.501483830000002,-40.918869059999999,VP Operações e Segurança,Operações,PO.O - SUP DE PRODUÇÃO OESTE,DRM.O,DMLM.O,,,6,0,Não,6,43902,Ferramenta Manual,"Laceração, Corte",Mão Direita,Médio,13,Médio,11 - Não se Aplica,,,,,,,,,43902,
1,Próprio,Típico sem afastamento,,Sim,CHESF,Transmissão,Masculino,54,30 a 35 anos,Quinta - feira,13,8,2020,11:00 - 12:00,Empresa,Individual,Itabaiana,SE,SE Itabaiana,-10.662350999999999,-37.455066000000002,VP Operações e Segurança,Operações,Superintendência Regional Sul,Departamento de Operação Regional de Salvador,Divisão Regional de Manutenção da Transmissão de Funil,44074,44074,0,0,Não,,44074,Queda com diferença de nível,Fratura,Braço Direito,Baixo,12,Médio,8 - Veículos e Equipamentos Móveis,Queda com diferença de nível,Falta de atenção,,,,,,,44056,
1,Próprio,Trajeto sem afastamento,,Sim,Eletrobras,Transmissão,Masculino,44,Acima de 10 anos,Quarta - feira,2,12,2020,10:00 - 11:00,Via pública,Dupla,Jambeiro,SP,Via Pública,-23.70467781,-46.278789750000001,VP Operações e Segurança,Operações,PS.O - SUP DE PRODUÇÃO SUDESTE,DRL.O,DMES.O,,,0,0,Não,0,44193,Carro - Colisão ,Lesão,Cabeça,Baixo,14,Médio,11 - Não se Aplica,,,,,,,,,44167,
1,Terceiro,Típico sem afastamento,,Sim,Eletronorte,Transmissão,Masculino,51,,Quarta - feira,22,1,2020,08:00 - 09:00,Empresa,Individual,Ji-Paraná,RO,SE Ji-Paraná,-10.9015,-61.920734000000003,VP Operações e Segurança,Operações,Superintendência de Produção da Transmissão,Departamento Regional de Produção e Trasmissão do Acre e Rondônia,Divisão de Produção da Transmissão de Jí-Paraná,43853,43856,3,0,Não,0,43853,Golpeado por (atingido por objeto em movimento),"Escoriação, Abrasão",Perna Direita,Baixo,14,Baixo,2 - Percepção de Risco,-,-,-,-,-,-,-,-,43852,
1,Terceiro,Típico com afastamento,,Sim,CGT Eletrosul,Transmissão,Masculino,27,Até 6 meses,Sábado,1,2,2020,14:00 - 15:00,Empresa,Dupla,Londrina ,PR,SE Londrina ,-24.107448789999999,-52.336990059999998,"VP Gente, Gestão e Cultura",Outros,Divisão de Construção do Sistema,-,-,,,0,0,Não,0,,Eletricidade,Choque Elétrico,Perna Direita,Médio,14,Médio,4 - Eletricidade,Falta de procedimento de aterramento de jumpers.,Muitas frentes de trabalho em paralelo.,Excesso de confiança.,Falta de planejamento da atividade.,,,,,43862,
1,Terceiro,Típico com afastamento,,Sim,CGT Eletrosul,Transmissão,Masculino,25,Até 6 meses,Sábado,20,6,2020,17:00 - 18:00,Empresa,Equipe,Londrina ,PR,SE Londrina ,-24.110744878999999,-52.313699006,"VP Gente, Gestão e Cultura",Outros,Divisão de Construção do Sistema,-,-,,,7,0,Não,0,44844,Atingido por (pontos agudos ou cortantes),"Laceração, Corte",Pé Esquerdo,Médio,13,Médio,2 - Percepção de Risco,Falta de planejamento.,Percepção de risco.,,,,,,,44002,
1,Próprio,Típico com afastamento,,Sim,CHESF,Transmissão,Masculino,43,10 a 15 anos,Quarta - feira,23,9,2020,09:00 - 10:00,Empresa,Individual,Macaíba,RN,SE Natal III,-5.8719900000000003,-35.31747,VP Operações e Segurança,Operações,Superintendência Regional Norte,Departamento de Operação Regional de Natal,"Divisão Regional de Telecomunicações, Proteção e Automação de Natal",44117,44118,1,0,Não,,44117,Outros,Lesão,Face,Baixo,17,Baixo,8 - Veículos e Equipamentos Móveis,Partículas em projeção,Falta de EPI,,,,,,,44097,
1,Próprio,Trajeto sem afastamento,,Sim,Eletronorte,Transmissão,Masculino,50,Acima de 10 anos,Terça- feira,22,9,2020,14:00 - 15:00,Empresa,Equipe,Marabá,PA,SE Marabá,-5.2006399999999999,-49.023319999999998,VP Operações e Segurança,Operações,Superintendência de Produção da Transmissão,Departamento Regional de Produção e Transmissão do Pará,Divisão de Produção da Transmissão de Marabá,,,,0,Não,0,44112,Outros,"Distensão, Torção",Pé Direito,Baixo,14,Baixo,2 - Percepção de Risco,-,-,-,-,-,-,-,-,44096,
1,Próprio,Típico com afastamento,,Sim,Eletrobras,Adm,Feminino,59,Acima de 10 anos,Segunda - feira,10,2,2020,09:00 - 10:00,Empresa,Individual,Mogi das Cruzes,SP,SE Mogi das Cruzes,-23.503931300000001,-46.169664969999999,VP Engenharia de Expansão,Engenharia,ET.E - SUP. DE ENGENHARIA DE TRANSMISSAO,"DIT,E",DPSU.E,,,3,0,Não,3,43875,Queda mesmo nível,Lesão,Mão Direita,Baixo,17,Médio,11 - Não se Aplica,,,,,,,,,43871,
1,Próprio,Típico com afastamento,,Sim,CHESF,Transmissão,Masculino,53,6 a 10 anos,Quinta - feira,14,5,2020,16:00 - 17:00,Empresa,Individual,Natal,RN,SE Natal II,-5.8092100000000002,-35.2393,VP Operações e Segurança,Operações,Superintendência Regional Norte,Departamento de Operação Regional de Natal,Divisão Regional de Operação de Instalações de Natal,43972,43974,2,0,Não,,43972,Outros,Outros,Braço Direito,Baixo,18,Baixo,8 - Veículos e Equipamentos Móveis,Manivela de equipamento elétrico,Postura para a manobra,,,,,,,43965,
1,Próprio,Típico com afastamento,,Sim,CHESF,Transmissão,Masculino,40,10 a 15 anos,Sexta-feira,21,8,2020,09:00 - 10:00,Empresa,Individual,Natal,RN,SE Natal II,-5.8092100000000002,-35.2393,VP Operações e Segurança,Operações,Superintendência Regional Norte,Departamento de Operação Regional de Natal,Divisão Regional de Manutenção da Transmissão de Natal,44088,44089,1,0,Não,,44088,Outros,Lesão,Face,Baixo,12,Médio,8 - Veículos e Equipamentos Móveis,Partículas em projeção,Falta de EPI,,,,,,,44064,
1,Próprio,Típico com afastamento,,Sim,CHESF,Transmissão,Masculino,43,20 a 25 anos,Sexta-feira,28,8,2020,09:00 - 10:00,Empresa,Individual,Natal,RN,SE Natal II,-5.8092100000000002,-35.2393,VP Operações e Segurança,Operações,Superintendência Regional Norte,Departamento de Operação Regional de Natal,Divisão Regional de Operação de Instalações de Natal,44088,44090,2,0,Não,,44088,Escada - Queda,Luxação,Pé Direito,Baixo,12,Médio,8 - Veículos e Equipamentos Móveis,Degraus de escada,Falta de atenção,Esforço físico,,,,,,44071,
1,Próprio,Típico com afastamento,,Sim,Eletronorte,Transmissão,Masculino,36,Acima de 10 anos,Quarta - feira,2,12,2020,11:00 - 12:00,Área rural,Dupla,Pacaraima,RR,LT,4.4730600000000003,-61.146380000000001,VP Operações e Segurança,Operações,Superintendência de Produção da Transmissão,Departamento Regional de Produção e Transmissão do Amazonas e Roraima,Divisão de Produção da Transmissão de Boa Vista,44174,44539,365,0,Não,0,44174,Moto - Queda,"Distensão, Torção",Braço Direito,Alto,13,Médio,8 - Veículos e Equipamentos Móveis,-,-,-,-,-,-,-,-,44167,
1,Próprio,Típico sem afastamento,,Sim,Eletrobras,Adm,Feminino,53,Acima de 10 anos,Quarta - feira,22,1,2020,20:00 - 21:00,Empresa,Individual,Passos,MG,UHE Furnas,-22.955500950000001,-43.191663320000004,"VP Gente, Gestão e Cultura",Outros,CR.P,CR.P,CR.P,,,0,0,Não,0,43860,Queda mesmo nível,Esmagamento,Coluna,Baixo,21,Baixo,11 - Não se Aplica,,,,,,,,,43852,
1,Próprio,Típico com afastamento,,Sim,CHESF,Transmissão,Masculino,48,10 a 15 anos,Quarta - feira,8,1,2020,17:00 - 18:00,Via pública,Individual,Paulo Afonso,BA,Via Pública,-9.3932900000000004,-38.214939999999999,VP Operações e Segurança,Operações,Superintendência Regional Sul,Departamento de Operação Regional de Paulo Afonso,"Divisão Regional de Telecomunicações, Proteção e Automação de Paulo Afonso",43839,43841,2,0,Não,,43839,Outros,Dermatose,Face,Médio,22,Baixo,8 - Veículos e Equipamentos Móveis,Ataque de animais peçonhentos,,,,,,,,43838,
1,Próprio,Típico sem afastamento,,Sim,CHESF,Geração - Hidráulica,Masculino,59,30 a 35 anos,Terça- feira,23,6,2020,16:00 - 17:00,Empresa,Equipe,Paulo Afonso,BA,UHE Paulo Alfonso,-9.4121400000000008,-38.210389999999997,VP Operações e Segurança,Operações,Superintendência Regional Sul,Departamento de Operação Regional de Paulo Afonso,Divisão Regional de Segurança de Barragens e Manutenção Civil da Geração e Transmissão de Paulo Afonso,44007,44007,0,0,Não,,44007,Animal,Dermatose,Face,Baixo,22,Baixo,8 - Veículos e Equipamentos Móveis,Ataque de animais peçonhentos,,,,,,,,44005,
1,Próprio,Típico sem afastamento,,Sim,CHESF,Geração - Hidráulica,Masculino,51,30 a 35 anos,Terça- feira,23,6,2020,16:00 - 17:00,Empresa,Equipe,Paulo Afonso,BA,UHE Paulo Alfonso,-9.4121400000000008,-38.210389999999997,VP Operações e Segurança,Operações,Superintendência Regional Sul,Departamento de Operação Regional de Paulo Afonso,Divisão Regional de Segurança de Barragens e Manutenção Civil da Geração e Transmissão de Paulo Afonso,44007,44007,0,0,Não,,44007,Outros,Dermatose,Face,Baixo,22,Baixo,8 - Veículos e Equipamentos Móveis,Ataque de animais peçonhentos,,,,,,,,44005,
1,Próprio,Típico sem afastamento,,Sim,CHESF,Adm,Feminino,55,30 a 35 anos,Sexta-feira,26,6,2020,15:00 - 16:00,Empresa,Individual,Paulo Afonso,BA,UHE Paulo Alfonso,-9.3968500000000006,-38.216529999999999,"VP Gente, Gestão e Cultura",Outros,Superintendência de Gestão Patrimonial e Regional,Departamento de Gestão Patrimonial e Regional,,44008,44008,0,0,Não,,44008,Outros,"Laceração, Corte",Mão Direita,Baixo,6,Alto,8 - Veículos e Equipamentos Móveis,Material perfuro-cortante,Falha na execução,,,,,,,44008,
1,Próprio,Típico com afastamento,,Sim,CHESF,Transmissão,Masculino,> 60,30 a 35 anos,Quinta - feira,20,2,2020,05:00 - 06:00,Empresa,Individual,Petrolândia,PE,UHE Luiz Gonzaga,-9.1420999999999992,-38.308799999999998,VP Operações e Segurança,Operações,Superintendência Regional Sul,Departamento de Operação Regional de Paulo Afonso,Divisão Regional de Operação de Instalações de Paulo Afonso,43882,43889,7,0,Não,,43882,Queda mesmo nível,"Distensão, Torção",Perna Esquerda,Baixo,18,Baixo,8 - Veículos e Equipamentos Móveis,Esforço físico,Piso irregular,Falta de atenção,,,,,,43881,
1,Próprio,Típico com afastamento,,Sim,Eletronorte,Transmissão,Masculino,38,Acima de 10 anos,Quinta - feira,30,7,2020,07:00 - 08:00,Empresa,Equipe,Pimenta Bueno,RO,SE Pimenta Bueno,-11.607150000000001,-61.137270000000001,VP Operações e Segurança,Operações,Superintendência de Produção da Transmissão,Departamento Regional de Produção e Trasmissão do Acre e Rondônia,Divisão de Produção da Transmissão de Jí-Paraná,44043,44050,7,0,Não,0,44043,Ferramenta Manual,Fratura,Pé Esquerdo,Baixo,14,Baixo,2 - Percepção de Risco,-,-,-,-,-,-,-,-,44042,
1,Próprio,Típico com afastamento,,Sim,CHESF,Transmissão,Masculino,42,10 a 15 anos,Segunda - feira,14,9,2020,16:00 - 17:00,Empresa,Equipe,Piripiri,PI,SE Piripiri,-4.2855499999999997,-41.754950000000001,VP Operações e Segurança,Operações,Superintendência Regional Norte,Departamento de Operação Regional de Teresina,Divisão Regional de Manutenção da Transmissão de Teresina,44092,44095,3,0,Não,,44092,Outros,Lesão,Braço Direito,Baixo,12,Médio,8 - Veículos e Equipamentos Móveis,Esforço físico,Transporte de materiais,Sobrecarga,,,,,,44088,
1,Próprio,Trajeto sem afastamento,,Sim,Eletronorte,Adm,Masculino,42,Acima de 10 anos,Quarta - feira,19,8,2020,07:00 - 08:00,Empresa,Individual,Porto Velho,RO,SE Porto Velho,-8.7570499999999996,-63.913559999999997,"VP Gente, Gestão e Cultura",Outros,Superintendência de Gestão de Pessoas,"Departamento de Saúde, Segurança e Bem-Estar no Trabalho",Divisão de Saúde e Bem-Estar no Trabalho,,,,0,Não,0,44084,"Golpeado contra (correndo em direção, tropeçando em)",Luxação,Cabeça,Baixo,18,Baixo,2 - Percepção de Risco,-,-,-,-,-,-,-,-,44062,
1,Próprio,Típico com afastamento,,Sim,CHESF,Adm,Masculino,> 60,40 a 50 anos,Quarta - feira,12,8,2020,09:00 - 10:00,Outros,Individual,Recife,PE,Via Pública,-8.0826799999999999,-34.937980000000003,VP Suprimentos e Serviços,VSS,Superintendência de Coordenação Regional do CSC Nordeste,Departamento de Tecnologia da Informação do CSC,Divisão de Atendimento ao Usuário e Infraestrutura de TI,44055,44056,1,0,Não,,44055,Queda mesmo nível,"Laceração, Corte",Cabeça,Baixo,18,Baixo,8 - Veículos e Equipamentos Móveis,Impacto contra objeto parado,Falta de atenção,,,,,,,44055,
1,Próprio,Trajeto com afastamento,,Sim,CHESF,Expansão,Feminino,53,10 a 15 anos,Quarta - feira,19,8,2020,07:00 - 08:00,Via pública,Individual,Recife,PE,Via Pública,-8.0621100000000006,-34.931379999999997,VP Engenharia de Expansão,Engenharia,Superintendência de Engenharia de Geração,Departamento de Engenharia de Geração Hidráulica e Térmica,,44083,44086,3,0,Não,,44083,Queda com diferença de nível,Luxação,Pé Direito,Baixo,3,Crítico,8 - Veículos e Equipamentos Móveis,Degraus de escada,falta de atenção,Esforço físico,,,,,,44062,
1,Próprio,Típico com afastamento,,Sim,CHESF,Geração - Hidráulica,Masculino,53,30 a 35 anos,Terça- feira,22,9,2020,07:00 - 08:00,Empresa,Individual,Recife,PE,Via Pública,-8.0620100000000008,-34.927349999999997,VP Operações e Segurança,Operações,Superintendência de Gestão da Manutenção do Sistema,Departamento de Reparo e Ensaios em Equipamentos de Geração e Transmissão,,44102,44117,15,0,Não,,44102,Outros,Queimadura Térmica ,Braço Esquerdo,Médio,7,Alto,8 - Veículos e Equipamentos Móveis,Explosão de GLP em suspensão no ambiente,Falha em válvula/registro,Vazamento de gás em armário,Centelha de disjuntor,,,,,44096,
1,Próprio,Trajeto com afastamento,,Sim,CHESF,Transmissão,Masculino,39,10 a 15 anos,Terça- feira,3,11,2020,08:00 - 09:00,Via pública,Individual,Recife,PE,Via Pública,-8.0621100000000006,-34.931379999999997,VP Operações e Segurança,Operações,Superintendência de Gestão da Operação do Sistema,Departamento de Operação do Sistema Eletroenergético,,44141,44144,3,0,Não,,44141,Outros,Traumatismo,Tórax,Baixo,17,Baixo,8 - Veículos e Equipamentos Móveis,Queda com diferença de nível,Falta de atenção,,,,,,,44138,
1,Próprio,Típico com afastamento,,Sim,CHESF,Adm,Masculino,50,6 a 10 anos,Quinta - feira,10,12,2020,12:00- 13:00,Empresa,Individual,Recife,PE,Sede Recife,-8.0666499999999992,-34.93083,"VP Gente, Gestão e Cultura",Outros,Superintendência de Gestão de Pessoas,"Departamento de Saúde, Segurança e Bem-Estar no Trabalho",,44193,44208,15,0,Não,,44193,Queda mesmo nível,Fratura,Pé Esquerdo,Baixo,20,Baixo,8 - Veículos e Equipamentos Móveis,Queda com diferença de nível,Desnível com piso táctil,,,,,,,44175,
1,Próprio,Trajeto com afastamento,,Sim,Eletrobras,Adm,Masculino,> 60,3 a 6 anos,Segunda - feira,20,1,2020,16:00 - 17:00,Via pública,Individual,Rio de Janeiro,RJ,Via Pública,-22.955500950000001,-43.191663320000004,"VP Gente, Gestão e Cultura",Outros,-,-,-,,,15,0,Não,0,43874,Queda mesmo nível,Fratura,Perna Esquerda,Médio,13,Médio,11 - Não se Aplica,Falta de atenção,,,,,,,,43850,
1,Próprio,Típico sem afastamento,,Sim,Eletrobras,Adm,Feminino,> 60,Acima de 10 anos,Quinta - feira,30,1,2020,18:00 - 19:00,Empresa,Individual,Rio de Janeiro,RJ,EBM,-22.955500950000001,-43.191663320000004,"VP Gente, Gestão e Cultura",Outros,RH.G,DSS.G,DSSR.G,,,0,0,Não,0,43864,Escorregou/Desequilibrou,Sem Lesões,Face,Baixo,24,Baixo,11 - Não se Aplica,,,,,,,,,43860,
1,Próprio,Típico com afastamento,,Sim,Eletrobras,Transmissão,Masculino,53,Acima de 10 anos,Quarta - feira,9,9,2020,09:00 - 10:00,Empresa,Individual,Rio de Janeiro,RJ,Via Pública,-19.403701779999999,-40.106854560000002,VP Operações e Segurança,Operações,PS.O - SUP DE PRODUÇÃO SUDESTE,DRV.O,DOES.O,,,1,0,Não,1,44278,Animal,"Escoriação, Abrasão",Braço Direito,Médio,13,Médio,11 - Não se Aplica,,,,,,,,,44083,
1,Próprio,Típico sem afastamento,,Sim,Eletronorte,Adm,Masculino,37,Acima de 10 anos,Segunda - feira,13,1,2020,10:00 - 11:00,Empresa,Individual,Rondonópolis,MT,SE Rondonópolis,-16.472049999999999,-54.599159999999998,VP Suprimentos e Serviços,VSS,Superintendência de Coordenação Regional do CSC Norte,Departamento de Logística,"Divisão de Operação, Logistica e Almoxerifado Regional Oeste",,,,0,Não,0,43844,Golpeado por (atingido por objeto em movimento),"Escoriação, Abrasão",Pé Esquerdo,Baixo,14,Baixo,2 - Percepção de Risco,-,-,-,-,-,-,-,-,43843,
1,Próprio,Típico com afastamento,,Sim,CHESF,Transmissão,Masculino,28,6 a 10 anos,Segunda - feira,17,8,2020,12:00- 13:00,Via pública,Individual,Salvador,BA,Via Pública,-12.93378,-38.394199999999998,VP Operações e Segurança,Operações,Superintendência Regional Sul,Departamento de Operação Regional de Salvador,Divisão Regional de Manutenção da Transmissão de Funil,44063,44064,1,0,Não,,44063,Carro - Colisão ,Traumatismo,Pé Esquerdo,Médio,4,Alto,8 - Veículos e Equipamentos Móveis,Colisão de veículos,Trânsito em vias públicas,Ação de Terceiros,,,,,,44060,
1,Próprio,Quase Acidente,,Sim,CHESF,Transmissão,Masculino,48,15 a 20 anos,Quinta - feira,23,7,2020,14:00 - 15:00,Via pública,Dupla,Santa Rita,PB,Via Pública,-7.0869070000000001,-34.968600000000002,VP Operações e Segurança,Operações,Superintendência Regional Norte,Departamento de Operação Regional de Natal,,,,,NA,Não,,NA,Carro - Colisão ,Sem Lesões,Não se Aplica,Médio,9,Médio,8 - Veículos e Equipamentos Móveis,Colisão de veículos,Trânsito em rodovias,Ação de Terceiros,,,,,,44035,
1,Próprio,Quase Acidente,,Sim,CHESF,Transmissão,Masculino,44,15 a 20 anos,Quinta - feira,23,7,2020,14:00 - 15:00,Via pública,Dupla,Santa Rita,PB,Via Pública,-7.0869070000000001,-34.968600000000002,VP Operações e Segurança,Operações,Superintendência Regional Norte,Departamento de Operação Regional de Natal,Divisão Regional de Operação de Instalações de Natal,,,,NA,Não,,NA,Carro - Colisão ,Sem Lesões,Não se Aplica,Médio,9,Médio,8 - Veículos e Equipamentos Móveis,Colisão de veículos,Trânsito em rodovias,Ação de Terceiros,,,,,,44035,
1,Próprio,Típico sem afastamento,,Sim,Eletrobras,Transmissão,Masculino,45,Acima de 10 anos,Segunda - feira,5,10,2020,15:00 - 16:00,Via pública,Individual,Serra,ES,Via Pública,-20.194677720000001,-40.293769609999998,VP Operações e Segurança,Operações,PS.O - SUP DE PRODUÇÃO SUDESTE,DRV.O,DMEV.O,,,0,0,Não,0,44118,Carro - Colisão ,Sem Lesões,Não se Aplica,Baixo,24,Baixo,11 - Não se Aplica,,,,,,,,,44109,
1,Próprio,Típico com afastamento,,Sim,CHESF,Transmissão,Masculino,56,30 a 35 anos,Sexta-feira,31,1,2020,15:00 - 16:00,Empresa,Individual,Simões Filho,BA,SE Cotegipe,-12.7942,-38.422069999999998,VP Operações e Segurança,Operações,Superintendência Regional Sul,Departamento de Operação Regional de Salvador,Divisão Regional de Manutenção da Transmissão de Salvador,43866,43873,7,0,Não,,43866,Outros,"Laceração, Corte",Perna Direita,Médio,17,Baixo,8 - Veículos e Equipamentos Móveis,Impacto contra objeto parado,Falta de atenção,,,,,,,43861,
1,Próprio,Típico sem afastamento,,Sim,CHESF,Transmissão,Masculino,52,15 a 20 anos,Sexta-feira,17,7,2020,11:00 - 12:00,Empresa,Dupla,Teresina,PI,SE Teresina ,-5.1273999999999997,-42.80059,VP Operações e Segurança,Operações,Superintendência Regional Norte,Departamento de Operação Regional de Teresina,Divisão Regional de Manutenção da Transmissão de Teresina,44032,44032,0,0,Não,,44032,Eletricidade,Choque Elétrico,Mão Direita,Médio,9,Médio,8 - Veículos e Equipamentos Móveis,Choque elétrico,Energização de equipamento,Ação de Terceiros,Falha na Execução,,,,,44029,
1,Próprio,Trajeto sem afastamento,,Sim,CHESF,Transmissão,Masculino,54,10 a 15 anos,Sexta-feira,7,8,2020,08:00 - 09:00,Empresa,Equipe,Teresina,PI,SE Teresina ,-5.1273999999999997,-42.80059,VP Operações e Segurança,Operações,Superintendência Regional Norte,Departamento de Operação Regional de Teresina,Divisão Regional de Operação de Instalações de Teresina,44053,44053,0,0,Não,,44053,Outros,Fratura,Mão Direita,Médio,6,Alto,8 - Veículos e Equipamentos Móveis,Impacto contra objeto parado,Falha na execução,Falta de atenção,Falha na confirmação de equipamento,,,,,44050,
1,Terceiro,Típico com afastamento,,Sim,CGT Eletrosul,Expansão,Masculino,54,Até 6 meses,Segunda - feira,8,11,2021,08:00 - 09:00,Empresa,Equipe,Blumenau,SC,SE Blumenau,,,VP Engenharia de Expansão,Engenharia,Divisão de Construção do Sistema,-,-,,,127,0,Não,0,44900,Escada - Queda,Fratura,Braço Esquerdo,Médio,13,Médio,3 - Trabalho em Altura,Falta de planejamento.,Falta de cumprimento de procedimento.,Descumprimento da NR 35.,-,-,-,-,-,44508,
1,Próprio,Trajeto sem afastamento,,Sim,Eletronorte,Transmissão,Masculino,43,Acima de 10 anos,Quarta - feira,10,3,2021,11:00 - 12:00,Empresa,Individual,Altamira,PA,SE Altamira,-3.2035200000000001,-52.207250000000002,VP Operações e Segurança,Operações,Superintendência de Gestão de Operação de Sistema,Departamento de Gestão da Operação em Tempo Real,-,,,,0,Não,0,44335,Carro - Colisão ,Luxação,Tórax,Baixo,14,Baixo,8 - Veículos e Equipamentos Móveis,-,-,-,-,-,-,-,-,44265,
1,Próprio,Típico com afastamento,,Sim,Eletronorte,Geração - Hidráulica,Masculino,39,Acima de 10 anos,Quinta - feira,2,12,2021,10:00 - 11:00,Cliente,Dupla,Altamira,PA,SE Altamira,-3.2103519999999999,-52.220725000000002,VP Operações e Segurança,Operações,Superintendência de Produção da Geração Hidraulica,Departamento de Manutenção da Geração Hidráulica Oeste,Divisão de Manutenção Elétrica e Eletro da UHE Tucuruí,44533,44547,14,0,Não,0,44533,Golpeado por (atingido por objeto em movimento),Esmagamento,Mão Direita,Médio,10,Médio,7 - Bloqueio e Proteção,Ausência de proteção de partes móveis,Ausência de conhecimento de normativos da UHE Belo Monte,Inserção de mepregado em atividade em andamento,Ausência de particiapação de planejamento de atividade,-,-,-,-,44532,
1,Próprio,Típico com afastamento,,Sim,CGT Eletrosul,Transmissão,Masculino,45,Acima de 10 anos,Segunda - feira,11,1,2021,14:00 - 15:00,Empresa,Dupla,Areia,PR,SE Areia,-6.96,-35.71,VP Operações e Segurança,Operações,DMO Departamento de Operação e Apoio a  Manutenção ,RMPR,CRARE,,,3,0,Não,0,,Eletricidade,Choque Elétrico,Mão Direita,Médio,13,Médio,4 - Eletricidade,Sistêmica ,Humana,Sistêmica ,,,,,,44207,
1,Próprio,Típico com afastamento,,Sim,CGT Eletrosul,Transmissão,Masculino,30,Acima de 10 anos,Segunda - feira,11,1,2021,14:00 - 15:00,Empresa,Dupla,Areia,PR,SE Areia,-6.95,-35.700000000000003,"VP Gente, Gestão e Cultura",Outros,SELIC,,,,,20,0,Não,0,,Eletricidade,Choque Elétrico,Cabeça,Médio,13,Médio,4 - Eletricidade,Sistêmica ,Humana,Sistêmica ,,,,,,44207,
1,Terceiro,Típico com afastamento,,Sim,CGT Eletrosul,Expansão,Masculino,28,Até 6 meses,Quinta - feira,18,2,2021,11:00 - 12:00,Empresa,Equipe,Areia,PR,SE Areia,-25.9688306,-51.604816700000001,VP Engenharia de Expansão,Engenharia,Divisão de Construção do Sistema,-,-,,,30,0,Não,0,,Moto - Queda,Luxação,Braço Direito,Médio,13,Médio,8 - Veículos e Equipamentos Móveis,-,-,-,-,-,-,-,-,44245,
1,Próprio,Típico com afastamento,,Sim,Eletronorte,Geração - Hidráulica,Masculino,49,Acima de 10 anos,Domingo,2,7,2021,09:00 - 10:00,Empresa,Individual,Balbina,AM,Via Pública,-1.9169099999999999,-59.475760000000001,VP Operações e Segurança,Operações,Superintendência de Produção da Geração Hidraulica,Departamento de Manutenção da Geração Hidraulica Leste,Divisão de Manutenção da UHE Balbina,44384,44392,8,0,Não,0,44384,Queda mesmo nível,"Distensão, Torção",Pé Esquerdo,Baixo,18,Baixo,2 - Percepção de Risco,Ausência de sinalização,Falta de atenção pelo empregado,-,-,-,-,-,-,44379,
1,Próprio,Típico sem afastamento,,Sim,Eletronorte,Transmissão,Masculino,59,Acima de 10 anos,Quinta - feira,20,5,2021,13:00 - 14:00,Empresa,Individual,Belém,PA,SE Guamá,-1.4583299999999999,-48.445819999999998,"VP Gente, Gestão e Cultura",Outros,Superintendência de Telecomunicações,Departamento de Operação e Manutenção de Telecomunicações,Divisão de O&M de Telecomunicações do Leste,,,,0,Não,0,44341,"Golpeado contra (correndo em direção, tropeçando em)",Luxação,Cabeça,Baixo,18,Baixo,2 - Percepção de Risco,-,-,-,-,-,-,-,-,44336,
1,Próprio,Típico com afastamento,,Sim,Eletrobras,Transmissão,Masculino,46,6 a 10 anos,Quarta - feira,25,8,2021,15:00 - 16:00,Área rural,Equipe,Boituva,SP,N/A,-22.817690160000001,-43.320896060000003,VP Operações e Segurança,Operações,PS.O - SUP DE PRODUÇÃO SUDESTE,DRN.O,DMEN.O,,,4,0,Não,4,44437,Atingido por (pontos agudos ou cortantes),"Laceração, Corte",Cabeça,Médio,17,Médio,11 - Não se Aplica,,,,,,,,,44433,
1,Próprio,Típico com afastamento,,Sim,Eletrobras,Transmissão,Masculino,44,6 a 10 anos,Quinta - feira,9,9,2021,13:00 - 14:00,Empresa,Equipe,Brasília,DF,SE Brasília Geral,-15.86198278,-48.068537460000002,VP Operações e Segurança,Operações,PO.O - SUP DE PRODUÇÃO OESTE,DRB.O,DMEB.O,,,2,0,Não,2,44455,Golpeado por (atingido por objeto em movimento),Luxação,Tórax,Baixo,17,Médio,11 - Não se Aplica,,,,,,,,,44448,
1,Próprio,Típico com afastamento,,Sim,Eletrobras,Transmissão,Masculino,45,Acima de 10 anos,Terça- feira,19,10,2021,08:00 - 09:00,Empresa,Equipe,Brasília,DF,SE Brasília Geral,-15.853619827799999,-48.086853746000003,VP Operações e Segurança,Operações,PO.O - SUP DE PRODUÇÃO OESTE,DRB.O,DMEB.O,,,3,0,Não,3,44545,Escada - Queda,Esmagamento,Tórax,Baixo,20,Baixo,11 - Não se Aplica,,,,,,,,,44488,
1,Próprio,Típico com afastamento,,Sim,CHESF,Transmissão,Masculino,33,6 a 10 anos,Quarta - feira,21,7,2021,10:00 - 11:00,Área rural,Equipe,Calçado,PE,N/A,-8.7632999999999992,-36.276649999999997,VP Operações e Segurança,Operações,Superintendência Regional Norte,Departamento de Operação Regional de Recife,Divisão Regional de Manutenção da Transmissão de Recife,44403,44408,5,0,Não,,44403,Ferramenta Manual,"Laceração, Corte",Braço Direito,Médio,9,Médio,8 - Veículos e Equipamentos Móveis,Laceração em membros,Falta de atenção,Imprudência,,,,,,44398,
1,Próprio,Típico com afastamento,,Sim,Eletrobras,Transmissão,Masculino,60,Acima de 10 anos,Domingo,15,8,2021,11:00 - 12:00,Empresa,Equipe,Caldas Novas,GO,UHE Corumbá,-17.989142130000001,-48.531925229999999,VP Operações e Segurança,Operações,PO.O - SUP DE PRODUÇÃO OESTE,DRG.O,DMEG.O,,,59,0,Não,59,44425,Queimadura,Queimadura Térmica ,Face,Médio,12,Médio,11 - Não se Aplica,,,,,,,,,44423,
1,Próprio,Trajeto com afastamento,,Sim,CHESF,Transmissão,Masculino,55,30 a 35 anos,Quarta - feira,10,2,2021,09:00 - 10:00,Via pública,Individual,Camaçari,BA,Via Pública,-12.672829999999999,-38.335560000000001,VP Operações e Segurança,Operações,Superintendência Regional Sul,Departamento de Operação Regional de Salvador,Divisão Regional de manutenção da Transmissão de Camaçari,44239,44243,4,0,Não,,44239,Atingido entre ou abaixo (esmagado ou amputado),Traumatismo,Perna Direita,Médio,4,Alto,8 - Veículos e Equipamentos Móveis,Falta de Atenção,Ato inseguro,Imprudência,,,,,,44237,
1,Próprio,Típico com afastamento,,Sim,CHESF,Transmissão,Masculino,44,10 a 15 anos,Quarta - feira,24,2,2021,13:00 - 14:00,Empresa,Equipe,Camaçari,BA,SE Camaçari,-12.61891,-38.344340000000003,VP Operações e Segurança,Operações,Superintendência Regional Sul,Departamento de Operação Regional de Salvador,Divisão Regional de Operação de Salvador,44256,44260,4,0,Não,,44256,Ferramenta Manual,"Escoriação, Abrasão",Cabeça,Médio,12,Médio,8 - Veículos e Equipamentos Móveis,Manivela mecânica tensionada,Postura para a manobra,Equipamento com mau funcionamento,,,,,,44251,
1,Próprio,Típico com afastamento,,Sim,CHESF,Transmissão,Masculino,53,15 a 20 anos,Quinta - feira,30,9,2021,13:00 - 14:00,Empresa,Individual,Campina Grande,PB,SE Campina Grande,-7.2666599999999999,-35.908340000000003,VP Operações e Segurança,Operações,Superintendência Regional Norte,Departamento de Operação Regional de Natal,Divisão Regional de Manutenção da Transmissão de Campina Grande,44469,44474,5,0,Não,,44469,Eletricidade,Choque Elétrico,Mão Direita,Médio,6,Alto,8 - Veículos e Equipamentos Móveis,Arco elétrico,Equipamento energizado,Falta de EPI,Falha no planejamento,,,,,44469,
1,Próprio,Típico com afastamento,,Sim,CHESF,Transmissão,Masculino,46,10 a 15 anos,Quinta - feira,2,12,2021,12:00- 13:00,Empresa,Equipe,Campina Grande,PB,SE Campina Grande,-7.2666599999999999,-35.908340000000003,VP Operações e Segurança,Operações,Superintendência Regional Norte,Departamento de Operação Regional de Natal,Divisão Regional de Manutenção da Transmissão de Campina Grande,44242,44252,10,0,Não,,44242,Ferramenta Manual,Fratura,Mão Esquerda,Médio,13,Médio,8 - Veículos e Equipamentos Móveis,Uso de Escada Extensível,Falta de atenção,,,,,,,44532,
1,Terceiro,Típico com afastamento,,Sim,Eletrobras,Transmissão,Masculino,42,6 meses a 1 ano,Terça- feira,12,1,2021,16:00 - 17:00,Empresa,Individual,Campinas,SP,SE Campinas,-23.70467781,-46.278789750000001,VP Operações e Segurança,Operações,Terceiro,Terceiro,Terceiro,,,3,0,Não,3,44209,Atingido por (pontos agudos ou cortantes),"Laceração, Corte",Coluna,Médio,16,Médio,11 - Não se Aplica,,,,,,,,,44208,
1,Próprio,Típico com afastamento,,Sim,Eletrobras,Transmissão,Masculino,49,Acima de 10 anos,Quarta - feira,28,4,2021,10:00 - 11:00,Empresa,Dupla,Campinas,SP,SE Campinas,-22.760770325500001,-47.010342365,VP Operações e Segurança,Operações,PS.O - SUP DE PRODUÇÃO SUDESTE,DRL.O,DOCG.O,,,2,0,Não,2,44316,Queimadura,"Laceração, Corte",Mão Direita,Médio,17,Médio,11 - Não se Aplica,,,,,,,,,44314,
1,Próprio,Típico sem afastamento,,Sim,Eletrobras,Transmissão,Masculino,56,Acima de 10 anos,Segunda - feira,27,9,2021,14:00 - 15:00,Empresa,Individual,Campinas,SP,SE Campinas,-22.777032550000001,-47.020342364999998,VP Suprimentos e Serviços,VSS,CS.G - SUP COORD REGIONAL CSC SUDESTE,CSL.G,CSLS.G,,,0,0,Não,0,44518,Queimadura,Queimadura Química,Cabeça,Baixo,21,Baixo,11 - Não se Aplica,,,,,,,,,44466,
1,Próprio,Típico com afastamento,,Sim,Eletrobras,Transmissão,Masculino,47,3 a 6 anos,Segunda - feira,9,11,2021,13:00 - 14:00,Empresa,Equipe,Campinas,SP,SE Campinas,-22.797703254999998,-47.034236499999999,VP Operações e Segurança,Operações,PS.O - SUP DE PRODUÇÃO SUDESTE,DRL.O,DOCG.O,,,51,0,Não,51,44557,Transporte manual de carga,Lesão,Tórax,Médio,16,Médio,11 - Não se Aplica,,,,,,,,,44509,
1,Próprio,Típico com afastamento,,Sim,CGT Eletrosul,Geração - Hidráulica,Masculino,49,Acima de 10 anos,Quarta - feira,7,7,2021,09:00 - 10:00,Empresa,Equipe,Campo Grande,MS,SE Campo Grande,-20.525939699999999,-59.846092800000001,VP Operações e Segurança,Operações,DOS,DVOS,COSEE,,,24,0,Não,0,,Transporte manual de carga,Fratura,Mão Esquerda,Médio,13,Médio,2 - Percepção de Risco,Sistêmica ,Humana,Sistêmica ,,,,,,44384,
1,Próprio,Trajeto com afastamento,,Sim,Eletrobras,Transmissão,Masculino,> 60,6 a 10 anos,Terça- feira,9,2,2021,17:00 - 18:00,Via pública,Individual,Campos dos Goytacazes,RJ,Via Pública,-21.720028129999999,-41.337705020000001,VP Operações e Segurança,Operações,PS.O - SUP DE PRODUÇÃO SUDESTE,DRV.O,DOCM.O,,,65,0,Não,65,44259,Moto - Queda,Fratura,Perna Direita,Médio,9,Médio,11 - Não se Aplica,,,,,,,,,44236,
1,Próprio,Típico sem afastamento,,Sim,Eletrobras,Geração - Térmica,Masculino,45,Acima de 10 anos,Sexta-feira,25,6,2021,03:00 - 04:00,Empresa,Equipe,Campos dos Goytacazes,RJ,SE Campos,-21.744180709999998,-41.347315299999998,VP Operações e Segurança,Operações,PS.O - SUP DE PRODUÇÃO SUDESTE,DRV.O,DOCM.O,,,0,0,Não,0,44391,Eletricidade,Sem Lesões,Não se Aplica,Baixo,22,Baixo,11 - Não se Aplica,,,,,,,,,44372,
1,Próprio,Típico com afastamento,,Sim,CGT Eletrosul,Geração - Térmica,Masculino,> 60,Acima de 10 anos,Segunda - feira,4,1,2021,09:00 - 10:00,Empresa,Individual,Candiota,RS,UHE Candiota,-31.551400000000001,-53.650827999999997,VP Operações e Segurança,Operações,DT,DOGT,,,,14,0,Não,0,,Queimadura,Queimadura Térmica ,Cabeça,Médio,13,Médio,2 - Percepção de Risco,Sistêmica ,Humana,Sistêmica ,,,,,,44200,
1,Próprio,Típico com afastamento,,Sim,CGT Eletrosul,Geração - Térmica,Masculino,42,Acima de 10 anos,Domingo,19,9,2021,15:00 - 16:00,Empresa,Equipe,Candiota,RS,UHE Candiota,-31.551400000000001,-53.650827999999997,VP Operações e Segurança,Operações,DMT,DMGT,,,,13,0,Não,0,,Ferramenta Manual,Fratura,,Médio,13,Médio,2 - Percepção de Risco,Sistêmica ,Humana,Sistêmica ,,,,,,44458,
1,Próprio,Doença Ocupacional,,Sim,CGT Eletrosul,Geração - Térmica,Masculino,52,Acima de 10 anos,Terça- feira,21,9,2021,08:00 - 09:00,Empresa,Equipe,Candiota,RS,N/A,-31.551400000000001,-53.650827999999997,VP Operações e Segurança,Operações,DOT,DOCA,,,,0,0,Não,0,44461,Outros,Perda / Diminuição dos Sentidos,,Médio,13,Médio,2 - Percepção de Risco,Sistêmica ,Humana,Sistêmica ,,,,,,44460,
1,Próprio,Doença Ocupacional,,Sim,CGT Eletrosul,Geração - Térmica,Masculino,39,Acima de 10 anos,Sexta-feira,24,9,2021,08:00 - 09:00,Empresa,Equipe,Candiota,RS,N/A,-31.551400000000001,-53.650827999999997,VP Operações e Segurança,Operações,DMT,DMGT,SMELE,,,0,0,Não,0,44466,Outros,Perda / Diminuição dos Sentidos,,Médio,13,Médio,3 - Trabalho em Altura,Sistêmica ,Humana,Sistêmica ,,,,,,44463,
1,Próprio,Doença Ocupacional,,Sim,CGT Eletrosul,Geração - Térmica,Masculino,54,Acima de 10 anos,Sexta-feira,1,10,2021,08:00 - 09:00,Empresa,Equipe,Candiota,RS,N/A,-31.551400000000001,-53.650827999999997,VP Operações e Segurança,Operações,DOT,DOCT,,,,0,0,Não,0,44470,Outros,Perda / Diminuição dos Sentidos,,Médio,13,Médio,4 - Eletricidade,Sistêmica ,Humana,Sistêmica ,,,,,,44470,
1,Próprio,Doença Ocupacional,,Sim,CGT Eletrosul,Geração - Térmica,Masculino,> 60,Acima de 10 anos,Sexta-feira,1,10,2021,08:00 - 09:00,Empresa,Equipe,Candiota,RS,N/A,-31.551400000000001,-53.650827999999997,VP Operações e Segurança,Operações,DOT,DOCT,,,,0,0,Não,0,44473,Outros,Perda / Diminuição dos Sentidos,,Médio,13,Médio,5 - Espaço Confinado,Sistêmica ,Humana,Sistêmica ,,,,,,44470,
1,Próprio,Doença Ocupacional,,Sim,CGT Eletrosul,Geração - Térmica,Masculino,> 60,Acima de 10 anos,Sexta-feira,1,10,2021,08:00 - 09:00,Empresa,Equipe,Candiota,RS,N/A,-31.551400000000001,-53.650827999999997,VP Operações e Segurança,Operações,DOT,DOCA,,,,0,0,Não,0,44473,Outros,Perda / Diminuição dos Sentidos,,Médio,13,Médio,6 - Linha de Perigo,Sistêmica ,Humana,Sistêmica ,,,,,,44470,
1,Próprio,Doença Ocupacional,,Sim,CGT Eletrosul,Geração - Térmica,Masculino,> 60,Acima de 10 anos,Sexta-feira,1,10,2021,08:00 - 09:00,Empresa,Equipe,Candiota,RS,N/A,-31.551400000000001,-53.650827999999997,VP Operações e Segurança,Operações,DOT,DOCA,,,,0,0,Não,0,44473,Outros,Perda / Diminuição dos Sentidos,,Médio,13,Médio,7 - Bloqueio e Proteção,Sistêmica ,Humana,Sistêmica ,,,,,,44470,
1,Próprio,Doença Ocupacional,,Sim,CGT Eletrosul,Geração - Térmica,Masculino,45,Acima de 10 anos,Terça- feira,4,10,2021,08:00 - 09:00,Empresa,Equipe,Candiota,RS,N/A,-31.551400000000001,-53.650827999999997,VP Operações e Segurança,Operações,DOT,,,,,0,0,Não,0,44473,Outros,Perda / Diminuição dos Sentidos,,Médio,13,Médio,8 - Veículos e Equipamentos Móveis,Sistêmica ,Humana,Sistêmica ,,,,,,44473,
1,Próprio,Doença Ocupacional,,Sim,CGT Eletrosul,Geração - Térmica,Masculino,54,Acima de 10 anos,Terça- feira,4,10,2021,08:00 - 09:00,Empresa,Equipe,Candiota,RS,N/A,-31.551400000000001,-53.650827999999997,VP Operações e Segurança,Operações,DOT,DOCA,,,,0,0,Não,0,44473,Outros,Perda / Diminuição dos Sentidos,,Médio,13,Médio,9 - Trabalho a Quente,Sistêmica ,Humana,Sistêmica ,,,,,,44473,
1,Próprio,Doença Ocupacional,,Sim,CGT Eletrosul,Geração - Térmica,Masculino,49,Acima de 10 anos,Terça- feira,4,10,2021,08:00 - 09:00,Empresa,Equipe,Candiota,RS,N/A,-31.551400000000001,-53.650827999999997,VP Operações e Segurança,Operações,DOT,DOCA,,,,0,0,Não,0,44473,Outros,Perda / Diminuição dos Sentidos,,Médio,13,Médio,10 - Produtos Químicos Perigosos,Sistêmica ,Humana,Sistêmica ,,,,,,44473,
1,Próprio,Doença Ocupacional,,Sim,CGT Eletrosul,Geração - Térmica,Masculino,> 60,Acima de 10 anos,Terça- feira,4,10,2021,07:00 - 08:00,Empresa,Equipe,Candiota,RS,N/A,-31.551400000000001,-53.650827999999997,VP Operações e Segurança,Operações,DOT,DPGT,SECGE,,,0,0,Não,0,44473,Outros,Perda / Diminuição dos Sentidos,,Médio,13,Médio,11 - Não se Aplica,Sistêmica ,Humana,Sistêmica ,,,,,,44473,
1,Próprio,Típico com afastamento,,Sim,CGT Eletrosul,Transmissão,Masculino,58,Acima de 10 anos,Terça- feira,2,3,2021,15:00 - 16:00,Empresa,Equipe,Capivari de  Baixo,SC,LT Capivari de Baixo,-28.433567574000001,-48.980717912000003,VP Operações e Segurança,Operações,DMO Departamento de Operação e Apoio a  Manutenção ,RMSC,CRCAP,,,10,0,Não,0,,Outros,"Distensão, Torção",,Médio,13,Médio,2 - Percepção de Risco,Sistêmica ,Humana,,,,,,,44257,
1,Próprio,Típico com afastamento,,Sim,Eletrobras,Geração - Hidráulica,Masculino,47,Acima de 10 anos,Quarta - feira,15,9,2021,07:00 - 08:00,Empresa,Equipe,Chapada dos Guimarães,MT,UHE Manso,-14.871323220000001,-55.785568470000001,VP Operações e Segurança,Operações,PO.O - SUP DE PRODUÇÃO OESTE,DRG.O,DMEG.O,,,5,0,Não,5,44467,Escorregou/Desequilibrou,"Distensão, Torção",Pé Direito,Baixo,17,Médio,11 - Não se Aplica,,,,,,,,,44454,
1,Próprio,Quase Acidente,,Sim,CHESF,Transmissão,Masculino,> 60,40 a 50 anos,Quinta - feira,9,12,2021,10:00 - 11:00,Via pública,Individual,Igarassu,PE,Via Pública,-7.8760750000000002,-35.026000000000003,VP Operações e Segurança,Operações,Superintendência Regional Norte,Departamento de Operação Regional de Recife,Divisão Regional de Manutenção da Transmissão de Recife,,,,NA,Não,,NA,Carro - Colisão ,Sem Lesões,Não se Aplica,Baixo,9,Médio,8 - Veículos e Equipamentos Móveis,Colisão de veículos,Trânsito em estrada de terra,Ação de Terceiros,Falha na direção defensiva do condutor,,,,,44539,
1,Próprio,Típico com afastamento,,Sim,CHESF,Geração - Hidráulica,Masculino,55,30 a 35 anos,Terça- feira,21,9,2021,09:00 - 10:00,Via pública,Individual,Itapicuru,BA,Via Pública,-11.37912,-38.309240000000003,VP Operações e Segurança,Operações,Superintendência Regional Sul,Departamento de Operação Regional de Salvador,Divisão Regional de Manutenção da Transmissão de Funil,44476,44491,15,0,Não,,44476,Queda com diferença de nível,"Laceração, Corte",Pé Esquerdo,Médio,9,Médio,8 - Veículos e Equipamentos Móveis,Queda com diferença de nível,Carga mal fixada,Falha na execução,Falta de atenção,,,,,44460,
1,Terceiro,Típico com afastamento,,Sim,Eletronorte,Transmissão,Masculino,46,,Segunda - feira,20,9,2021,11:00 - 12:00,Área rural,Dupla,Itapuã do Oeste,RO,Via Pública,-9.1889299999999992,-63.185479999999998,"VP Gente, Gestão e Cultura",Outros,Superintendência de Telecomunicações,Departamento de Operação e Manutenção de Telecomunicações,-,44461,44471,10,0,Não,0,44461,Queda com diferença de nível,Lesão,Tórax,Médio,14,Baixo,3 - Trabalho em Altura,-,-,-,-,-,-,-,-,44459,
1,Próprio,Típico com afastamento,,Sim,CHESF,Transmissão,Masculino,53,15 a 20 anos,Sexta-feira,22,10,2021,14:00 - 15:00,Empresa,Equipe,Jaboatão dos Guararapes,PE,SE Recife II,-8.1146399999999996,-35.034419999999997,VP Operações e Segurança,Operações,Superintendência Regional Sul,Departamento de Operação Regional de Salvador,Divisão Regional de Manutenção da Transmissão de Camaçari,0,360,360,0,Não,,,Eletricidade,Choque Elétrico,Mão Direita,Alto,6,Alto,8 - Veículos e Equipamentos Móveis,Choque elétrico,Contato com equipamento energizado,Ernergização de equipamento,Falha na execução,Falha na liberação,Falha na supervisão,Falha no procedimento,,44491,
1,Próprio,Típico com afastamento,,Sim,CHESF,Transmissão,Masculino,36,10 a 15 anos,Sexta-feira,22,10,2021,14:00 - 15:00,Empresa,Equipe,Jaboatão dos Guararapes,PE,SE Recife II,-8.1146399999999996,-35.034419999999997,VP Operações e Segurança,Operações,Superintendência Regional Sul,Departamento de Operação Regional de Salvador,Divisão Regional de Manutenção da Transmissão de Camaçari,44551,44566,15,0,Não,,44551,Eletricidade,Outros,Cabeça,Médio,12,Médio,8 - Veículos e Equipamentos Móveis,Ação de terceiros,Condição insegura,Falha na execução,Falha na liberação,Falha na supervisão,Falha no procedimento,,,44491,
1,Próprio,Típico sem afastamento,,Sim,CHESF,Transmissão,Masculino,44,15 a 20 anos,Quinta - feira,11,11,2021,13:00 - 14:00,Empresa,Equipe,Jaboatão dos Guararapes,PE,SE Recife II,-8.1146399999999996,-35.034419999999997,VP Operações e Segurança,Operações,Superintendência Regional Norte,Departamento de Operação Regional de Recife,Divisão Regional de Manutenção da Transmissão de Recife,,,,0,Não,,NA,,, ,Médio,12,Médio,8 - Veículos e Equipamentos Móveis,Líquido inflamável em atividade ao potencial,Indução elétrica,centelhamento de origem elétrica,Combustão,Falha na execução,,,,44511,
1,Próprio,Típico com afastamento,,Sim,Eletronorte,Transmissão,Masculino,59,Acima de 10 anos,Domingo,17,10,2021,17:00 - 18:00,Empresa,Equipe,Ji-Paraná,RO,SE Ji-Paraná,-10.91015,-61.907339999999998,VP Operações e Segurança,Operações,Superintendência de Produção da Transmissão,Departamento Regional de Produção e Trasmissão do Acre e Rondônia,Divisão de Produção da Transmissão de Jí-Paraná,44764,44766,2,0,Não,0,44764,Golpeado por (atingido por objeto em movimento),Traumatismo,Cabeça,Médio,14,Baixo,2 - Percepção de Risco,Falha na utilização de EPI,Ausência de detalhamento da atividade,-,-,-,-,-,-,44486,
1,Próprio,Típico com afastamento,,Sim,Eletronorte,Geração - Térmica,Masculino,42,Acima de 10 anos,Sábado,17,7,2021,09:00 - 10:00,Empresa,Dupla,Manaus,AM,UTE Mauá,-3.1465999999999998,-59.959919999999997,VP Operações e Segurança,Operações,Superintendência de Produção da Geração Térmica,Departamento de O&M da UTE MAUÁ 3,Divisão de Manutenção da UTE MAUÁ 3,44396,44408,12,0,Não,0,44396,Queimadura,Queimadura Térmica ,Perna Esquerda,Médio,8,Alto,2 - Percepção de Risco,Falta de treinamento,Manutenção do equipamento ineficiênte,Método de manutenção inadequado,-,-,-,-,-,44394,
1,Próprio,Típico com afastamento,,Sim,Eletronorte,Geração - Térmica,Masculino,49,Acima de 10 anos,Segunda - feira,19,7,2021,14:00 - 15:00,Empresa,Dupla,Manaus,AM,UTE Mauá,-3.1294599999999999,-60.032530000000001,VP Operações e Segurança,Operações,Superintendência de Produção da Geração Térmica,Departamento de O&M da UTE Aparecida e Usinas a Motores de Combustão,Divisão de O&M da UTE Aparecida,44404,44419,15,0,Não,0,44404,Golpeado por (atingido por objeto em movimento),Esmagamento,Mão Direita,Alto,9,Médio,2 - Percepção de Risco,Material inadequado,Urgência em normalização,Baixa persepção de risco,Ferramentas inadequadas,-,-,-,-,44396,
1,Próprio,Típico com afastamento,,Sim,CHESF,Transmissão,Masculino,54,20 a 25 anos,Terça- feira,25,5,2021,15:00 - 16:00,Empresa,Equipe,Messias,AL,Se Messias,-9.4013200000000001,-35.841810000000002,VP Operações e Segurança,Operações,Superintendência Regional Norte,Departamento de Operação Regional de Recife,Divisão Regional de Operação de Instalações de Recife,44364,44367,3,0,Não,,44364,Outros,Fratura,Mão Esquerda,Médio,13,Médio,8 - Veículos e Equipamentos Móveis,Prensamento de membro,Falta de equipamentos,Condição insegura,Falha na execução,,,,,44341,
1,Próprio,Típico sem afastamento,Sim,Sim,CHESF,Geração - Hidráulica,Masculino,42,15 a 20 anos,Sexta-feira,16,7,2021,15:00 - 16:00,Via pública,Individual,Messias,AL,Via Pública,-9.3587900000000008,-35.838329999999999,VP Operações e Segurança,Operações,Superintendência Regional Sul,Departamento de Operação Regional de Sobradinho,Divisão Regional de Manutenção da Transmissão de Sobradinho,44397,44397,0,0,Não,,44397,Outros,"Escoriação, Abrasão",Braço Esquerdo,Alto,4,Alto,8 - Veículos e Equipamentos Móveis,Capotamento de veículo,Trânsito em rodovias,Falha na direão defensiva do condutor,,,,,,44393,
1,Terceiro,Típico com afastamento,,Sim,Eletrobras,Geração - Hidráulica,Masculino,44,6 meses a 1 ano,Sábado,7,8,2021,16:00 - 17:00,Empresa,Dupla,Minaçu,GO,SE Minaçu,-13.82923521,-48.305797779999999,VP Operações e Segurança,Operações,PO.O - SUP DE PRODUÇÃO OESTE,DRB.O,DMEB.O,,,14,0,Não,14,44426,Escada - Queda,Fratura,Pé Direito,Médio,17,Médio,11 - Não se Aplica,,,,,,,,,44415,
1,Próprio,Típico com afastamento,,Sim,Eletrobras,Transmissão,Masculino,55,Acima de 10 anos,Quarta - feira,24,11,2021,14:00 - 15:00,Empresa,Individual,Mogi das Cruzes,SP,SE Mogi das Cruzes,-23.510393130000001,-46.160966496999997,VP Operações e Segurança,Operações,PS.O - SUP DE PRODUÇÃO SUDESTE,DRL.O,DMES.O,,,12,0,Não,12,44697,Escorregou/Desequilibrou,"Distensão, Torção",Perna Direita,Médio,13,Médio,11 - Não se Aplica,,,,,,,,,44524,
1,Próprio,Típico com afastamento,,Sim,CHESF,Transmissão,Masculino,27,6 a 10 anos,Quinta - feira,1,4,2021,10:00 - 11:00,Empresa,Individual,Paulista,PE,SE Mirueira,-7.9551100000000003,-34.891440000000003,VP Operações e Segurança,Operações,Superintendência Regional Norte,Departamento de Operação Regional de Recife,Divisão Regional de Operação de Instalações de Recife,44295,44309,14,0,Não,,44295,Escada - Queda,Fratura,Braço Direito,Médio,13,Médio,8 - Veículos e Equipamentos Móveis,Queda com diferença de nível,Ergonomia,Equipamento inadequado para uso na atividade,Falha no planejamento,,,,,44287,
1,Próprio,Quase Acidente,,Sim,CHESF,Transmissão,Masculino,> 60,40 a 50 anos,Terça- feira,12,1,2021,09:00 - 10:00,Empresa,Individual,Paulo Afonso,BA,UHE Paulo Alfonso,-9.3986599999999996,-38.203119999999998,VP Operações e Segurança,Operações,Superintendência Regional Sul,Departamento de Operação Regional de Paulo Afonso,"Divisão Regional de Telecomunicações, Proteção e Automação de Paulo Afonso",,,,NA,Não,,NA,Queimadura,Queimadura Térmica ,Mão Direita,Baixo,21,Baixo,8 - Veículos e Equipamentos Móveis,Contato em condutor elétrico após curto-circuito,Falta de EPI,,,,,,,44208,
1,Próprio,Típico com afastamento,,Sim,CHESF,Adm,Masculino,54,35 a 40 anos,Quarta - feira,22,12,2021,08:00 - 09:00,Empresa,Equipe,Paulo Afonso,BA,UHE Paulo Alfonso,-9.3977500000000003,-38.202300000000001,VP Suprimentos e Serviços,VSS,Superintendência de Coordenação Regional do CSC Nordeste,Departamento de Logística do CSC,Divisão de Operações Logísticas Almoxarifado Paulo Afonso,44553,44555,2,0,Não,,44553,Ferramenta Manual,"Laceração, Corte",Mão Esquerda,Baixo,9,Médio,8 - Veículos e Equipamentos Móveis,Laceração em membros,Falta de atenção,Falta de EPI,,,,,,44552,
1,Próprio,Típico sem afastamento,,Sim,Eletrobras,Transmissão,Masculino,45,Acima de 10 anos,Quarta - feira,27,10,2021,16:00 - 17:00,Empresa,Individual,Pindamonhangaba,SP,Via Pública,-22.955500950000001,-43.191663320000004,VP Operações e Segurança,Operações,SO.O,DPH.O,DPH.O,,,0,0,Não,0,,Queda mesmo nível,Outros,Tórax,Baixo,24,Baixo,11 - Não se Aplica,,,,,,,,,44496,
1,Próprio,Típico com afastamento,,Sim,CHESF,Transmissão,Masculino,> 60,40 a 50 anos,Quarta - feira,28,7,2021,08:00 - 09:00,Empresa,Equipe,Piripiri,PI,SE Piripiri,-4.2852300000000003,-41.754820000000002,VP Operações e Segurança,Operações,Superintendência Regional Norte,Departamento de Operação Regional de Teresina,Divisão Regional de Manutenção da Transmissão de Teresina,44406,44416,10,0,Não,,44406,Eletricidade,Queimadura Arco-elétrico,Braço Direito,Alto,12,Médio,8 - Veículos e Equipamentos Móveis,Arco elétrico,Distância de Segurança,Equipamento energizao,Falha na exeução,Falta de atenção,Falha na Supervsão,,,44405,
1,Próprio,Típico com afastamento,,Sim,Eletronorte,Transmissão,Masculino,39,Acima de 10 anos,Domingo,24,10,2021,13:00 - 14:00,Empresa,Equipe,Porto Velho,RO,SE Porto Velho,-8.750705,-63.901356,VP Operações e Segurança,Operações,Superintendência de Produção da Transmissão,Departamento Regional de Produção e Trasmissão do Acre e Rondônia,Divisão de Produção da Transmissão de Jí-Paraná,44575,44813,238,0,Não,0,44575,Queimadura,Queimadura Arco-elétrico,Não se Aplica,Alto,4,Alto,4 - Eletricidade,Avanço na distância de segurança,Ausência de detalhamento da atividade,Falha de comunicação,Falha na utilização de EPI,-,-,-,-,44493,
1,Próprio,Típico com afastamento,,Sim,Eletronorte,Transmissão,Masculino,44,Acima de 10 anos,Domingo,24,10,2021,13:00 - 14:00,Empresa,Equipe,Porto Velho,RO,SE Porto Velho,-8.7305705000000007,-63.931356000000001,VP Operações e Segurança,Operações,Superintendência de Produção da Transmissão,Departamento Regional de Produção e Trasmissão do Acre e Rondônia,Divisão de Produção da Transmissão de Jí-Paraná,44575,44608,33,0,Não,0,44575,Queimadura,Queimadura Arco-elétrico,Não se Aplica,Alto,4,Alto,4 - Eletricidade,Avanço na distância de segurança,Ausência de detalhamento da atividade,Falha de comunicação,Falha na utilização de EPI,-,-,-,-,44493,
1,Próprio,Trajeto com afastamento,,Sim,Eletronorte,Transmissão,Feminino,46,Acima de 10 anos,Domingo,24,10,2021,13:00 - 14:00,Empresa,Equipe,Porto Velho,RO,SE Porto Velho,-8.7415704999999999,-63.921356000000003,VP Operações e Segurança,Operações,Superintendência de Produção da Transmissão,Departamento Regional de Produção e Trasmissão do Acre e Rondônia,Divisão de Produção da Transmissão de Jí-Paraná,44575,44582,7,0,Não,0,44575,Queda mesmo nível,Outros,Não se Aplica,Baixo,4,Alto,4 - Eletricidade,Avanço na distância de segurança,Ausência de detalhamento da atividade,Falha de comunicação,Falha na utilização de EPI,-,-,-,-,44493,
1,Próprio,Quase Acidente,,Sim,CHESF,Adm,Masculino,59,35 a 40 anos,Segunda - feira,19,4,2021,07:00 - 08:00,Empresa,Individual,Recife,PE,Sede Recife,-8.0655099999999997,-34.930709999999998,"VP Gente, Gestão e Cultura",Outros,Superintendência de Planejamento e Controle Econômico-Financeiro ,Departamento de Controladoria,,,,,NA,Não,,NA,Queda mesmo nível,Sem Lesões,Não se Aplica,Baixo,17,Baixo,8 - Veículos e Equipamentos Móveis,Piso molhado,Queda de mesmo nível,,,,,,,44305,
1,Próprio,Típico com afastamento,,Sim,CHESF,Expansão,Feminino,40,15 a 20 anos,Quarta - feira,9,6,2021,15:00 - 16:00,Empresa,Individual,Recife,PE,Sede Recife,-8.0654400000000006,-34.930109999999999,VP Engenharia de Expansão,Engenharia,-,-,,44364,44366,2,0,Não,,44364,Queda mesmo nível,"Distensão, Torção",Perna Direita,Baixo,17,Baixo,8 - Veículos e Equipamentos Móveis,Queda de mesmo nível,Falta de atenção,,,,,,,44356,
1,Próprio,Quase Acidente,,Sim,CHESF,Expansão,Feminino,59,15 a 20 anos,Terça- feira,24,8,2021,15:00 - 16:00,Empresa,Individual,Recife,PE,Sede Recife,-8.0654400000000006,-34.930109999999999,VP Engenharia de Expansão,Engenharia,Superintendência de Planejamento da Expansão e Meio Ambiente,Departamento de Meio Ambiente de Exploração,,,,,NA,Não,,NA,Queda mesmo nível,Sem Lesões,Não se Aplica,Baixo,13,Médio,8 - Veículos e Equipamentos Móveis,Piso molhado,Falta de atenção,Falta de sinalização,,,,,,44432,
1,Próprio,Típico sem afastamento,,Sim,CHESF,Adm,Feminino,> 60,30 a 35 anos,Sexta-feira,10,9,2021,09:00 - 10:00,Via pública,Individual,Recife,PE,SE Bongi,-8.0655099999999997,-34.930709999999998,VP Operações e Segurança,Operações,"Superintendência de Telecomunicações, Proteção e Automação",Departamento de Sistemas de Proteção,,44453,44453,0,0,Não,,44453,Queda mesmo nível,"Escoriação, Abrasão",Perna Direita,Baixo,13,Médio,8 - Veículos e Equipamentos Móveis,Queda de mesmo nível,Piso irregular,Falta de atenção,,,,,,44449,
1,Próprio,Típico com afastamento,,Sim,CHESF,Expansão,Feminino,52,15 a 20 anos,Terça- feira,16,11,2021,08:00 - 09:00,Empresa,Individual,Recife,PE,Sede Recife,-8.0654400000000006,-34.930109999999999,VP Engenharia de Expansão,Engenharia,Superintendência de Gestão Ambiental,Departamento de Licenciamento Ambiental,,44553,44558,5,0,Não,,44553,Outros,Fratura,Pé Direito,Médio,13,Médio,8 - Veículos e Equipamentos Móveis,Impacto contra objeto parado,Falta de atenção,Arranjo Físico,,,,,,44516,
1,Próprio,Trajeto sem afastamento,,Sim,CHESF,Transmissão,Masculino,45,15 a 20 anos,Sexta-feira,19,11,2021,18:00 - 19:00 ,Empresa,Individual,Recife,PE,SE Bongi,-8.0637699999999999,-34.927500000000002,VP Suprimentos e Serviços,VSS,Superintendência de Coordenação Regional do CSC Nordeste,Departamento de Infraestrutura e Serviços Gerais do CSC,Divisão de Gestão de Frotas e Viagens e de Segurança Patrimonial,44645,44645,0,0,Não,,44645,Queda com diferença de nível,, ,Médio,9,Médio,8 - Veículos e Equipamentos Móveis,Transitar sobre canaletas,Falta de atenção,,,,,,,44519,
1,Próprio,Típico sem afastamento,,Sim,CHESF,Transmissão,Feminino,> 60,40 a 50 anos,Sexta-feira,10,12,2021,13:00 - 14:00,Via pública,Individual,Recife,PE,Via Pública,-8.0635899999999996,-34.930489999999999,VP Operações e Segurança,Operações,"Superintendência de Telecomunicações, Proteção e Automação",Departamento de Sistemas de Proteção,,44911,44911,0,0,Não,,44911,Queda mesmo nível,"Escoriação, Abrasão",Mão Direita,Baixo,17,Baixo,8 - Veículos e Equipamentos Móveis,Queda de mesmo nível,Piso irregular,Falta de atenção,,,,,,44540,
1,Próprio,Típico com afastamento,,Sim,Eletrobras,Geração - Térmica,Masculino,58,Acima de 10 anos,Terça- feira,28,9,2021,19:00 - 20:00,Empresa,Equipe,Rio de Janeiro,RJ,Via Pública,-22.914667340000001,-43.764937060000001,VP Operações e Segurança,Operações,PS.O - SUP DE PRODUÇÃO SUDESTE,DRR.O,DMER.O,,,2,0,Não,2,44559,Queda com diferença de nível,"Escoriação, Abrasão",Não se Aplica,Médio,17,Médio,11 - Não se Aplica,,,,,,,,,44467,
1,Próprio,Típico com afastamento,,Sim,Eletrobras,Adm,Masculino,60,3 a 6 anos,Quarta - feira,13,10,2021,12:00- 13:00,Cliente,Individual,Rio de Janeiro,RJ,EBM,-22.955500950000001,-43.191663320000004,VP Suprimentos e Serviços,VSS,CS.G - SUP COORD REGIONAL CSC SUDESTE,CSI.G,CSRJ.G,,,2,0,Não,2,44557,"Golpeado contra (correndo em direção, tropeçando em)","Escoriação, Abrasão",Perna Direita,Baixo,17,Médio,11 - Não se Aplica,,,,,,,,,44482,
1,Próprio,Trajeto sem afastamento,,Sim,Eletrobras,Transmissão,Feminino,46,6 a 10 anos,Sexta-feira,10,12,2021,09:00 - 10:00,Via pública,Individual,Rio de Janeiro,RJ,Via Pública,-22.927284390000001,-43.264931789999999,VP Operações e Segurança,Operações,TL.O - SUP DE TELECOMUNICACOES,DSC.O,DSC.O,,,0,0,Não,0,44545,Golpeado por (atingido por objeto em movimento),Traumatismo,Não se Aplica,Baixo,21,Baixo,11 - Não se Aplica,,,,,,,,,44540,
1,Próprio,Típico sem afastamento,,Sim,CHESF,Transmissão,Masculino,38,6 a 10 anos,Terça- feira,23,3,2021,11:00 - 12:00,Empresa,Individual,Rio Largo,AL,SE Rio Largo,-9.5035000000000007,-35.837870000000002,VP Operações e Segurança,Operações,Superintendência Regional Norte,Departamento de Operação Regional de Recife,Divisão Regional de Manutenção da Transmissão de Maceió,44308,44308,0,0,Não,,44308,Eletricidade,Outros,Cabeça,Baixo,13,Médio,8 - Veículos e Equipamentos Móveis,Impacto sofrido contra objeto parado,Falta de EPI,Falta de Atenção,,,,,,44278,
1,Próprio,Típico com afastamento,,Sim,CHESF,Transmissão,Masculino,55,30 a 35 anos,Terça- feira,6,7,2021,13:00 - 14:00,Empresa,Individual,Rio Largo,AL,SE Rio Largo,-9.5035000000000007,-35.837870000000002,VP Operações e Segurança,Operações,Superintendência regional Sul,Departamento de Operação Regional de Paulo Afonso,Divisão Regional de Manutenção da Transmissão de Paulo Afonso,44384,44386,2,0,Não,,44384,Outros,"Laceração, Corte",Face,Médio,17,Baixo,8 - Veículos e Equipamentos Móveis,Contato ou Exposição a partículas ,,,,,,,,44383,
1,Terceiro,Trajeto sem afastamento,,Sim,Eletronorte,Transmissão,Masculino,49,,Terça- feira,22,6,2021,13:00 - 14:00,Empresa,Individual,Rondonópolis,MT,SE Rondonópolis,-16.463720500000001,-54.519916000000002,VP Suprimentos e Serviços,VSS,Superintendência de Coordenação Regional do CSC Norte,-,-,,,,0,Não,0,44378,Animal,Outros,Mão Direita,Baixo,18,Baixo,2 - Percepção de Risco,-,-,-,-,-,-,-,-,44369,
1,Próprio,Quase Acidente,Sim,Sim,CHESF,Geração - Hidráulica,Masculino,56,35 a 40 anos,Quinta - feira,4,2,2021,15:00 - 16:00,Via pública,Individual,Santa Rita de Cássia,PB,Via Pública,-6.9748659999999996,-35.081992,VP Operações e Segurança,Operações,"Superintendência de Telecomunicações, Proteção e Automação",Departamento de Sistemas de Automação,-,,,,NA,Não,,NA,Carro - Colisão ,Sem Lesões,Não se Aplica,Baixo,4,Alto,8 - Veículos e Equipamentos Móveis,Colisão de veículos,Trânsito em rodovias,Ação de Terceiros,,,,,,44231,
1,Terceiro,Típico com afastamento,,Sim,Eletrobras,Expansão,Masculino,21,6 meses a 1 ano,Sábado,23,1,2021,09:00 - 10:00,Área rural,Equipe,São Bernardo do Campo,SP,LT,-23.943513447299999,-49.123220586000002,VP Engenharia de Expansão,Engenharia,Terceiro,Terceiro,Terceiro,,,281,0,Não,281,44221,Animal,Outros,Mão Direita,Alto,5,Alto,11 - Não se Aplica,,,,,,,,,44219,
1,Terceiro,Típico com afastamento,,Sim,Eletrobras,Expansão,Feminino,49,6 meses a 1 ano,Domingo,8,8,2021,17:00 - 18:00,Empresa,Individual,São Bernardo do Campo,SP,SE Tijuco Preto,-23.710467780999998,-46.278789750000001,VP Engenharia de Expansão,Engenharia,Terceiro,Terceiro,Terceiro,,,114,0,Não,114,44417,Ferramenta Manual,"Laceração, Corte",Mão Esquerda,Médio,9,Médio,11 - Não se Aplica,,,,,,,,,44416,
1,Terceiro,Típico com afastamento,,Sim,Eletrobras,Expansão,Masculino,35,6 meses a 1 ano,Segunda - feira,13,9,2021,09:00 - 10:00,Área rural,Equipe,São Bernardo do Campo,SP,LT,-23.720467781,-46.290787897500003,VP Engenharia de Expansão,Engenharia,Terceiro,Terceiro,Terceiro,,,46,0,Não,46,44473,Golpeado por (atingido por objeto em movimento),Fratura,Pé Direito,Médio,12,Médio,11 - Não se Aplica,,,,,,,,,44452,
1,Próprio,Típico com afastamento,,Sim,CGT Eletrosul,Transmissão,Masculino,50,Acima de 10 anos,Terça- feira,16,3,2021,10:00 - 11:00,Empresa,Equipe,São José,SC,SE Sertão Maruim,-27.590834579999999,-48.617223099999997,VP Operações e Segurança,Operações,DMO Departamento de Operação e Apoio a  Manutenção ,RMSC,SMCSC,,,3,0,Não,0,,Outros,Lesão,,Médio,13,Médio,2 - Percepção de Risco,Sistêmica ,Humana,,,,,,,44271,
1,Terceiro,Típico com afastamento,,Sim,Eletrobras,Melhoria,Masculino,49,6 meses a 1 ano,Quarta - feira,24,11,2021,10:00 - 11:00,Cliente,Equipe,São José da Barra,MG,UHE Furnas,-20.683084139999998,-46.330865500000002,VP Operações e Segurança,Operações,EM.O,DES.O,DEAM.O,,,15,0,Não,15,44525,Golpeado por (atingido por objeto em movimento),Luxação,Coluna,Médio,13,Médio,11 - Não se Aplica,,,,,,,,,44524,
1,Terceiro,Típico com afastamento,,Sim,Eletrobras,Melhoria,Masculino,39,6 meses a 1 ano,Segunda - feira,29,11,2021,10:00 - 11:00,Cliente,Equipe,São José da Barra,MG,UHE Furnas,-20.663084139999999,-46.313086550000001,VP Operações e Segurança,Operações,EM.O,DES.O,DEAM.O,,,5,0,Não,5,44533,Ferramenta Manual,"Escoriação, Abrasão",Mão Esquerda,Médio,17,Médio,11 - Não se Aplica,,,,,,,,,44529,
1,Próprio,Típico com afastamento,,Sim,Eletrobras,Transmissão,Masculino,> 60,Acima de 10 anos,Quinta - feira,21,10,2021,13:00 - 14:00,Via pública,Equipe,São Paulo,SP,Via Pública,-23.503931300000001,-46.169664969999999,VP Operações e Segurança,Operações,PS.O - SUP DE PRODUÇÃO SUDESTE,DRL.O,DOTM.O,,,10,0,Não,10,,Carro - Colisão ,Lesão,Não se Aplica,Médio,17,Médio,11 - Não se Aplica,,,,,,,,,44490,
1,Próprio,Típico com afastamento,,Sim,CHESF,Geração - Hidráulica,Masculino,> 60,40 a 50 anos,Sábado,20,2,2021,09:00 - 10:00,Empresa,Equipe,Sobradinho,BA,UHE Sobradinho,-9.4327100000000002,-40.828270000000003,VP Operações e Segurança,Operações,Superintendência Regional Sul,Departamento de Operação Regional de Sobradinho,Divisão Regional de Manutenção Eletromecânica da Usina de Sobradinho,44258,44348,90,0,Não,,44258,Queda com diferença de nível,Fratura,Tórax,Médio,6,Alto,8 - Veículos e Equipamentos Móveis,Falta de sinalização delimitadora,Falta de Atenção,,,,,,,44247,
1,Próprio,Quase Acidente,,Sim,CHESF,Transmissão,Masculino,53,15 a 20 anos,Segunda - feira,16,8,2021,10:00 - 11:00,Área rural,Equipe,Sobral,CE,LT,-3.7057099999999998,-40.44191,VP Operações e Segurança,Operações,Superintendência Regional Sul,Departamento de Operação Regional de Paulo Afonso,Divisão Regional de Manutenção da Transmissão de Paulo Afonso,,,,NA,Não,,NA,Queda mesmo nível,Lesão,Mão Direita,Baixo,21,Baixo,8 - Veículos e Equipamentos Móveis,Transposição de cerca,Queda com diferença de nível,Condição insegura,,,,,,44424,
1,Próprio,Típico com afastamento,,Sim,CHESF,Transmissão,Masculino,55,30 a 35 anos,Quinta - feira,2,12,2021,09:00 - 10:00,Empresa,Equipe,Sobral,CE,SE Sobral II,-3.6997599999999999,-40.38214,VP Operações e Segurança,Operações,Superintendência Regional Norte,Departamento de Operação Regional de Fortaleza,Divisão Regional de Manutenção da Transmissão de Fortaleza,44551,44566,15,0,Não,,44551,Outros,Outros,Braço Direito,Médio,12,Médio,8 - Veículos e Equipamentos Móveis,Esforço físico,Postura,,,,,,,44532,
1,Próprio,Típico com afastamento,,Sim,CGT Eletrosul,Transmissão,Masculino,30,6 a 10 anos,Terça- feira,5,1,2021,10:00 - 11:00,Empresa,Equipe,Tapera,RS,Via Pública,-28.62,-52.88,VP Operações e Segurança,Operações,DMO Departamento de Operação e Apoio a  Manutenção ,RMOE,SMCOE,,,12,0,Não,0,,Queda mesmo nível,"Distensão, Torção",Pé Direito,Médio,13,Médio,3 - Trabalho em Altura,Sistêmica ,Humana,Sistêmica ,,,,,,44201,
1,Próprio,Típico sem afastamento,,Sim,CHESF,Adm,Masculino,> 60,40 a 50 anos,Terça- feira,14,9,2021,09:00 - 10:00,Empresa,Individual,Teresina,PI,SE Teresina ,-5.12622,-42.800330000000002,VP Operações e Segurança,Operações,Superintendência Regional Norte,Departamento de Operação Regional de Teresina,"Divisão Regional de Telecomunicações, Proteção e Automação de Teresina",44512,44512,0,0,Não,,44512,Golpeado por (atingido por objeto em movimento),"Laceração, Corte",Pé Esquerdo,Baixo,18,Baixo,8 - Veículos e Equipamentos Móveis,Queda de objeto inadvertidamente,Ação de terceiros,Condição insegura,,,,,,44453,
1,Próprio,Típico com afastamento,,Sim,CHESF,Transmissão,Masculino,53,15 a 20 anos,Terça- feira,5,10,2021,09:00 - 10:00,Empresa,Equipe,Teresina,PI,SE Teresina ,-5.1273999999999997,-42.80059,VP Operações e Segurança,Operações,Superintendência Regional Norte,Departamento de Operação Regional de Teresina,Divisão Regional de Manutenção da Transmissão de Teresina,44512,44515,3,0,Não,,44512,Queda mesmo nível,Luxação,Coluna,Baixo,9,Médio,8 - Veículos e Equipamentos Móveis,Queda com diferença de nível,Falta de atenção,Condição insegura,,,,,,44474,
1,Próprio,Típico com afastamento,,Sim,CHESF,Transmissão,Masculino,44,20 a 25 anos,Segunda - feira,11,10,2021,13:00 - 14:00,Empresa,Individual,Teresina,PI,SE Teresina ,-5.1273999999999997,-42.80059,VP Operações e Segurança,Operações,Superintendência Regional Norte,Departamento de Operação Regional de Teresina,Divisão Regional de Operação de Instalações de Teresina,44539,44629,90,0,Não,,44539,Queda mesmo nível,Fratura,Perna Esquerda,Alto,9,Médio,8 - Veículos e Equipamentos Móveis,Queda de mesmo nível,Falta de atenção,,,,,,,44480,
1,Próprio,Típico com afastamento,,Sim,CGT Eletrosul,Transmissão,Masculino,54,Acima de 10 anos,Quinta - feira,8,7,2021,08:00 - 09:00,Empresa,Equipe,Tijucas,SC,N/A,-27.235309600000001,-48.675205400000003,VP Operações e Segurança,Operações,DMO Departamento de Operação e Apoio a  Manutenção ,RMSC,SMCSC,,,10,0,Não,0,44434,Queda com diferença de nível,"Escoriação, Abrasão",,Baixo,6,Baixo,2 - Percepção de Risco,Humana,,,,,,,,44385,
1,Terceiro,Típico com afastamento,,Sim,Eletrobras,Transmissão,Masculino,45,6 meses a 1 ano,Sábado,30,1,2021,14:00 - 15:00,Empresa,Equipe,Tijuco Preto,SP,SE Tijuco Preto,-23.70467781,-46.278789750000001,VP Operações e Segurança,Operações,PS.O - SUP DE PRODUÇÃO SUDESTE,DRL.O,DMES.O,,,10,0,Não,10,44230,Eletricidade,Choque Elétrico,Braço Esquerdo,Médio,9,Médio,11 - Não se Aplica,,,,,,,,,44226,
1,Próprio,Trajeto sem afastamento,,Sim,Eletronorte,Geração - Hidráulica,Masculino,> 60,Acima de 10 anos,Sábado,21,8,2021,15:00 - 16:00,Via pública,Dupla,Tucuruí,PA,Via Pública,-3.83196,-49.632739999999998,"VP Gente, Gestão e Cultura",Outros,Superintendência de Telecomunicações,Departamento de Operação e Manutenção de Telecomunicações,Divisão de O&M de Telecomunicações do Leste,,,,0,Não,0,44438,Carro - Colisão ,Luxação,Não se Aplica,Baixo,18,Baixo,8 - Veículos e Equipamentos Móveis,-,-,-,-,-,-,-,-,44429,
1,Próprio,Trajeto sem afastamento,,Sim,Eletronorte,Geração - Hidráulica,Masculino,> 60,Acima de 10 anos,Sábado,21,8,2021,15:00 - 16:00,Via pública,Dupla,Tucuruí,PA,Via Pública,-3.8231959999999998,-49.642740000000003,"VP Gente, Gestão e Cultura",Outros,Superintendência de Telecomunicações,Departamento de Operação e Manutenção de Telecomunicações,Divisão de O&M de Telecomunicações do Leste,,,,0,Não,0,44438,Carro - Colisão ,Luxação,Cabeça,Baixo,18,Baixo,8 - Veículos e Equipamentos Móveis,-,-,-,-,-,-,-,-,44429,
1,Terceiro,Típico com afastamento,,Sim,CHESF,Melhoria,Masculino,,,Terça- feira,19,4,2022,14:00 - 15:00,Empresa,Dupla,Abreu e Lima,PE,Almoxarifado Abreu e Lima,-7.8895999999999997,-34.901940000000003,"VP Gente, Gestão e Cultura",Outros,,,,44673,44675,2,0,Não,,44673,Eletricidade,Choque Elétrico,Mão Direita,Alto,13,Médio,4 - Eletricidade,,,,,,,,,44670,
1,Terceiro,Típico com afastamento,,Sim,CHESF,Melhoria,Masculino,,,Terça- feira,19,4,2022,14:00 - 15:00,Empresa,Dupla,Abreu e Lima,PE,Almoxarifado Abreu e Lima,-7.8895999999999997,-34.901940000000003,"VP Gente, Gestão e Cultura",Outros,,,,44673,44675,2,0,Não,,44673,Eletricidade,Choque Elétrico,Mão Direita,Alto,13,Médio,4 - Eletricidade,,,,,,,,,44670,
1,Próprio,Fatalidade,,Sim,CHESF,Transmissão,Masculino,> 60,30 a 35 anos,Domingo,5,6,2022,13:00 - 14:00,Via pública,Equipe,Currais Novos,RN,Via Pública,-6.2181199999999999,-36.554400000000001,,Operações,Superintendência Regional Sul,Departamento de Operação Regional de Paulo Afonso,Divisão de Aviação de Paulo Afonso,44719,44719,0,6000,Não,,44719,Outros,Traumatismo,Partes Múltiplas,Alto,2,Crítico,8 - Veículos e Equipamentos Móveis,Condições climáticas,Baixa visibilidade,Relevo da região,,,,,,44717,
1,Próprio,Fatalidade,,Sim,CHESF,Transmissão,Masculino,35,10 a 15 anos,Domingo,5,6,2022,13:00 - 14:00,Via pública,Equipe,Currais Novos,RN,Via Pública,-6.2181199999999999,-36.554400000000001,,Operações,Superintendência Regional Norte,Departamento de Operação Regional de Natal,Divisão Regional de Manutenção da transmissão de Natal,44719,44719,0,6000,Não,,44719,Outros,Traumatismo,Partes Múltiplas,Alto,2,Crítico,8 - Veículos e Equipamentos Móveis,Condições climáticas,Baixa visibilidade,Relevo da região,,,,,,44717,
1,Próprio,Fatalidade,,Sim,CHESF,Transmissão,Masculino,52,10 a 15 anos,Domingo,5,6,2022,13:00 - 14:00,Via pública,Equipe,Currais Novos,RN,Via Pública,-6.2181199999999999,-36.554400000000001,,Operações,Superintendência Regional Norte,Departamento de Operação Regional de Natal,Divisão Regional de Manutenção da transmissão de Natal,44719,44719,0,6000,Não,,44719,Outros,Traumatismo,Partes Múltiplas,Alto,2,Crítico,8 - Veículos e Equipamentos Móveis,Condições climáticas,Baixa visibilidade,Relevo da região,,,,,,44717,
1,Terceiro,Típico com afastamento,,Sim,CGT Eletrosul,Transmissão,Masculino,19,Até 6 meses,Sexta-feira,29,7,2022,14:00 - 15:00,Empresa,Equipe,Água Clara,MS,UHSD,-20.065020000000001,-53.17689,VP Engenharia de Expansão,Engenharia,Departamento de Engenharia de Geração ,-,-,,,1,1,Não,,44775,Golpeado por (atingido por objeto em movimento),Outros,Tórax,Médio,4,Alto,2 - Percepção de Risco,-,-,-,-,-,-,-,-,44771,
1,Terceiro,Típico com afastamento,,Sim,CGT Eletrosul,Transmissão,Masculino,31,Até 6 meses,Sábado,20,8,2022,09:00 - 10:00,Empresa,Equipe,Água Clara,MS,UHSD,-20.106501999999999,-53.117688999999999,VP Engenharia de Expansão,Engenharia,Departamento de Engenharia de Geração ,-,-,,,2,2,Não,,,Golpeado por (atingido por objeto em movimento),Lesão,Cabeça,Médio,4,Alto,2 - Percepção de Risco,-,-,-,-,-,-,-,-,44793,
1,Próprio,Típico com afastamento,,Sim,Eletrobras,Transmissão,Masculino,40,Acima de 10 anos,Terça- feira,10,5,2022,10:00 - 11:00,Empresa,Individual,Anapolis,GO,N/A,-15.86198278,-48.068537460000002,VP Operações e Segurança,Operações,PO.O - SUP DE PRODUÇÃO OESTE,DRB.O,DOBR.O,,,2,0,Não,2,44735,Queda mesmo nível,Esmagamento,Pé Direito,Médio,17,Médio,11 - Não se Aplica,,,,,,,,,44691,
1,Próprio,Típico com afastamento,,Sim,Eletrobras,Transmissão,Masculino,43,Acima de 10 anos,Sábado,26,3,2022,08:00 - 09:00,Área rural,Equipe,Araporã,MG,UHE Itumbiara,-18.406912510000002,-49.098156830000001,VP Operações e Segurança,Operações,PO.O - SUP DE PRODUÇÃO OESTE,DRG.O,DMEG.O,,,4,0,Não,4,44707,Eletricidade,Choque Elétrico,Tórax,Médio,17,Médio,11 - Não se Aplica,,,,,,,,,44646,
1,Próprio,Trajeto sem afastamento,,Sim,Eletrobras,Geração - Hidráulica,Masculino,50,Acima de 10 anos,Segunda - feira,8,5,2022,23:00 - 00:00,Via pública,Individual,Barretos,SP,Via Pública,-20.125732240000001,-48.572221999999996,VP Operações e Segurança,Operações,PO.O - SUP DE PRODUÇÃO OESTE,DRT.O,DOPL.O,,,0,0,Não,0,44690,Carro - Colisão ,"Escoriação, Abrasão",Mão Esquerda,Baixo,21,Baixo,11 - Não se Aplica,,,,,,,,,44689,
1,Terceiro,Típico com afastamento,,Sim,Eletronorte,Adm,Masculino,53,,Terça- feira,15,3,2022,14:00 - 15:00,Empresa,Equipe,Belém,PA,SE Guamá,-1.4158329999999999,-48.390458199999998,VP Operações e Segurança,Operações,Superintendência de Produção da Transmissão,Departamento Regional de Produção e Transmissão do Pará,Divisão de Produção da Transmissão de Belém,44635,44640,5,0,Não,0,44635,Explosão,"Laceração, Corte",Cabeça,Médio,10,Médio,10 - Produtos Químicos Perigosos,Ruptura de cilindro,Reparo de cilindro com técnicas fora de norma,Ausência de inspeção de cilindros,-,-,-,-,-,44635,
1,Próprio,Típico com afastamento,,Sim,Eletronorte,Transmissão,Masculino,> 60,Acima de 10 anos,Terça- feira,15,3,2022,15:00 - 16:00,Empresa,Equipe,Belém,PA,SE Guamá,-1.4555833,-48.424582000000001,VP Operações e Segurança,Operações,Superintendência de Gestão de Operação de Sistema,Departamento de Gestão da Operação em Tempo Real,Divisão do Centro de Operação da Transmissão Leste,44638,44642,4,0,Não,0,44638,Explosão,"Escoriação, Abrasão",Não se Aplica,Médio,6,Alto,10 - Produtos Químicos Perigosos,Ruptura de cilindro,Reparo de cilindro com técnicas fora de norma,Ausência de inspeção de cilindros,-,-,-,-,-,44635,
1,Próprio,Típico sem afastamento,,Sim,Eletronorte,Transmissão,Masculino,55,Acima de 10 anos,Terça- feira,15,3,2022,15:00 - 16:00,Empresa,Equipe,Belém,PA,SE Guamá,-1.4358329999999999,-48.445819999999998,VP Operações e Segurança,Operações,Superintendência de Produção da Transmissão,Departamento Regional de Produção e Transmissão do Pará,Divisão de Produção da Transmissão de Belém,,,,0,Não,0,44644,Explosão,Sem Lesões,Não se Aplica,Médio,6,Alto,10 - Produtos Químicos Perigosos,Ruptura de cilindro,Reparo de cilindro com técnicas fora de norma,Ausência de inspeção de cilindros,-,-,-,-,-,44635,
1,Próprio,Típico com afastamento,,Sim,Eletronorte,Adm,Feminino,57,Acima de 10 anos,Terça- feira,15,3,2022,15:00 - 16:00,Empresa,Equipe,Belém,PA,SE Guamá,-1.4435833,-48.401581999999998,VP Operações e Segurança,Operações,Superintendência de Gestão de Pessoas,"Departamento de Saúde, Segurança e Bem-Estar no Trabalho-GPES",Divisão de Saúde e Bem-Estar no Trabalho - GPESB,45000,45002,2,0,Não,0,45000,Explosão,Sem Lesões,Não se Aplica,Médio,6,Alto,10 - Produtos Químicos Perigosos,Ruptura de cilindro,Reparo de cilindro com técnicas fora de norma,Ausência de inspeção de cilindros,-,-,-,-,-,44635,
1,Próprio,Típico com afastamento,,Sim,Eletronorte,Transmissão,Masculino,> 60,Acima de 10 anos,Terça- feira,15,3,2022,15:00 - 16:00,Empresa,Equipe,Belém,PA,SE Guamá,-1.4225833000000001,-48.434581999999999,VP Operações e Segurança,Operações,Superintendência de Produção da Transmissão,Departamento Regional de Produção e Transmissão do Pará,Divisão de Produção da Transmissão de Belém,45003,45007,4,0,Não,0,45003,Explosão,"Escoriação, Abrasão",Não se Aplica,Médio,6,Alto,10 - Produtos Químicos Perigosos,Ruptura de cilindro,Reparo de cilindro com técnicas fora de norma,Ausência de inspeção de cilindros,-,-,-,-,-,44635,
1,Próprio,Típico com afastamento,,Sim,Eletronorte,Transmissão,Masculino,> 60,Acima de 10 anos,Terça- feira,15,3,2022,15:00 - 16:00,Empresa,Equipe,Belém,PA,SE Guamá,-1.4515833,-48.414582000000003,VP Operações e Segurança,Operações,Superintendência de Produção da Transmissão,Departamento Regional de Produção e Transmissão do Pará,Divisão de Produção da Transmissão de Belém,45003,45012,9,0,Não,0,45003,Explosão,"Escoriação, Abrasão",Não se Aplica,Médio,6,Alto,10 - Produtos Químicos Perigosos,Ruptura de cilindro,Reparo de cilindro com técnicas fora de norma,Ausência de inspeção de cilindros,-,-,-,-,-,44635,
1,Próprio,Típico com afastamento,,Sim,Eletronorte,Transmissão,Masculino,56,Acima de 10 anos,Sexta-feira,2,9,2022,14:00 - 15:00,Empresa,Equipe,Belém,PA,SE Guamá,-1.475833,-48.444581999999997,VP Operações e Segurança,Operações,Superintendência de Produção da Transmissão,Departamento Regional de Produção e Transmissão do Pará,Divisão de Produção da Transmissão de Belém,44812,44817,5,0,Não,0,44812,"Golpeado contra (correndo em direção, tropeçando em)",Lesão,Pé Esquerdo,Baixo,18,Baixo,3 - Trabalho em Altura,Pouca habilidade com descensor pelo resgatista,Ausência de supervisão,-,-,-,-,-,-,44806,
1,Próprio,Típico sem afastamento,,SIM,CGT Eletrosul,Transmissão,Masculino,59,Acima de 10 anos,Quinta - feira,12,5,2022,18:00 - 19:00,Empresa,Individual,Blumenau,SC,SE Blumenau,-26.8546859,-49.254639191000003,VP Operações e Segurança,Operações,DOS,DVOS,COBLU,,,0,0,Não,0,44749,Ferramenta Manual,"Laceração, Corte",Tórax,Médio,4,Alto,2 - Percepção de Risco,Fisica,Humana,,,,,,,44693,
1,Próprio,Típico com afastamento,,Sim,Eletrobras,Adm,Masculino,52,1 a 3 anos,Sábado,5,3,2022,16:00 - 17:00,Empresa,Equipe,Brasília,DF,SE Brasília Geral,-15.86198278,-48.056853746000002,VP Suprimentos e Serviços,VSS,CS.G - SUP COORD REGIONAL CSC SUDESTE,CSI.G,CSGO.G,,,3,0,Não,3,44707,Escorregou/Desequilibrou,"Escoriação, Abrasão",Perna Direita,Baixo,21,Baixo,11 - Não se Aplica,,,,,,,,,44625,
1,Próprio,Típico com afastamento,,Sim,Eletrobras,Adm,Masculino,50,6 a 10 anos,Terça- feira,26,4,2022,10:00 - 11:00,Empresa,Individual,Brasília,DF,SE Brasília Geral,-15.8746198278,-48.068537460000002,"VP Gente, Gestão e Cultura",Outros,RH.G,DSS.G,DSSB.G,,,4,0,Não,4,44697,Queda com diferença de nível,"Distensão, Torção",Coluna,Baixo,20,Baixo,11 - Não se Aplica,,,,,,,,,44677,
1,Próprio,Típico com afastamento,,Sim,Eletronorte,Adm,Masculino,> 60,Acima de 10 anos,Quarta - feira,29,6,2022,10:00 - 11:00,Empresa,Individual,Brasília,DF,SE Brasília Geral,-15.757222000000001,-47.886000000000003,VP Suprimentos e Serviços,VSS,Superintendência de Coordenação Regional do CSC Norte,Departamento de Logística CSC,"Divisão de Operação, Logistica e Almoxerifado Regional Oeste - GSCLO",44746,44770,24,0,Não,0,44746,Queda com diferença de nível,Fratura,Tórax,Médio,14,Baixo,3 - Trabalho em Altura,Escalada indevida,Não utilização de EPI,-,-,-,-,-,-,44741,
1,Próprio,Trajeto com afastamento,,Sim,Eletronorte,Transmissão,Masculino,43,Acima de 10 anos,Segunda - feira,12,9,2022,19:00 - 20:00 ,Empresa,Individual,Brasília,DF,SE Brasília Geral,-15.772220000000001,-47.8386,VP Engenharia de Expansão,Engenharia,Superintendência de Engenharia de Transmissão,"Departamento de Proteção, Controle e Automação","Departamento de Proteção, Controle e Automação",44823,44832,9,0,Não,0,44823,Outros,Luxação,Braço Direito,Baixo,14,Baixo,8 - Veículos e Equipamentos Móveis,-,-,-,-,-,-,-,-,44816,
1,Terceiro,Típico com afastamento,,Sim,Eletrobras,Expansão,Masculino,46,6 meses a 1 ano,Quinta - feira,11,8,2022,10:00 - 11:00,Empresa,Equipe,Cachoeira Paulista,SP,SE Cachoeira Paulista,-22.630962350000001,-45.035328819999997,VP Engenharia de Expansão,Engenharia,Terceiro,Terceiro,Terceiro,,,2,0,Não,2,44788,Outros,"Distensão, Torção",Perna Direita,Baixo,17,Médio,11 - Não se Aplica,,,,,,,,,44784,
1,Terceiro,Típico com afastamento,,Sim,CHESF,Transmissão,Masculino,50,,Segunda - feira,11,7,2022,17:00 - 18:00,Via pública,Individual,Campina Grande,PB,Via Pública,-6.2181199999999999,-36.554400000000001,"VP Gente, Gestão e Cultura",Outros,,,,44754,44757,3,0,Não,,44754,Moto - Queda,Fratura,Dedo da mão Direita,Médio,9,Médio,8 - Veículos e Equipamentos Móveis,,,,,,,,,44753,
1,Terceiro,Típico sem afastamento,,Sim,CHESF,Transmissão,Masculino,50,,Segunda - feira,8,8,2022,16:00 - 17:00,Empresa,Dupla,Campina Grande,PB,SE Campina Grande II,-7.2664299999999997,-35.908200000000001,"VP Gente, Gestão e Cultura",Outros,,,,44785,44785,0,0,Não,,44785,Eletricidade,queimadura Arco-elétrico,Perna Direita,Baixo,6,Alto,8 - Veículos e Equipamentos Móveis,,,,,,,,,44781,
1,Terceiro,Típico sem afastamento,,Sim,CHESF,Transmissão,Masculino,> 60,,Segunda - feira,8,8,2022,16:00 - 17:00,Empresa,Dupla,Campina Grande,PB,SE Campina Grande II,-7.2664299999999997,-35.908200000000001,"VP Gente, Gestão e Cultura",Outros,,,,44796,44796,0,0,Não,,44796,Eletricidade,queimadura Arco-elétrico,Face,Baixo,6,Alto,8 - Veículos e Equipamentos Móveis,,,,,,,,,44781,
1,Próprio,Típico com afastamento,,Sim,CGT Eletrosul,Transmissão,Masculino,56,6 a 10 anos,Sexta-feira,18,2,2022,14:00 - 15:00,Empresa,Dupla,Campo Grande,MS,SE Campo Grande,-20.470700399999998,-54.8103506,VP Operações e Segurança,Operações,DMO Departamento de Operação e Apoio a  Manutenção ,RMMS,SMCMS,,,15,0,Não,0,44732,Queda mesmo nível,Lesão,Ombro e costas,Médio,13,Médio,2 - Percepção de Risco,Fisica,Humana,Sistêmica,,,,,,44610,
1,Próprio,Trajeto sem afastamento,,Sim,CGT Eletrosul,Transmissão,Masculino,50,Acima de 10 anos,Quinta - feira,3,11,2022,09:00 - 10:00,Via pública,Individual,Campo Grande,MS,SE Campo Grande,-20.4807004,-54.800350600000002,VP Operações e Segurança,Operações,DMO Departamento de Operação e Apoio a  Manutenção ,RMMS,SMCMS,,,0,0,Não,0,44923,Moto - Queda,"Distensão, Torção",Braço Esquerdo,Médio,13,Médio,8 - Veículos e Equipamentos Móveis,Humana,Sistemica,,,,,,,44868,
1,Terceiro,Trajeto com afastamento,,Sim,CGT Eletrosul,Transmissão,Masculino,24,Até 6 meses,Terça- feira,22,11,2022,18:00 - 19:00,Via pública,Individual,Campo Grande,RS,SE Campo Grande,-20.4807004,-54.800350600000002,"VP Gente, Gestão e Cultura",Outros,Departamento de Produtividade e Qualidade da Unidade Sul," Divisão de Gestão e Manutenção Predial, Segurança Patrimonial e de Bens Patrimoniais",Setor de Gestão de Infraestrutura e Segurança Patrimonial ,,,30,30,Não,,,Moto - Queda,Luxação,Braço Direito,Médio,4,Alto,8 - Veículos e Equipamentos Móveis,-,-,-,-,-,-,-,-,44887,
1,Próprio,Típico com afastamento,,Sim,CGT Eletrosul,Transmissão,Masculino,36,3 a 6 anos,Quarta - feira,4,5,2022,08:00 - 09:00,Empresa,Individual,Campo Mourão,PR,Linha Salto Osório,-24.074487900000001,-52.369900600000001,VP Operações e Segurança,Operações,DMO Departamento de Operação e Apoio a  Manutenção ,RMPR,CRLON,,,2,0,Não,0,44687,Transporte manual de carga,"Distensão, Torção",Pé Direito,Baixo,6,Baixo,2 - Percepção de Risco,Sistêmica ,Sistemica,Sistemica,Humana,,,,,44685,
1,Próprio,Trajeto com afastamento,,Sim,Eletrobras,Transmissão,Masculino,41,Acima de 10 anos,Segunda - feira,25,4,2022,16:00 - 17:00,Via pública,Individual,Campos dos Goytacazes,RJ,Via Pública,-21.712002813000002,-41.330770502,VP Operações e Segurança,Operações,PS.O - SUP DE PRODUÇÃO SUDESTE,DRV.O,DMLV.O,,,4,0,Não,4,44735,Queda mesmo nível,Fratura,Face,Médio,13,Médio,11 - Não se Aplica,,,,,,,,,44676,
1,Próprio,Típico com afastamento,,Sim,CGT Eletrosul,Geração - Térmica,Feminino,35,Acima de 10 anos,Quarta - feira,26,1,2022,14:00 - 15:00,Empresa,Dupla,Candiota,RS,UHE Candiota,-31.551400000000001,-53.650827999999997,VP Operações e Segurança,Operações,DOT,DOCA,Operação ,,,19,19,Não,0,44589,Queimadura,Queimadura Química,"Cabeça, pescoço, braço ",Médio,4,Alto,10 - Produtos Químicos Perigosos,Sistêmica ,Sistêmica ,Humana,,,,,,44587,
1,Próprio,Típico sem afastamento,,Sim,CGT Eletrosul,Geração - Térmica,Masculino,51,Acima de 10 anos,Sexta-feira,11,2,2022,11:00 - 12:00,Empresa,Equipe,Candiota,RS,UHE Candiota,-31.551400000000001,-53.650827999999997,VP Operações e Segurança,Operações,DMT,DMGT,SMMEC,,,0,0,Não,0,44604,Ferramenta Manual,"Escoriação, Abrasão",Mão Esquerda,Médio,13,Médio,2 - Percepção de Risco,Sistêmica ,Humana,,,,,,,44603,
1,Próprio,Típico sem afastamento,,Sim,CGT Eletrosul,Geração - Térmica,Masculino,41,Acima de 10 anos,Quarta - feira,23,2,2022,02:00 - 03:00,Empresa,Equipe,Candiota,RS,UHE Candiota,-31.551400000000001,-53.650827999999997,VP Operações e Segurança,Operações,DMT,DMGT,SMMEC,,,0,0,Não,0,44770,Ferramenta Manual,"Distensão, Torção",Braço Esquerdo,Médio,13,Médio,2 - Percepção de Risco,Sistêmica ,Humana,,,,,,,44615,
1,Próprio,Típico sem afastamento,,Sim,CGT Eletrosul,Geração - Térmica,Masculino,42,Acima de 10 anos,Domingo,27,2,2022,10:00 - 11:00,Empresa,Equipe,Candiota,RS,UHE Candiota,-31.551400000000001,-53.650827999999997,VP Operações e Segurança,Operações,DOT,DOCT,,,,0,0,Não,0,44907,Escorregou/Desequilibrou,Lesão,Não se Aplica,Médio,13,Médio,2 - Percepção de Risco,Sistêmica ,Humana,,,,,,,44619,
1,Próprio,Típico sem afastamento,,Sim,CGT Eletrosul,Geração - Térmica,Masculino,> 60,Acima de 10 anos,Quinta - feira,3,3,2022,14:00 - 15:00,Empresa,Individual,Candiota,RS,UHE Candiota,-31.551400000000001,-53.650827999999997,VP Engenharia de Expansão,Engenharia,DEA,DAUT,,,,0,0,Não,0,44662,Golpeado por (atingido por objeto em movimento),"Escoriação, Abrasão",Não se Aplica,Médio,13,Médio,2 - Percepção de Risco,Humana,,,,,,,,44623,
1,Próprio,Típico com afastamento,,Sim,CGT Eletrosul,Geração - Térmica,Masculino,49,Acima de 10 anos,Sexta-feira,17,6,2022,15:00 - 16:00,Empresa,Individual,Candiota,RS,UHE Candiota,-31.551400000000001,-53.650827999999997,VP Operações e Segurança,Operações,DMT,DMGT,SMMEC,,,5,0,Não,0,44783,Ferramenta Manual,Lesão,Coluna,Médio,12,Médio,2 - Percepção de Risco,Humana,Sistêmica ,,,,,,,44729,
1,Próprio,Típico com afastamento,,Sim,CGT Eletrosul,Geração - Térmica,Masculino,44,Acima de 10 anos,Sexta-feira,1,7,2022,15:00 - 16:00,Empresa,Individual,Candiota,RS,UHE Candiota,-31.551400000000001,-53.650827999999997,VP Operações e Segurança,Operações,DOT,DOCA,,,,10,0,Não,0,44754,Queda mesmo nível,Fratura,Mão Direita,Médio,12,Médio,2 - Percepção de Risco,Fisica,,,,,,,,44743,
1,Próprio,Típico sem afastamento,,Sim,CGT Eletrosul,Geração - Térmica,Masculino,54,Acima de 10 anos,Domingo,10,7,2022,17:00 - 18:00,Empresa,Individual,Candiota,RS,UHE Candiota,-31.551400000000001,-53.650827999999997,VP Operações e Segurança,Operações,DOT,DOCT,,,,0,0,Não,0,44770,Escorregou/Desequilibrou,"Escoriação, Abrasão",Cabeça,Médio,13,Médio,3 - Trabalho em Altura,Fisica,Humana,Sistemica,,,,,,44752,
1,Próprio,Típico com afastamento,,Sim,CGT Eletrosul,Geração - Térmica,Masculino,47,Acima de 10 anos,Sexta-feira,15,7,2022,10:00 - 11:00,Empresa,Individual,Candiota,RS,UHE Candiota,-31.551400000000001,-53.650827999999997,VP Operações e Segurança,Operações,DOT,DOCA,,,,11,0,Não,0,44769,Queda mesmo nível,"Distensão, Torção",,Médio,13,Médio,2 - Percepção de Risco,Humana,Sistêmica,,,,,,,44757,
1,Próprio,Típico sem afastamento,,Sim,CGT Eletrosul,Geração - Térmica,Feminino,35,Acima de 10 anos,Quarta - feira,28,9,2022,09:00 - 10:00,Empresa,Individual,Candiota,RS,UHE Candiota,-31.551400000000001,-53.650827999999997,VP Operações e Segurança,Operações,DOT,DPGT,SELGE,,,0,0,Não,0,44841,Escorregou/Desequilibrou,"Escoriação, Abrasão",Não se Aplica,Baixo,6,Baixo,2 - Percepção de Risco,Sistêmica ,,,,,,,,44832,
1,Próprio,Típico sem afastamento,,Sim,CGT Eletrosul,Geração - Térmica,Feminino,40,Acima de 10 anos,Segunda - feira,10,10,2022,09:00 - 10:00,Empresa,Individual,Candiota,RS,UHE Candiota,-31.551400000000001,-53.650827999999997,VP Operações e Segurança,Operações,DOT,DOCT,,,,0,0,Não,0,44665,Ferramenta Manual,"Laceração, Corte",Cabeça,Médio,13,Médio,2 - Percepção de Risco,Sistêmica ,Humana,,,,,,,44844,
1,Terceiro,Trajeto com afastamento,,Sim,CGT Eletrosul,Geração - Térmica,Feminino,40,Até 6 meses,Segunda - feira,5,6,2022,20:00 - 21:00,Via pública,Individual,Candiota ,RS,Via Pública,-31.551400000000001,-53.650827999999997,"VP Gente, Gestão e Cultura",Outros,-,-,-,,,0,0,Não,,,,,,,14,Baixo,11 - Não se Aplica,,,,,,,,,44717,
1,Terceiro,Típico com afastamento,,Sim,CGT Eletrosul,Geração - Térmica,Masculino,44,Até 6 meses,Quinta - feira,23,6,2022,14:00 - 15:00,Empresa,Equipe,Candiota ,RS,UHE Candiota,-31.551400000000001,-53.650827999999997,"VP Gente, Gestão e Cultura",Outros,-,-,-,,,0,0,Não,,,,,,,14,Baixo,11 - Não se Aplica,,,,,,,,,44735,
1,Terceiro,Típico com afastamento,,Sim,CHESF,Geração - Hidráulica,Masculino,30,,Sexta-feira,30,9,2022,15:00 - 16:00,Empresa,Dupla,Canindé de São Francisco,SE,UHE de Xingó,-9.6324000000000005,-37.79522,VP Operações e Segurança,Operações,,,,44840,44854,14,0,Não,,44840,Eletricidade,Queimadura Arco-elétrico,Braço Direito,Médio,6,Alto,8 - Veículos e Equipamentos Móveis,,,,,,,,,44834,
1,Próprio,Típico com afastamento,,Sim,CGT Eletrosul,Transmissão,Masculino,47,Acima de 10 anos,Segunda - feira,24,1,2022,10:00 - 11:00,Empresa,Dupla,Capivari de  Baixo,SC,LT Capivari de Baixo,-28.450567574000001,-48.960717912,VP Operações e Segurança,Operações,DMO Departamento de Operação e Apoio a  Manutenção ,RMSC,CRCAP,,,2,0,Não,0,44586,Queda com diferença de nível,"Laceração, Corte",Perna Direita,Médio,13,Médio,2 - Percepção de Risco,Humana,Sistêmica ,-,,,,,,44585,
1,Próprio,Típico com afastamento,,Sim,CGT Eletrosul,Transmissão,Masculino,50,Acima de 10 anos,Segunda - feira,21,2,2022,10:00 - 11:00,Empresa,Equipe,Capivari de  Baixo,SC,LT Capivari de Baixo,-28.456757400000001,-48.971791199999998,VP Operações e Segurança,Operações,DMO Departamento de Operação e Apoio a  Manutenção ,RMSC,CRCAP,,,68,0,Não,0,44615,Queda com diferença de nível,Lesão,Perna Esquerda,Médio,13,Médio,2 - Percepção de Risco,Humana,Humana,Sistêmica,,,,,,44613,
1,Terceiro,Típico com afastamento,,Sim,CGT Eletrosul,Transmissão,Masculino,19,Até 6 meses,Segunda - feira,25,7,2022,14:00 - 15:00,Empresa,Equipe,Capivari de Baixo,SC,LT Capivari de Baixo,-28.466908799999999,-48.979076200000002,"VP Gente, Gestão e Cultura",Outros,Divisão de Construção do Sistema,-,-,,,1,1,Não,,44767,Eletricidade,Choque Elétrico,Mão Direita,Médio,4,Alto,4 - Eletricidade,Falta de procedimento para identificação de cabo de aterramento.,Falta de procedimento de comunicação.,Falta de percepção de risco,Não utilização de luvas adequadas.,,,,,44767,
1,Próprio,Típico sem afastamento,,Sim,CHESF,Transmissão,Masculino,38,6 a 10 anos,Sábado,23,4,2022,08:00 - 09:00,Via pública,Individual,Catu,BA,Via Pública,-12.407349999999999,-38.401850000000003,VP Operações e Segurança,Operações,Superintendência Regional Sul,Departamento de Operação Regional de Salvador,Divisão Regional de manutenção da Transmissão de Camaçari,44677,44677,0,0,Não,,44677,Carro - Colisão ,"Escoriação, Abrasão",Braço Esquerdo,Alto,9,Médio,8 - Veículos e Equipamentos Móveis,Colisão de veículo,Trânsito em vias públicas,Falha na direção defensiva pelo condutor,Uso de veiculo com pneus com desgaste excessivos,Pista molhada e escorregadia,Tempo chuvoso.,,,44674,
1,Próprio,Típico com afastamento,,Sim,CHESF,Transmissão,Masculino,34,6 a 10 anos,Sexta-feira,29,4,2022,16:00 - 17:00,Empresa,Individual,Catu,BA,SE Catu,-12.397500000000001,-38.363599999999998,VP Operações e Segurança,Operações,Superintendência Regional Sul,Departamento de Operação Regional de Salvador,Divisão Regional de manutenção da Transmissão de Camaçari,44685,44700,15,0,Não,,44685,Ferramenta Manual,"Escoriação, Abrasão",Face,Médio,17,Baixo,2 - Percepção de Risco,Desajuste da manivela para conexão do cadeado de bloqueio da chave ,Atenção diminuida em função do cansaço devido a jornada excessiva de trabalho.,,,,,,,44680,
1,Próprio,Típico sem afastamento,,Sim,CGT Eletrosul,Transmissão,Masculino,37,Acima de 10 anos,Quarta - feira,20,4,2022,10:00 - 11:00,Via pública,Dupla,Caxias do Sul,RS,Via Pública,-29.0755236,-51.375768600000001,VP Operações e Segurança,Operações,DMO Departamento de Operação e Apoio a  Manutenção ,RMRS,CRFAR,,,0,0,Não,0,44736,Outros,"Escoriação, Abrasão",Mão Esquerda,Baixo,6,Baixo,2 - Percepção de Risco,Humana,,,,,,,,44671,
1,Terceiro,Típico com afastamento,,Sim,CHESF,Adm,Masculino,21,,Quarta - feira,30,11,2022,16:00 - 17:00,Empresa,Dupla,Cícero Dantas,BA,SE Cícero Dantas,-10.59693,-38.366819999999997,"VP Gente, Gestão e Cultura",Outros,,,,44896,44910,14,0,Não,,44896,Queda com diferença de nível,"Laceração, Corte",Braço Direito,Médio,4,Alto,8 - Veículos e Equipamentos Móveis,,,,,,,,,44895,
1,Terceiro,Típico com afastamento,,Sim,CHESF,Adm,Masculino,46,,Quarta - feira,30,11,2022,16:00 - 17:00,Empresa,Dupla,Cícero Dantas,BA,SE Cícero Dantas,-10.59693,-38.366819999999997,"VP Gente, Gestão e Cultura",Outros,,,,44896,44910,14,0,Não,,44896,Queda com diferença de nível,"Laceração, Corte",Cabeça,Médio,4,Alto,8 - Veículos e Equipamentos Móveis,,,,,,,,,44895,
1,Próprio,Típico sem afastamento,,Sim,CHESF,Transmissão,Masculino,32,6 a 10 anos,Sábado,22,1,2022,07:00 - 08:00,Via pública,Individual,Ibicoara,BA,Via Pública,-13.285970000000001,-41.423969999999997,VP Operações e Segurança,Operações,Superintendência Regional Sul,Departamento de Operação Regional de Salvador,Divisão Regional de Manutenção da Transmissão de Funil,44594,44594,0,0,Não,,44594,Carro - Colisão ,"Distensão, Torção",Tórax,Alto,14,Baixo,8 - Veículos e Equipamentos Móveis,Colisão de veículos,Trânsito em vias públicas,Ação de Terceiros,,,,,,44583,
1,Próprio,Típico com afastamento,,Sim,Eletrobras,Geração - Hidráulica,Masculino,57,Acima de 10 anos,Quarta - feira,11,5,2022,09:00 - 10:00,Empresa,Dupla,Ibiraci,MG,UHE Mascarenhas de Moraes,-19.510148383000001,-40.911886905999999,VP Operações e Segurança,Operações,PO.O - SUP DE PRODUÇÃO OESTE,DRM.O,DOMM.O,,,1,0,Não,1,44795,Queda mesmo nível,"Distensão, Torção",Coluna,Baixo,17,Médio,11 - Não se Aplica,,,,,,,,,44692,
1,Próprio,Típico com afastamento,,Sim,Eletronorte,Transmissão,Masculino,46,Acima de 10 anos,Quarta - feira,13,4,2022,15:00 - 16:00,Área rural,Equipe,Imperatriz,MA,LT,-5.4243100000000002,-47.472909999999999,VP Operações e Segurança,Operações,Superintendência de Produção da Transmissão,Departamento Regional de Produção e Transmissão do Maranhão e Tocantins,Divisão de Produção e Trasmissão de Imperatriz,44664,44920,256,0,Não,0,44664,Outros,"Distensão, Torção",Braço Esquerdo,Baixo,14,Baixo,3 - Trabalho em Altura,-,-,-,-,-,-,-,-,44664,
1,Próprio,Trajeto com afastamento,,Sim,Eletronorte,Transmissão,Masculino,42,Acima de 10 anos,Segunda - feira,6,6,2022,08:00 - 09:00,Via pública,Individual,Imperatriz,MA,Via Pública,-5.43431,-47.481729100000003,VP Operações e Segurança,Operações,Superintendência de Produção da Transmissão,Departamento Regional de Produção e Transmissão do Maranhão e Tocantins,Divisão de Produção e Trasmissão de Imperatriz,44722,44724,2,0,Não,0,44722,Escorregou/Desequilibrou,Luxação,Pé Direito,Médio,14,Baixo,8 - Veículos e Equipamentos Móveis,-,-,-,-,-,-,-,-,44718,
1,Próprio,Típico com afastamento,,Sim,CHESF,Transmissão,Masculino,59,35 a 40 anos,Quinta - feira,9,6,2022,14:00 - 15:00,Empresa,Equipe,Irecê,BA,LT,-6.2181199999999999,-36.554400000000001,VP Operações e Segurança,Operações,Superintendência Regional Sul,Departamento de Operação Regional de Sobradinho,"Divisão Regional de Telecomunicações, Proteção e Automação de Sobradinho",44726,44727,1,0,Não,,44726,Outros,"Distensão, Torção",Tórax,Baixo,13,Médio,8 - Veículos e Equipamentos Móveis,Ato inseguro,Esforço físico,,,,,,,44721,
1,Próprio,Trajeto com afastamento,,Sim,CHESF,Transmissão,Masculino,36,10 a 15 anos,Segunda - feira,27,6,2022,05:00 - 06:00,Via pública,Individual,Irecê,BA,Via Pública,-6.2181199999999999,-36.554400000000001,VP Operações e Segurança,Operações,Superintendência Regional Norte,Departamento de Operação Regional de Recife,Divisão Regional de Manutenção da Transmissão de Maceió,44755,44770,15,0,Não,,44755,Moto - Queda,Luxação,Perna Esquerda,Médio,9,Médio,8 - Veículos e Equipamentos Móveis,Queda de Motocicleta,Trânsito em vias públicas,Ação de Terceiros,,,,,,44739,
1,Próprio,Típico com afastamento,,Sim,CGT Eletrosul,Transmissão,Masculino,56,Acima de 10 anos,Terça- feira,19,7,2022,15:00 - 16:00,Empresa,Equipe,Itá,SC,SE Ita,-27.274970100000001,-52.362914199999999,VP Operações e Segurança,Operações,DMO Departamento de Operação e Apoio a  Manutenção ,RMOE,SMCOE,,,10,0,Não,0,44767,Ferramenta Manual,"Distensão, Torção",,Médio,13,Médio,2 - Percepção de Risco,Fisica,Sistêmica,Sistêmica,,,,,,44761,
1,Próprio,Típico sem afastamento,,Sim,CHESF,Transmissão,Masculino,39,15 a 20 anos,Domingo,16,1,2022,08:00 - 09:00,Empresa,Individual,Itabaiana,SE,SE Itabaiana,-10.662000000000001,-37.455770000000001,VP Operações e Segurança,Operações,Superintendência Regional Sul,Departamento de Operação Regional de Salvador,Divisão Regional de Manutenção da Transmissão de Aracaju,44641,44641,0,0,Não,,44641,Ferramenta Manual,"Escoriação, Abrasão",Face,Baixo,24,Baixo,2 - Percepção de Risco,Manivela mecânica tensionada,Postura para a manobra,,,,,,,44577,
1,Terceiro,Típico com afastamento,,Sim,CHESF,Transmissão,Masculino,48,,Quarta - feira,24,8,2022,12:00- 13:00,Empresa,Individual,Itabaiana,SE,SE Itabaiana,-10.662089999999999,-37.455080000000002,VP Operações e Segurança,Operações,,,,44798,44805,7,0,Não,,44798,Queda mesmo nível,Lesão,Mão Direita,Baixo,18,Baixo,8 - Veículos e Equipamentos Móveis,,,,,,,,,44797,
1,Terceiro,Típico com afastamento,,Sim,CHESF,Transmissão,Masculino,52,,Segunda - feira,17,10,2022,08:00 - 09:00,Empresa,Individual,Jeremoabo,BA,SE Jeremoabo,-10.050509999999999,-38.322360000000003,VP Operações e Segurança,Operações,,,,44852,44853,1,0,Não,,44852,Animal,Lesão,Mão Direita,Baixo,4,Alto,8 - Veículos e Equipamentos Móveis,,,,,,,,,44851,
1,Terceiro,Típico com afastamento,,Sim,CHESF,Transmissão,Masculino,27,,Quinta - feira,17,11,2022,12:00- 13:00,Empresa,Equipe,Jeremoabo,BA,SE Jeremoabo,-9.9595599999999997,-38.309199999999997,VP Operações e Segurança,Operações,,,,44883,44885,2,0,Não,,44883,Escorregou/Desequilibrou,"Distensão, Torção",Coluna,Baixo,13,Médio,8 - Veículos e Equipamentos Móveis,,,,,,,,,44882,
1,Terceiro,Típico com afastamento,,Sim,CHESF,Transmissão,Masculino,34,,Sábado,10,12,2022,07:00 - 08:00,Área rural,Equipe,Jeremoabo,BA,Próximo a SE Jeremoabo,-9.9595599999999997,-38.309199999999997,VP Operações e Segurança,Operações,,,,44907,44984,77,0,Não,,44907,Atingido entre ou abaixo (esmagado ou amputado),Fratura,Mão Direita,Médio,9,Médio,8 - Veículos e Equipamentos Móveis,,,,,,,,,44905,
1,Terceiro,Típico com afastamento,,Sim,CHESF,Transmissão,Masculino,> 60,,Quinta - feira,14,4,2022,08:00 - 09:00,Área rural,Equipe,João Pessoa,PB,LT,-7.1874799999999999,-34.92709,VP Operações e Segurança,Operações,,,,44669,44684,15,0,Não,,44669,Golpeado por (atingido por objeto em movimento),"Laceração, Corte",Mão Esquerda,Médio,13,Médio,6 - Linha de Perigo,,,,,,,,,44665,
1,Próprio,Trajeto com afastamento,,Sim,CGT Eletrosul,Transmissão,Masculino,50,Acima de 10 anos,Segunda - feira,12,3,2022,15:00 - 16:00,Via pública,Equipe,Joinville,SC,SE Joinville,-26.251630125999998,-49.122768860000001,VP Operações e Segurança,Operações,DOS,DVOS,COBLU,,,4,4,Não,0,44638,Carro - Capotamento,"Distensão, Torção",Não se Aplica,Médio,4,Alto,8 - Veículos e Equipamentos Móveis,Sistêmica ,Humana,,,,,,,44632,
1,Próprio,Trajeto sem afastamento,,Sim,CGT Eletrosul,Transmissão,Masculino,59,Acima de 10 anos,Segunda - feira,12,3,2022,15:00 - 16:00,Via pública,Equipe,Joinville,SC,SE Joinville,-26.241630126,-49.112768860000003,VP Operações e Segurança,Operações,DOS,DVOS,COBLU,,,0,0,Não,0,44638,Carro - Capotamento,"Escoriação, Abrasão",Não se Aplica,Médio,4,Alto,8 - Veículos e Equipamentos Móveis,Sistêmica ,Humana,,,,,,,44632,
1,Próprio,Típico sem afastamento,,Sim,CGT Eletrosul,Transmissão,Masculino,26,6 a 10 anos,Segunda - feira,21,11,2022,08:00 - 09:00,Empresa,Equipe,Joinville,SC,SE Joinville,-26.2630126,-49.127688599999999,VP Operações e Segurança,Operações,DMO Departamento de Operação e Apoio a  Manutenção ,RMSC,CRJOI,,,0,0,Não,0,44927,Outros,"Escoriação, Abrasão",Perna Esquerda,Médio,13,Médio,3 - Trabalho em Altura,Sistêmica ,Humana,,,,,,,44886,
1,Terceiro,Típico com afastamento,,Sim,CGT Eletrosul,Transmissão,Feminino,51,Até 6 meses,Terça- feira,5,4,2022,11:00 - 12:00,Empresa,Equipe,Londrina ,PR,SE Londrina ,-24.074487900000001,-52.369900600000001,"VP Gente, Gestão e Cultura",Outros,Departamento de Produtividade e Qualidade da Unidade Sul," Divisão de Gestão e Manutenção Predial, Segurança Patrimonial e de Bens Patrimoniais",Setor de Gestão de Infraestrutura e Segurança Patrimonial ,,,0,0,Não,,,,,,,14,Baixo,11 - Não se Aplica,,,,,,,,,44656,
1,Terceiro,Típico com afastamento,,Sim,Eletronorte,Geração - Térmica,Masculino,31,,Terça- feira,24,5,2022,11:00 - 12:00,Empresa,Individual,Manaus,AM,UTE Mauá,-3.1494599999999999,60.052529999999997,VP Operações e Segurança,Operações,Superintendência de Produção da Geração Térmica,Departamento de O&M da UTE MAUÁ 3,Divisão de Manutenção da UTE MAUÁ 3,44720,44724,4,0,Não,0,44720,"Golpeado contra (correndo em direção, tropeçando em)","Escoriação, Abrasão",Cabeça,Baixo,14,Baixo,2 - Percepção de Risco,-,-,-,-,-,-,-,-,44705,
1,Próprio,Típico com afastamento,,Sim,CGT Eletrosul,Transmissão,Masculino,43,Acima de 10 anos,Quinta - feira,24,11,2022,09:00 - 10:00,Empresa,Equipe,Maracaju,MS,LT,-21.620733999999999,-55.238633700000001,VP Operações e Segurança,Operações,DMO Departamento de Operação e Apoio a  Manutenção ,RMMS,CRDOU,,,15,0,Não,0,44921,Golpeado por (atingido por objeto em movimento),Fratura,Braço Esquerdo,Baixo,6,Baixo,2 - Percepção de Risco,Fisica,Humana,,,,,,,44889,
1,Terceiro,Típico sem afastamento,,Sim,CGT Eletrosul,Transmissão,Masculino,37,Até 6 meses,Sexta-feira,23,9,2022,07:00 - 08:00,Área rural,Equipe,Marau ,RS,LT,-28.437840000000001,-52.205840000000002,"VP Gente, Gestão e Cultura",Outros,DES Departamento de engenharia do sistema,DVCS,-,,,0,0,Não,,,Eletricidade,Choque Elétrico,Perna Direita,Médio,4,Alto,4 - Eletricidade,Falta de procedimento de aterramento de jumpers.,Muitas frentes de trabalho em paralelo.,Excesso de confiança.,Falta de planejamento da atividade.,,,,,44827,
1,Próprio,Trajeto com afastamento,,Sim,Eletrobras,Transmissão,Masculino,43,Acima de 10 anos,Quarta - feira,2,11,2022,21:00 - 22:00,Via pública,Individual,Mogi Mirim,SP,Via Pública,-22.777032550000001,-47.003423650000002,VP Operações e Segurança,Operações,SO.O,DOP.O,CTRS.O,,,0,6000,Não,0,44909,Carro - Colisão ,Traumatismo,Cabeça,Alto,2,Crítico,11 - Não se Aplica,,,,,,,,,44867,
1,Próprio,Típico com afastamento,,Sim,CGT Eletrosul,Transmissão,Masculino,55,Acima de 10 anos,Sexta-feira,19,8,2022,08:00 - 09:00,Empresa,Equipe,Montenegro,RS,LT,-29.694671199999998,-51.516620099999997,VP Operações e Segurança,Operações,DMO Departamento de Operação e Apoio a  Manutenção ,RMSC,CRCAP,,,47,0,Não,0,44797,Golpeado por (atingido por objeto em movimento),Traumatismo,,Médio,10,Médio,2 - Percepção de Risco,Sistêmica ,Humana,,,,,,,44792,
1,Próprio,Típico sem afastamento,,Sim,CGT Eletrosul,Transmissão,Masculino,53,Acima de 10 anos,Quarta - feira,6,4,2022,15:00 - 16:00,Via pública,Equipe,Morro Reutter,RS,Via Pública,-29.538112000000002,-51.100119499999998,VP Operações e Segurança,Operações,DMO Departamento de Operação e Apoio a  Manutenção ,RMRS,SMCRS,,,0,0,Não,0,44733,Outros,"Escoriação, Abrasão",Perna Direita,Baixo,6,Baixo,2 - Percepção de Risco,Humana,,,,,,,,44657,
1,Próprio,Trajeto com afastamento,,Sim,CGT Eletrosul,Adm,Feminino,59,Acima de 10 anos,Quarta - feira,20,4,2022,18:00 - 19:00,Via pública,Individual,Palhoça,SC,Via Pública,-27.761492799999999,-48.825552799999997,"VP Gente, Gestão e Cultura",Outros,DPS,DIMP,SEGIS,,,10,0,Não,0,44686,Carro - Atropelamento,"Escoriação, Abrasão",Braço Direito,Médio,13,Médio,8 - Veículos e Equipamentos Móveis,Sistêmica ,,,,,,,,44671,
1,Terceiro,Típico sem afastamento,,Sim,CGT Eletrosul,Expansão,Masculino,32,Até 6 meses,Sexta-feira,1,4,2022,08:00 - 09:00,Empresa,Equipe,Palhoça ,SC,LT,-27.761492799999999,-48.825552799999997,VP Engenharia de Expansão,Engenharia,Divisão de Construção do Sistema,-,-,,,0,0,Não,,44655,Eletricidade,Sem Lesões,Mão Direita,Médio,4,Alto,4 - Eletricidade,-,-,-,-,-,-,-,-,44652,
1,Próprio,Típico com afastamento,Sim,Sim,Eletrobras,Transmissão,Masculino,45,Acima de 10 anos,Segunda - feira,5,12,2022,15:00 - 16:00,Via pública,Dupla,Passos,MG,Via Pública,-23.70467781,-46.278789750000001,VP Operações e Segurança,Operações,PS.O - SUP DE PRODUÇÃO SUDESTE,DRL.O,DMES.O,,,14,0,Não,14,44904,Carro - Capotamento,"Escoriação, Abrasão",Tórax,Médio,13,Médio,11 - Não se Aplica,,,,,,,,,44900,
1,Terceiro,Típico com afastamento,,Sim,CHESF,Expansão,Masculino,39,,Sábado,19,11,2022,09:00 - 10:00,Empresa,Dupla,Paulo Afonso,BA,SE Abaixadora - Paulo Afonso,-9.3977199999999996,-38.201000000000001,VP Engenharia de Expansão,Engenharia,,,,44886,44888,2,0,Não,,44886,Golpeado por (atingido por objeto em movimento),"Laceração, Corte",Cabeça,Baixo,17,Baixo,8 - Veículos e Equipamentos Móveis,,,,,,,,,44884,
1,Próprio,Trajeto com afastamento,,Sim,CHESF,Transmissão,Masculino,56,30 a 35 anos,Sexta-feira,11,2,2022,17:00 - 18:00,Via pública,Individual,Paulo Afonso,BA,Via Pública,-9.3914799999999996,-38.21622,VP Operações e Segurança,Operações,Superintendência Regional Sul,Departamento de Operação Regional de Paulo Afonso,"Divisão Regional de Telecomunicações, Proteção e Automação de Paulo Afonso",44630,44644,14,0,Não,,44630,Queda mesmo nível,Fratura,Braço Esquerdo,Baixo,12,Médio,2 - Percepção de Risco,Queda de bicicleta,Transitar em via pública,Falta de atenção,,,,,,44603,
1,Próprio,Quase Acidente,,Sim,CHESF,Transmissão,Masculino,> 60,30 a 35 anos,Terça- feira,24,5,2022,16:00 - 17:00,Via pública,Equipe,Paulo Afonso,BA,Via Pública,-9.3968500000000006,-38.201949999999997,VP Suprimentos e Serviços,VSS,Superintendência de Coordenação Regional do CSC Nordeste,Departamento de Infraestrutura e Serviços Gerais do CSC,Divisão de Infraestrutura e Serviços Gerais Paulo Afonso,,,,NA,Não,,NA,Queda mesmo nível,"Laceração, Corte",mão,Baixo,18,Baixo,8 - Veículos e Equipamentos Móveis,Queda de mesmo nível,Piso irregular,,,,,,,44705,
1,Terceiro,Típico com afastamento,,Sim,CHESF,Geração - Hidráulica,Masculino,41,,Quinta - feira,2,6,2022,10:00 - 11:00,Empresa,Equipe,Paulo Afonso,BA,UHE Paulo Afonso I,-9.4165200000000002,-38.207030000000003,VP Operações e Segurança,Operações,,,,44721,44735,14,0,Não,,44721,Golpeado por (atingido por objeto em movimento),Fratura,Mão Direita,Médio,13,Médio,6 - Linha de Perigo,,,,,,,,,44714,
1,Terceiro,Típico com afastamento,,Sim,CHESF,Transmissão,Masculino,29,,Segunda - feira,7,11,2022,09:00 - 10:00,Via pública,Individual,Paulo Afonso,BA,Via Pública,-9.3963199999999993,-38.201340000000002,"VP Gente, Gestão e Cultura",Outros,,,,44872,44876,4,0,Não,,44872,Queda mesmo nível,Luxação,Pé Direito,Baixo,13,Médio,8 - Veículos e Equipamentos Móveis,,,,,,,,,44872,
1,Próprio,Quase Acidente,,Sim,CHESF,Geração - Hidráulica,Masculino,38,10 a 15 anos,Quinta - feira,13,1,2022,15:00 - 16:00,Empresa,Equipe,Paulo Afonso,BA,UHE Paulo Alfonso,-9.3954000000000004,-38.206200000000003,VP Operações e Segurança,Operações,Superintendência Regional Sul,Departamento de Operação Regional de Paulo Afonso,Divisão Regional de Operação de Instalações de Paulo Afonso,,,,NA,Não,,NA,Animal,Dermatose,Cabeça,Baixo,4,Alto,8 - Veículos e Equipamentos Móveis,Ataque de animais peçonhentos,,,,,,,,44574,
1,Próprio,Quase Acidente,,Sim,CHESF,Adm,Masculino,38,10 a 15 anos,Quarta - feira,30,3,2022,15:00 - 16:00,Empresa,Individual,Paulo Afonso,BA,UHE Paulo Alfonso,-9.3845100000000006,-38.212209999999999,VP Suprimentos e Serviços,VSS,Superintendência de Coordenação Regional do CSC Nordeste,Departamento de Infraestrutura e Serviços Gerais do CSC,Divisão de Infraestrutura e Serviços Gerais Paulo Afonso,,,,NA,Não,,NA,Animal,Dermatose,Braço Direito,Baixo,4,Alto,8 - Veículos e Equipamentos Móveis,Ataque de animais peçonhentos,,,,,,,,44650,
1,Terceiro,Típico com afastamento,,Sim,CHESF,Transmissão,Masculino,21,,Segunda - feira,30,5,2022,10:00 - 11:00,Empresa,Individual,Paulo Afonso,BA,UHE Paulo Alfonso,-9.4165200000000002,-38.207030000000003,VP Engenharia de Expansão,Engenharia,,,,44714,44722,8,0,Não,,44714,Atingido entre ou abaixo (esmagado ou amputado),Luxação,Mão Direita,Baixo,14,Baixo,2 - Percepção de Risco,Utilizar escada de forma incorreta,Falta de proteção/guarda-corpo,Falha no procedimento,,,,,,44711,
1,Próprio,Quase Acidente,,Sim,CHESF,Transmissão,Feminino,> 60,30 a 35 anos,Quinta - feira,2,6,2022,17:00 - 18:00,Empresa,Equipe,Paulo Afonso,BA,UHE Paulo Alfonso,-9.3968500000000006,-38.201949999999997,VP Operações e Segurança,Operações,Superintendência Regional Sul,Departamento de Operação Regional de Paulo Afonso,Divisão Regional de Manutenção da Transmissão de Paulo Afonso,,,,NA,Não,,NA,Escorregou/Desequilibrou,Traumatismo,Perna Direita,Baixo,18,Baixo,8 - Veículos e Equipamentos Móveis,Queda de mesmo nível,Piso irregular,,,,,,,44714,
1,Próprio,Típico com afastamento,,Sim,CHESF,Adm,Masculino,> 60,30 a 35 anos,Segunda - feira,6,6,2022,09:00 - 10:00,Empresa,Individual,Paulo Afonso,BA,UHE Paulo Alfonso,-6.2181199999999999,-36.554400000000001,VP Suprimentos e Serviços,VSS,Superintendência de Coordenação Regional do CSC Nordeste,Departamento de Logística do CSC,Divisão de Operações Logísticas Almoxarifado Paulo Afonso,44720,44725,5,0,Não,,44720,Produto ou Substância Química,Perda / Diminuição dos Sentidos,Face,Médio,12,Médio,8 - Veículos e Equipamentos Móveis,Explosão de bateria de chumbo ácido,Falha no equipamento,Falta de EPIs,,,,,,44718,
1,Terceiro,Típico com afastamento,,Sim,CHESF,Adm,Masculino,45,,Quarta - feira,6,7,2022,08:00 - 09:00,Empresa,Individual,Paulo Afonso,BA,UHE Paulo Alfonso,-6.2181199999999999,-36.554400000000001,"VP Gente, Gestão e Cultura",Outros,,,,44748,44749,1,0,Não,,44748,Golpeado por (atingido por objeto em movimento),"Laceração, Corte",Cabeça,Baixo,18,Baixo,8 - Veículos e Equipamentos Móveis,,,,,,,,,44748,
1,Próprio,Quase Acidente,,Sim,CHESF,Geração - Hidráulica,Feminino,49,20 a 25 anos,Quarta - feira,20,7,2022,13:00 - 14:00,Empresa,Individual,Paulo Afonso,BA,UHE Paulo Alfonso,-9.3987200000000009,-38.203150000000001,VP Operações e Segurança,Operações,Superintendência Regional Sul,Departamento de Operação Regional de Paulo Afonso,Divisão Regional de Operação de Instalações de Paulo Afonso,,,,NA,Não,,NA,Moto - Queda,Traumatismo,Perna Esquerda,Baixo,9,Médio,8 - Veículos e Equipamentos Móveis,Queda de Motocicleta,Via em manutenção,,,,,,,44762,
1,Próprio,Típico com afastamento,,Sim,CHESF,Geração - Hidráulica,Masculino,> 60,30 a 35 anos,Quarta - feira,16,2,2022,16:00 - 17:00,Empresa,Individual,Petrolândia,PE,UHE Luiz Gonzaga,-9.1424900000000004,-38.309449999999998,VP Operações e Segurança,Operações,Superintendência Regional Sul,Departamento de Operação Regional de Paulo Afonso,Divisão Regional de Manutenção Eletromecânica da Usina Luiz Gonzaga,44609,44624,15,0,Não,,44609,Outros,Fratura,Braço Direito,Alto,12,Médio,2 - Percepção de Risco,Ato inseguro,Contato com partes móveis de máquinas,Falta de atenção,,,,,,44608,
1,Próprio,Quase Acidente,,Sim,CHESF,Geração - Hidráulica,Feminino,56,30 a 35 anos,Quinta - feira,17,2,2022,09:00 - 10:00,Empresa,Individual,Petrolândia,PE,UHE Luiz Gonzaga,-9.1418400000000002,-38.308250000000001,VP Operações e Segurança,Operações,Superintendência Regional Sul,Departamento de Operação Regional de Paulo Afonso,Divisão Regional de Operação de Instalações de Paulo Afonso,,,,NA,Não,,NA,Golpeado por (atingido por objeto em movimento),"Laceração, Corte",Face,Baixo,21,Baixo,8 - Veículos e Equipamentos Móveis,Queda de objeto inadvertidamente,,,,,,,,44609,
1,Próprio,Quase Acidente,,Sim,CHESF,Transmissão,Masculino,> 60,40 a 50 anos,Domingo,22,5,2022,09:00 - 10:00,Empresa,Equipe,Petrolândia,PE,UHE Luiz Gonzaga,-9.1418400000000002,-38.308250000000001,VP Operações e Segurança,Operações,Superintendência Regional Sul,Departamento de Operação Regional de Paulo Afonso,"Divisão Regional de Telecomunicações, Proteção e Automação de Paulo Afonso",,,,NA,Não,,NA,Queda mesmo nível,Traumatismo,Face,Baixo,9,Médio,8 - Veículos e Equipamentos Móveis,Queda de mesmo nível,Ato inseguro,Falta de atenção,,,,,,44703,
1,Próprio,Típico com afastamento,,Sim,CHESF,Adm,Masculino,> 60,30 a 35 anos,Quarta - feira,8,6,2022,16:00 - 17:00,Empresa,Equipe,Petrolândia,PE,UHE Luiz Gonzaga,-6.2181199999999999,-36.554400000000001,VP Suprimentos e Serviços,VSS,Superintendência de Coordenação Regional do CSC Nordeste,Departamento de Logística do CSC,Divisão de Operações Logísticas Almoxarifado Paulo Afonso,44725,44819,94,0,Não,,44725,Golpeado por (atingido por objeto em movimento),Fratura,Tórax,Alto,6,Alto,8 - Veículos e Equipamentos Móveis,Tombamento de equipamento de grande porte,Falha na execução da movimentação do equipamento,Falha no Procedimento,Falta de Planejamento,,,,,44720,
1,Próprio,Trajeto com afastamento,,Sim,CHESF,Transmissão,Masculino,44,15 a 20 anos,Terça- feira,29,3,2022,21:00 - 22:00 ,Via pública,Individual,Piranhas,AL,Via Pública,-9.6138399999999997,-37.765999999999998,VP Operações e Segurança,Operações,Superintendência Regional Sul,Departamento de Operação Regional de Paulo Afonso,Divisão Regional de Operação de Instalações de Paulo Afonso,44655,44665,10,0,Não,,44655,Queda mesmo nível,"Distensão, Torção",Pé Direito,Baixo,20,Baixo,2 - Percepção de Risco,Diferença de nível,Falta de atenção,,,,,,,44649,
1,Próprio,Trajeto com afastamento,,Sim,CHESF,Geração - Hidráulica,Masculino,> 60,35 a 40 anos,Segunda - feira,26,12,2022,11:00 - 12:00,Empresa,Individual,Piranhas,AL,UHE Xingó,-9.6138399999999997,-37.765999999999998,VP Operações e Segurança,Operações,Superintendência Regional Sul,Departamento de Operação Regional de Paulo Afonso,Divisão Regional de Manutenção Eletromecânica da Usina de Xingó,44922,45030,108,0,Não,,44922,Moto - Queda,Fratura,Braço Direito,Médio,6,Alto,8 - Veículos e Equipamentos Móveis,Queda de Motocicleta,Queda mesmo nível,Falta de atenção,,,,,,44921,
1,Próprio,Típico sem afastamento,,Sim,Eletronorte,Transmissão,Feminino,45,Acima de 10 anos,Quarta - feira,6,4,2022,11:00 - 12:00,Empresa,Dupla,Porto Velho,RO,SE Porto Velho,-8.7675704999999997,-63.941355999999999,VP Engenharia de Expansão,Engenharia,Superintendência de Gestão Ambiental,Departamento de Licenciamento Ambiental de emprendimentos da Trasnmissão e Gestão Fundiária,Departamento de Licenciamento Ambiental de emprendimentos da Trasnmissão e Gestão Fundiária,,,,0,Não,0,44748,Escorregou/Desequilibrou,Luxação,Pé Esquerdo,Baixo,18,Baixo,2 - Percepção de Risco,-,-,-,-,-,-,-,-,44657,
1,Próprio,Típico sem afastamento,,Sim,Eletronorte,Geração - Hidráulica,Masculino,> 60,Acima de 10 anos,Quinta - feira,21,7,2022,10:00 - 11:00,Empresa,Individual,Porto Velho,RO,SE Porto Velho,-8.7570499999999996,-63.913559999999997,VP Operações e Segurança,Operações,Superintendência de Produção da Geração Hidraulica,Departamento de Manutenção da Geração Hidráulica Leste,Divisão de Manutenção da UHE Samuel,,,,0,Não,0,44770,Escorregou/Desequilibrou,"Escoriação, Abrasão",Cabeça,Baixo,18,Baixo,1 - Álcool e Drogas,-,-,-,-,-,-,-,-,44763,
1,Terceiro,Trajeto sem afastamento,,Sim,Eletronorte,Transmissão,Masculino,52,,Quarta - feira,27,7,2022,09:00 - 10:00,Empresa,Equipe,Porto Velho,RO,SE Porto Velho,-9.71068,-65.167850000000001,VP Operações e Segurança,Operações,Superintendência de Produção da Transmissão,Departamento Regional de Produção e Trasmissão do HVDC,-,,,,0,Não,0,44771,Golpeado por (atingido por objeto em movimento),"Escoriação, Abrasão",Cabeça,Baixo,14,Baixo,2 - Percepção de Risco,-,-,-,-,-,-,-,-,44769,
1,Próprio,Típico sem afastamento,,Sim,Eletronorte,Adm,Feminino,> 60,Acima de 10 anos,Segunda - feira,20,7,2022,09:00 - 10:00,Empresa,Individual,Porto Velho,RO,SE Porto Velho,-8.7570499999999996,-63.951355999999997,VP Operações e Segurança,Operações,Superintendência de Gestão da Manutenção do Sistema,Departamento de Planejamento de Desempenho da Manutenção,Divisão de Planejamento de Desempenho da Manutenção de Rondônia e Acre,,,,0,Não,0,44781,Escorregou/Desequilibrou,Sem Lesões,Não se Aplica,Baixo,22,Baixo,2 - Percepção de Risco,-,-,-,-,-,-,-,-,44762,
1,Terceiro,Típico sem afastamento,,Sim,Eletronorte,Geração - Hidráulica,Masculino,42,,Segunda - feira,21,3,2022,16:00 - 17:00,Empresa,Dupla,Presidente Figueiredo,AM,Via Pública,-1.9169099999999999,-59.475760000000001,VP Operações e Segurança,Operações,Superintendência de Produção da Geração Térmica,Departamento de O&M da UTE Aparecida e Usinas a Motores de Combustão,Divisão de O&M de Usinas de Motores a Combustão,,,,0,Não,0,44655,"Golpeado contra (correndo em direção, tropeçando em)","Escoriação, Abrasão",Braço Esquerdo,Baixo,14,Baixo,3 - Trabalho em Altura,-,-,-,-,-,-,-,-,44641,
1,Próprio,Típico com afastamento,,Sim,Eletronorte,Transmissão,Masculino,45,Acima de 10 anos,Sexta-feira,21,10,2022,10:00 - 11:00,Empresa,Individual,Presidente Figueiredo,AM,UHE Balbina,-1.9269099999999999,-59.495759999999997,VP Operações e Segurança,Operações,Superintendência de Produção da Geração Térmica,Departamento de O&M da UTE Aparecida e Usinas a Motores de Combustão,Divisão de O&M de Usinas de Motores a Combustão,44904,44909,5,0,Não,0,44904,Escorregou/Desequilibrou,Lesão,Pé Esquerdo,Baixo,14,Baixo,2 - Percepção de Risco,-,-,-,-,-,-,-,-,44855,
1,Próprio,Típico com afastamento,,Sim,CHESF,Adm,Feminino,44,15 a 20 anos,Terça- feira,15,2,2022,08:00 - 09:00,Empresa,Individual,Recife,PE,SE Bongi,-8.0648,-34.92998,"VP Gente, Gestão e Cultura",Outros,SUperintendência de Planejamento e Controle Econômico-Financeiro,Departamento de Controladoria,,44627,44631,4,0,Não,,44627,Queda mesmo nível,"Distensão, Torção",Tórax,Baixo,20,Baixo,2 - Percepção de Risco,Esforço físico,,,,,,,,44607,
1,Próprio,Típico com afastamento,,Sim,CHESF,Adm,Masculino,49,10 a 15 anos,Quinta - feira,3,3,2022,07:00 - 08:00,Empresa,Individual,Recife,PE,Sede Recife,-8.0648,-34.92998,"VP Gente, Gestão e Cultura",Outros,Superintendência de Gestão de Pessoas,Departamento de Previdência Complementar e Assistência Saúde,,44627,44634,7,0,Não,,44627,Queda mesmo nível,Traumatismo,Perna Esquerda,Médio,20,Baixo,2 - Percepção de Risco,Baixa cultura das pessoas na utilização correta dos banheiros.,Uso do banheiro para captação de água para plantas.,Posicionamento da papeleira em relação à pia.,Piso sem antiderrapante.,Não existe procedimento para uso dos banheiros.,Não existe procedimento da CIPA ou do SESMT para inspeção dos banheiros.,Utilização múltipla dos banheiros.,Falta de plano de contingência e de socorristas no Edf. Sede.,44623,
1,Próprio,Típico com afastamento,,Sim,CHESF,Adm,Masculino,44,15 a 20 anos,Segunda - feira,14,3,2022,08:00 - 09:00,Empresa,Individual,Recife,PE,Sede Recife,-8.0648,-34.92998,"VP Gente, Gestão e Cultura",Outros,Superintendência de Gestão Empresarial,Departamento de Gestão de processos e de Transformação Empresarial,,44638,44653,15,0,Não,,44638,Outros,Fratura,Braço Esquerdo,Médio,20,Baixo,2 - Percepção de Risco,Ato inseguro,Equipamento inadequado para alcançar nível superior,Falha no planejamento,,,,,,44634,
1,Próprio,Quase Acidente,,Sim,CHESF,Transmissão,Masculino,39,10 a 15 anos,Terça- feira,15,3,2022,07:00 - 08:00,Via pública,Individual,Recife,PE,Via Pública,-8.0629200000000001,-34.930720000000001,VP Operações e Segurança,Operações,"Superintendência de Telecomunicações, Proteção e Automação",Departamento de Proteção e Controle,,,,,NA,Não,,NA,,"Escoriação, Abrasão",Braço Direito,Baixo,25,Baixo,2 - Percepção de Risco,Desnível de piso,Transitar em via pública,Falta de atenção,,,,,,44635,
1,Próprio,Quase Acidente,,Sim,CHESF,Adm,Masculino,51,10 a 15 anos,Segunda - feira,11,7,2022,14:00 - 15:00,Empresa,Individual,Recife,PE,Sede Recife,-6.2181199999999999,-36.554400000000001,VP Suprimentos e Serviços,VSS,Superintendência de Coordenação Regional do CSC Nordeste,Departamento de Tecnologia da Informação do CSC,Divisão de Desenvolvimento de Soluções de TI,,,,NA,Não,,NA,Queda mesmo nível,Sem Lesões,Mão Direita,Baixo,13,Médio,8 - Veículos e Equipamentos Móveis,Esforço físico,Área não possui piso táctil,,,,,,,44753,
1,Próprio,Quase Acidente,,Sim,CHESF,Geração - Hidráulica,Masculino,> 60,40 a 50 anos,Quinta - feira,2,8,2022,10:00 - 11:00,Empresa,Individual,Recife,PE,Sede Recife,-8.0622179999999997,-34.928632999999998,VP Operações e Segurança,Operações,Superintendência de Operação,Departamento de Análise de Desempenho da Operação,-,,,,NA,Não,,NA,Escorregou/Desequilibrou,Sem Lesões,Não se Aplica,Baixo,11,Médio,2 - Percepção de Risco,Piso molhado,,,,,,,,44775,
1,Próprio,Típico sem afastamento,,Sim,CHESF,Adm,Feminino,45,15 a 20 anos,Terça- feira,16,8,2022,07:00 - 08:00,Empresa,Individual,Recife,PE,Sede Recife,-8.0654400000000006,-34.930109999999999,"VP Gente, Gestão e Cultura",Outros,Superintendência de Auditoria,Departamento de Auditoria Interna,,44791,44791,0,0,Não,,44791,Queda mesmo nível,"Distensão, Torção",Perna Direita,Baixo,18,Baixo,8 - Veículos e Equipamentos Móveis,Piso táctil,Falta de atenção,,,,,,,44789,
1,Próprio,Trajeto com afastamento,,Sim,CHESF,Adm,Feminino,> 60,40 a 50 anos,Sexta-feira,19,8,2022,11:00 - 12:00,Via pública,Individual,Recife,PE,Via Pública,-8.0657499999999995,-34.929819999999999,"VP Gente, Gestão e Cultura",Outros,Superintendência de Contabilidade,Departamento de Demonstrações Financeiras e Relacionamento com Investidores,,44819,44824,5,0,Não,,44819,Queda mesmo nível,"Escoriação, Abrasão",Face,Baixo,18,Baixo,8 - Veículos e Equipamentos Móveis,Queda de mesmo nível,Desnível de piso,Falta de atenção,,,,,,44792,
1,Próprio,Típico com afastamento,,Sim,CHESF,Adm,Masculino,> 60,40 a 50 anos,Terça- feira,20,10,2022,08:00 - 09:00,Empresa,Individual,Recife,PE,Sede Recife,-8.0654400000000006,-34.930109999999999,VP Suprimentos e Serviços,VSS,Superintendência de Coordenação Regional do CSC Nordeste,Departamento de Infraestrutura e Serviços Gerais do CSC,Divisão de Gestão e Manutenção Predial,44908,44917,9,0,Não,,44908,Escorregou/Desequilibrou,"Distensão, Torção",Perna Direita,Baixo,13,Médio,8 - Veículos e Equipamentos Móveis,Esforço físico,Escada,,,,,,,44854,
1,Próprio,Trajeto com afastamento,,Sim,CHESF,Adm,Feminino,> 60,15 a 20 anos,Terça- feira,20,12,2022,11:00 - 12:00,Via pública,Individual,Recife,PE,Via Pública,-8.0626300000000004,-34.93244,VP Suprimentos e Serviços,VSS,Superintendência de Coordenação Regional do CSC Nordeste,Departamento de Infraestrutura e Serviços Gerais do CSC,Divisão de Gestão e Manutenção Predial,44928,44932,4,0,Não,,44928,Queda com diferença de nível,"Escoriação, Abrasão",Perna Direita,,14,Baixo,8 - Veículos e Equipamentos Móveis,Transitar em via pública,Queda mesmo nível,Falta de atenção,,,,,,44915,
1,Terceiro,Típico com afastamento,,Sim,CHESF,Geração - Hidráulica,Masculino,39,,Sexta-feira,29,7,2022,16:00 - 17:00,Empresa,Equipe,Paulo Afonso,BA,UHE Paulo Alfonso,-9.3963199999999993,-38.201340000000002,VP Operações e Segurança,Operações,,,,44781,44841,60,0,Não,,44781,Queda com diferença de nível,Fratura,Perna Direita,Médio,17,Baixo,8 - Veículos e Equipamentos Móveis,,,,,,,,,44771,
1,Terceiro,Típico com afastamento,,Sim,CHESF,Transmissão,Masculino,34,,Domingo,4,9,2022,16:00 - 17:00,Empresa,Equipe,Paulo Afonso,BA,UHE Paulo Alfonso,-9.3985500000000002,-38.20326,"VP Gente, Gestão e Cultura",Outros,,,,44809,44823,14,0,Não,,44809,Ferramenta Manual,Fratura,Mão Direita,Médio,9,Médio,8 - Veículos e Equipamentos Móveis,,,,,,,,,44808,
1,Terceiro,Doença Ocupacional,,Sim,CHESF,Adm,Masculino,37,,Quinta - feira,2,6,2022,,Empresa,Individual,Recife,PE,Sede Recife,-8.0648999999999997,-34.930059999999997,VP Suprimentos e Serviços,VSS,,,,44720,44750,30,0,Não,,44720,Ato de Agressão,Outros,Não se Aplica,Médio,13,Médio,6 - Linha de Perigo,,,,,,,,,44714,
1,Terceiro,Típico com afastamento,,Sim,CHESF,Melhoria,Masculino,53,,Quarta - feira,5,10,2022,12:00- 13:00,Empresa,Individual,Paulo Afonso,BA,UHE Paulo Alfonso,-9.3963199999999993,-38.201340000000002,"VP Gente, Gestão e Cultura",Outros,,,,44840,44855,15,0,Não,,44840,Golpeado por (atingido por objeto em movimento),"Laceração, Corte",Pé Direito,Médio,13,Médio,8 - Veículos e Equipamentos Móveis,,,,,,,,,44839,
1,Próprio,Típico com afastamento,,Sim,Eletrobras,Geração - Térmica,Masculino,55,Acima de 10 anos,Sexta-feira,25,3,2022,15:00 - 16:00,Empresa,Equipe,Rio de Janeiro,RJ,Via Pública,-22.914667340000001,-43.764937060000001,VP Operações e Segurança,Operações,PS.O - SUP DE PRODUÇÃO SUDESTE,DRR.O,DMLR.O,,,15,0,Não,15,44648,Atingido por (pontos agudos ou cortantes),"Laceração, Corte",Mão Direita,Médio,17,Médio,11 - Não se Aplica,,,,,,,,,44645,
1,Próprio,Trajeto com afastamento,,Sim,Eletrobras,Transmissão,Masculino,45,Acima de 10 anos,Quarta - feira,30,3,2022,17:00 - 18:00,Via pública,Individual,Rio de Janeiro,RJ,Via Pública,-22.955500950000001,-43.191663320000004,VP Operações e Segurança,Operações,SO.O,DPH.O,DPH.O,,,2,0,Não,2,44813,Carro - Colisão ,Traumatismo,Não se Aplica,Baixo,13,Médio,11 - Não se Aplica,,,,,,,,,44650,
1,Próprio,Típico com afastamento,,Sim,Eletrobras,Transmissão,Masculino,48,Acima de 10 anos,Sexta-feira,6,5,2022,14:00 - 15:00,Empresa,Dupla,Rio de Janeiro,RJ,Via Pública,-22.921969560000001,-43.420110059999999,VP Operações e Segurança,Operações,PS.O - SUP DE PRODUÇÃO SUDESTE,DRR.O,DMER.O,,,14,0,Não,14,44697,Outros,"Distensão, Torção",Pé Esquerdo,Baixo,17,Médio,11 - Não se Aplica,,,,,,,,,44687,
1,Próprio,Trajeto sem afastamento,,Sim,Eletrobras,Adm,Masculino,58,Acima de 10 anos,Segunda - feira,16,5,2022,16:00 - 17:00,Via pública,Individual,Rio de Janeiro,RJ,Via Pública,-22.89892,-43.178910000000002,"VP Gente, Gestão e Cultura",Outros,Finanças Corporativas,"Captação, Garantia e Dívidas",-,,,0,0,Não,0,44698,Queda mesmo nível,"Escoriação, Abrasão",Mão Direita,Baixo,13,Médio,11 - Não se Aplica,Bueiro deslocado,,,,,,,,44697,
1,Próprio,Típico com afastamento,,Sim,Eletrobras,Adm,Masculino,52,Acima de 10 anos,Quinta - feira,9,6,2022,15:00 - 16:00,Empresa,Equipe,Rio de Janeiro,RJ,Via Pública,-22.92107,-43.420169999999999,VP Suprimentos e Serviços,VSS,Centro de Serviços - Sudeste,CS - RJ Infraestrutura e Serviços Gerais,-,,,5,0,Não,0,44911,Queda com diferença de nível,Traumatismo,Braço Esquerdo,Médio,13,Médio,11 - Não se Aplica,Falta de atenção,,,,,,,,44721,
1,Próprio,Trajeto com afastamento,,Sim,Eletrobras,Adm,Masculino,57,3 a 6 anos,Segunda - feira,13,6,2022,18:00 - 19:00,Via pública,Individual,Rio de Janeiro,RJ,Via Pública,-22.955500950000001,-43.191663320000004,"VP Gente, Gestão e Cultura",Outros,SP.F,DCR.F,DCR.F,,,14,0,Não,14,44763,Escorregou/Desequilibrou,Luxação,Pé Direito,Baixo,17,Médio,11 - Não se Aplica,,,,,,,,,44725,
1,Próprio,Típico sem afastamento,,Sim,Eletrobras,Transmissão,Masculino,46,Acima de 10 anos,Terça- feira,21,6,2022,13:00 - 14:00,Empresa,Individual,Rio de Janeiro,RJ,EBM,-22.921969560000001,-43.420110059999999,VP Operações e Segurança,Operações,PS.O - SUP DE PRODUÇÃO SUDESTE,DRR.O,DMLR.O,,,0,0,Não,0,44763,Atingido por (pontos agudos ou cortantes),"Laceração, Corte",Mão Direita,Baixo,21,Baixo,11 - Não se Aplica,,,,,,,,,44733,
1,Próprio,Típico sem afastamento,,Sim,Eletrobras,Geração - Hidráulica,Masculino,44,Acima de 10 anos,Sábado,30,4,2022,16:00 - 17:00,Empresa,Equipe,Rio Verde,GO,SE Rio Verde,-17.762257049999999,-50.884717100000003,VP Operações e Segurança,Operações,PO.O - SUP DE PRODUÇÃO OESTE,DRG.O,DMLG.O,,,0,0,Não,0,44697,Eletricidade,Choque Elétrico,Mão Direita,Baixo,18,Baixo,11 - Não se Aplica,,,,,,,,,44681,
1,Terceiro,Trajeto sem afastamento,,Sim,CGT Eletrosul,Transmissão,Masculino,53,Até 6 meses,Quarta - feira,12,4,2022,12:00- 13:00,Via pública,Individual,Roque Gonzales,RS,Via Pública,-28.141939099999998,-55.045530820000003,"VP Gente, Gestão e Cultura",Outros,Departamento de Produtividade e Qualidade da Unidade Sul," Divisão de Gestão e Manutenção Predial, Segurança Patrimonial e de Bens Patrimoniais",Setor de Gestão de Infraestrutura e Segurança Patrimonial ,,,0,0,Não,,44664,Moto - Queda,"Laceração, Corte",Braço Direito,Médio,4,Alto,8 - Veículos e Equipamentos Móveis,-,-,-,-,-,-,-,-,44663,
1,Próprio,Típico com afastamento,,Sim,CGT Eletrosul,Geração - Hidráulica,Masculino,49,Acima de 10 anos,Segunda - feira,28,11,2022,18:00 - 19:00,Empresa,Equipe,Roque Gonzales,RS,UHPJ ,-28.141939099999998,-55.055308199999999,VP Operações e Segurança,Operações,DMO Departamento de Operação e Apoio a  Manutenção ,RMOE,CRUPJ,,,6,0,Não,0,44900,Animal,"Laceração, Corte",Pé Esquerdo,Médio,6,Médio,5 - Espaço Confinado,Fisica,Humana,Sistêmica ,,,,,,44893,
1,Terceiro,Típico sem afastamento,,Sim,CGT Eletrosul,Transmissão,Feminino,43,Até 6 meses,Quinta - feira,1,12,2022,07:00 - 08:00,Empresa,Individual,Roque Gonzales,RS,UHPJ ,-28.1519391,-55.065530819999999,"VP Gente, Gestão e Cultura",Outros,Departamento de Produtividade e Qualidade da Unidade Sul," Divisão de Gestão e Manutenção Predial, Segurança Patrimonial e de Bens Patrimoniais",Setor de Gestão de Infraestrutura e Segurança Patrimonial ,,,0,0,Não,,,,,,,14,Baixo,11 - Não se Aplica,,,,,,,,,44896,
1,Terceiro,Típico sem afastamento,,Sim,CGT Eletrosul,Transmissão,Masculino,32,Até 6 meses,Terça- feira,6,12,2022,10:00 - 11:00,Empresa,Dupla,Roque Gonzales,RS,UHPJ ,-28.1319391,-55.035308200000003,"VP Gente, Gestão e Cultura",Outros,Departamento de Produtividade e Qualidade da Unidade Sul," Divisão de Gestão e Manutenção Predial, Segurança Patrimonial e de Bens Patrimoniais",Setor de Gestão de Infraestrutura e Segurança Patrimonial ,,,0,0,Não,,,,,,,14,Baixo,11 - Não se Aplica,,,,,,,,,44901,
1,Próprio,Típico com afastamento,,Sim,Eletronorte,Transmissão,Masculino,> 60,Acima de 10 anos,Domingo,7,8,2022,13:00 - 14:00,Empresa,Equipe,Ruropólis ,PA,SE Ruropólis,-4.0267299999999997,-54.920760000000001,VP Operações e Segurança,Operações,Superintendência de Produção da Transmissão,Departamento Regional de Produção e Transmissão do Pará,Divisão de Produção e Trasmissão de Altamira,44783,44788,5,0,Não,0,44783,Golpeado por (atingido por objeto em movimento),"Escoriação, Abrasão",Tórax,Baixo,18,Baixo,2 - Percepção de Risco,-,-,-,-,-,-,-,-,44780,
1,Próprio,Típico com afastamento,,Sim,CHESF,Adm,Feminino,> 60,30 a 35 anos,Quarta - feira,20,4,2022,15:00 - 16:00,Empresa,Individual,Salvador,BA,Sede Salvador,-12.939439999999999,-38.420859999999998,"VP Gente, Gestão e Cultura",Outros,Superintendência Jurídica,Departamento Jurídico de Controle de Contingências,-,44685,44700,15,0,Não,,44685,Queda mesmo nível,Fratura,Braço Direito,Baixo,13,Médio,2 - Percepção de Risco,Piso molhado,forma de limpeza do piso,utilização de imediato de calçado novo.,,,,,,44671,
1,Terceiro,Típico com afastamento,,Sim,CHESF,Transmissão,Masculino,48,,Sexta-feira,13,5,2022,16:00 - 17:00,Empresa,Equipe,Santa Cruz,RN,LT,-6.2336,-36.03022,VP Operações e Segurança,Operações,,,,44694,44724,30,0,Não,,44694,Queda com diferença de nível,Lesão,Mão Direita,Alto,10,Médio,2 - Percepção de Risco,Utilizar escada de forma incorreta,Falta de proteção/guarda-corpo,Falha no procedimento,,,,,,44694,
1,Próprio,Típico com afastamento,,Sim,Eletrobras,Transmissão,Masculino,43,Acima de 10 anos,Segunda - feira,10,10,2022,10:00 - 11:00,Empresa,Equipe,Santana de Parnaiba,SP,Sede,-23.65775223,-47.10382748,VP Operações e Segurança,Operações,PS.O - SUP DE PRODUÇÃO SUDESTE,DRQ.O,DMEQ.O,,,1,0,Não,136,44998,Queda mesmo nível,Luxação,Pé Direito,Médio,17,Médio,11 - Não se Aplica,,,,,,,,,44844,
1,Próprio,Típico com afastamento,,Sim,CGT Eletrosul,Geração - Térmica,Masculino,38,Acima de 10 anos,Quinta - feira,30,6,2022,13:00 - 14:00,Empresa,Dupla,Santana do Livramento,RS,Parque Eólico Coxilha Negra,-30.871549300000002,-55.816202500000003,VP Operações e Segurança,Operações,DMO Departamento de Operação e Apoio a  Manutenção ,RMRS,CRLIV,,,8,8,Não,0,44749,Eletricidade,Queimadura Térmica ,Mão Direita,Médio,4,Alto,4 - Eletricidade,Humana,Fisica,Sistemica,Sistema,,,,,44742,
1,Terceiro,Típico com afastamento,,Sim,CGT Eletrosul,Geração - Eólica,Masculino,43,Até 6 meses,Sábado,8,10,2022,10:00 - 11:00,Empresa,Equipe,Santana do Livramento,RS,Parque Eólico Coxilha Negra,-30.871549300000002,-55.816202500000003,"VP Gente, Gestão e Cultura",Outros,Divisão de Construção do Sistema,-,-,,,0,0,Não,,,,,,,14,Baixo,11 - Não se Aplica,,,,,,,,,44842,
1,Terceiro,Típico com afastamento,,Sim,CGT Eletrosul,Geração - Eólica,Masculino,43,Até 6 meses,Quarta - feira,21,12,2022,11:00 - 12:00,Empresa,Equipe,Santana do Livramento,RS,Parque Eólico Coxilha Negra,-30.887154930000001,-55.826202500000001,VP Engenharia de Expansão,Engenharia,Departamento de Engenharia de Geração ,-,-,,,0,0,Não,0,44655,Eletricidade,Sem Lesões,Mão Direita,Médio,14,Médio,4 - Eletricidade,-,-,-,-,-,-,-,-,44916,
1,Próprio,Típico com afastamento,,Sim,Eletrobras,Geração - Hidráulica,Masculino,47,Acima de 10 anos,Sexta-feira,27,5,2022,09:00 - 10:00,Empresa,Dupla,São João Batista do Glória,MG,N/A,-20.66653582,-46.318766930000002,VP Operações e Segurança,Operações,PO.O - SUP DE PRODUÇÃO OESTE,DRM.O,DOFU.O,,,6,0,Não,6,44795,Golpeado por (atingido por objeto em movimento),Lesão,Pé Direito,Baixo,17,Médio,11 - Não se Aplica,,,,,,,,,44708,
1,Próprio,Típico sem afastamento,,Sim,CGT Eletrosul,Transmissão,Masculino,52,Acima de 10 anos,Quarta - feira,21,12,2022,14:00 - 15:00,Via pública,Equipe,São José,SC,SE Sertão Maruim,-27.583458,-48.617223099999997,VP Operações e Segurança,Operações,DMO Departamento de Operação e Apoio a  Manutenção ,RMSC,SMSC,,,0,0,Não,0,44942,Outros,"Distensão, Torção",Não se Aplica,Médio,13,Médio,3 - Trabalho em Altura,Sistêmica ,Humana,,,,,,,44916,
1,Terceiro,Típico com afastamento,,Sim,CGT Eletrosul,Transmissão,Masculino,52,Até 6 meses,Terça- feira,2,8,2022,16:00 - 17:00,Empresa,Dupla,São José,SC,SE Sertão Maruim,-27.583458,-48.617223099999997,"VP Gente, Gestão e Cultura",Outros,Departamento de Produtividade e Qualidade da Unidade Sul," Divisão de Gestão e Manutenção Predial, Segurança Patrimonial e de Bens Patrimoniais",Setor de Gestão de Infraestrutura e Segurança Patrimonial ,,,90,90,Não,,-,Ferramenta Manual,"Laceração, Corte",Mão Direita,Médio,4,Alto,8 - Veículos e Equipamentos Móveis,Percepção de Risco ,Ausência de Inspeção,Equipamento não atende a NR12,,,,,,44775,
1,Terceiro,Típico com afastamento,,Sim,Eletronorte,Adm,Masculino,47,,Quarta - feira,20,4,2022,13:00 - 14:00,Empresa,Individual,São Luís,MA,SE São Luís II,-2.71699,-44.318089999999998,VP Operações e Segurança,Operações,Superintendência de Produção da Transmissão,-,-,44708,44709,1,0,Não,0,44708,Escorregou/Desequilibrou,"Escoriação, Abrasão",Pé Esquerdo,Baixo,14,Baixo,2 - Percepção de Risco,-,-,-,-,-,-,-,-,44671,
1,Terceiro,Trajeto com afastamento,,Sim,CHESF,Adm,Masculino,51,,Quinta - feira,22,3,2022,17:00 - 18:00,Área rural,Individual,São Miguel do Gostoso,RN,Via Pública,-5.1270699999999998,-35.610720000000001,"VP Gente, Gestão e Cultura",Outros,,,,44643,44650,7,0,Não,,44643,Atingido por (pontos agudos ou cortantes),"Laceração, Corte",Pé Esquerdo,Médio,13,Médio,2 - Percepção de Risco,,,,,,,,,44642,
1,Próprio,Trajeto com afastamento,,Sim,Eletrobras,Transmissão,Masculino,39,Acima de 10 anos,Quinta - feira,8,12,2022,06:00 - 07:00,Via pública,Individual,São Roque,SP,Via Pública,-23.65775223,-47.10382748,VP Operações e Segurança,Operações,PS.O - SUP DE PRODUÇÃO SUDESTE,DRQ.O,DMLQ.O,,,1,0,Não,1,44914,Queda mesmo nível,Lesão,Tórax,Baixo,17,Médio,11 - Não se Aplica,,,,,,,,,44903,
1,Terceiro,Típico com afastamento,,Sim,CGT Eletrosul,Expansão,Masculino,32,Até 6 meses,Quinta - feira,1,12,2022,11:00 - 12:00,Empresa,Equipe,Sarandi ,PR,N/A,-26.627535999999999,-56.782435900000003,VP Engenharia de Expansão,Engenharia,Divisão de Construção do Sistema,-,-,,,127,127,Não,,44900,Escada - Queda,Fratura,Braço Esquerdo,Médio,4,Alto,3 - Trabalho em Altura,Falta de planejamento.,Falta de cumprimento de procedimento.,Descumprimento da NR 35.,-,-,-,-,-,44896,
1,Próprio,Típico com afastamento,,Sim,CGT Eletrosul,Transmissão,Masculino,58,Acima de 10 anos,Terça- feira,22,3,2022,13:00 - 14:00,Empresa,Equipe,Siderópolis ,SC,N/A,-28.555821399999999,-49.414165400000002,VP Operações e Segurança,Operações,DMO Departamento de Operação e Apoio a  Manutenção ,RMSC,CRCAP,,,1,0,Não,0,44655,Queda com diferença de nível,Lesão,,Médio,9,Médio,2 - Percepção de Risco,Sistêmica ,,,,,,,,44642,
1,Terceiro,Típico com afastamento,,Sim,CGT Eletrosul,Transmissão,Feminino,> 60,Até 6 meses,Sábado,22,4,2022,08:00 - 09:00,Empresa,Dupla,Siderópolis ,SC,N/A,-28.555821399999999,-49.414165400000002,"VP Gente, Gestão e Cultura",Outros,Divisão de Construção do Sistema,-,-,,,0,0,Não,,,,,,,14,Baixo,11 - Não se Aplica,,,,,,,,,44673,
1,Próprio,Típico com afastamento,,Sim,CHESF,Adm,Masculino,> 60,30 a 35 anos,Segunda - feira,3,1,2022,07:00 - 08:00,Empresa,Individual,Sobradinho,BA,UHE Sobradinho,-9.4336300000000008,-40.829149999999998,VP Operações e Segurança,Operações,Superintendência Regional Sul,Departamento de Operação Regional de Sobradinho,Divisão Regional de Manutenção da Transmissão de Sobradinho,44593,44596,3,0,Não,,44593,Queda mesmo nível,Outros,Braço Direito,Baixo,20,Baixo,2 - Percepção de Risco,Piso molhado,Falta de atenção,Falta de sinalização,,,,,,44564,
1,Próprio,Típico com afastamento,,Sim,CHESF,Geração - Hidráulica,Masculino,47,15 a 20 anos,Quinta - feira,31,3,2022,10:00 - 11:00,Empresa,Equipe,Sobradinho,BA,UHE Sobradinho,-9.4216099999999994,-40.821950000000001,VP Operações e Segurança,Operações,Superintendência Regional Sul,Departamento de Operação Regional de Sobradinho,"Divisão Regional de Telecomunicações, Proteção e Automação de Sobradinho",44652,,,0,Não,,01.04.2022,Outros,Lombalgia de Esforço,Tórax,Baixo,20,Baixo,2 - Percepção de Risco,Esforço físico,Postura Inadequada,,,,,,,44651,
1,Próprio,Típico com afastamento,,Sim,CHESF,Geração - Hidráulica,Masculino,40,15 a 20 anos,Quinta - feira,21,7,2022,09:00 - 10:00,Empresa,Individual,Sobradinho,BA,UHE Sobradinho,-6.2181199999999999,-36.554400000000001,VP Operações e Segurança,Operações,Superintendência Regional Sul,Departamento de Operação Regional de Sobradinho,Divisão regional de Operação de Instalações de Sobradinho,44764,44769,5,0,Não,,44764,Eletricidade,queimadura Arco-elétrico,Dedo da mão Direita,Médio,9,Médio,8 - Veículos e Equipamentos Móveis,Falha em equipamento,Equipamento energizado,Energias perigosas,Falta de EPI,,,,,44763,
1,Próprio,Quase Acidente,,Sim,CHESF,Adm,Masculino,58,10 a 15 anos,Segunda - feira,12,12,2022,07:00 - 08:00,Via pública,Dupla,Sobradinho,BA,Via Pública,-9.3789339999999992,-40.800458999999996,"VP Gente, Gestão e Cultura",Outros,Superintendência Gestão Patrimonial e Regional,Departamento de Gestão Patrimonial e Regional,Divisão de Gestão Patrimonial e Regional de Sobradinho,,,,NA,Não,,NA,Outros,Sem Lesões,Não se Aplica,Baixo,24,Baixo,8 - Veículos e Equipamentos Móveis,Falta de atenção,Condições precárias da via,,,,,,,44907,
1,Próprio,Quase Acidente,,Sim,CHESF,Adm,Masculino,49,15 a 20 anos,Segunda - feira,12,12,2022,07:00 - 08:00,Via pública,Dupla,Sobradinho,BA,Via Pública,-9.3789350000000002,-40.800460000000001,"VP Gente, Gestão e Cultura",Outros,Superintendência Gestão Patrimonial e Regional,Departamento da Gestão da Infraestrutura,-,,,,NA,Não,,NA,Outros,Sem Lesões,Não se Aplica,Baixo,4,Alto,8 - Veículos e Equipamentos Móveis,Falta de atenção,Condições precárias da via,,,,,,,44907,
1,Terceiro,Típico com afastamento,,Sim,CHESF,Geração - Hidráulica,Masculino,50,,Terça- feira,29,11,2022,17:00 - 18:00,Empresa,Dupla,Paulo Afonso,BA,Viveiro de Peixes Paulo Afonso,-9.3803800000000006,-38.217889999999997,VP Operações e Segurança,Operações,,,,44963,44966,3,0,Não,,06/02/02023,Animal,"Laceração, Corte",Mão Direita,Baixo,20,Baixo,8 - Veículos e Equipamentos Móveis,,,,,,,,,44894,
1,Próprio,Quase Acidente,,Sim,CHESF,Transmissão,Masculino,57,15 a 20 anos,Quinta - feira,20,1,2022,10:00 - 11:00,Empresa,Equipe,Teresina,PI,SE Teresina ,-5.1284900000000002,-42.800930000000001,VP Operações e Segurança,Operações,Superintendência Regional Norte,Departamento de Operação Regional de Teresina,Divisão Regional de manutenção da Transmissão de Teresina,,,,NA,Não,,NA,Outros,Sem Lesões,Não se Aplica,Baixo,25,Baixo,3 - Trabalho em Altura,Esforço físico,Ergonomia,,,,,,,44581,
1,Próprio,Típico com afastamento,Sim,Sim,Eletrobras,Transmissão,Masculino,35,Acima de 10 anos,Segunda - feira,5,12,2022,15:00 - 16:00,Via pública,Dupla,Tijuco Preto,SP,Via Pública,-23.710467780999998,-46.287878974999998,VP Operações e Segurança,Operações,PS.O - SUP DE PRODUÇÃO SUDESTE,DRL.O,DMES.O,,,6,0,Não,6,44904,Carro - Capotamento,"Escoriação, Abrasão",Tórax,Médio,13,Médio,11 - Não se Aplica,,,,,,,,,44900,
1,Próprio,Trajeto com afastamento,,Sim,CGT Eletrosul,Transmissão,Masculino,53,Acima de 10 anos,Quarta - feira,7,12,2022,07:00 - 08:00,Via pública,Individual,Tubarão,SC,Via Pública,-28.471983099999999,-49.0366286,VP Operações e Segurança,Operações,DMO Departamento de Operação e Apoio a  Manutenção ,RMSC,CRCAP,,,4,0,Não,0,44740,Moto - Colisão,"Escoriação, Abrasão",Não se Aplica,Médio,13,Médio,8 - Veículos e Equipamentos Móveis,Sistêmica ,Humana,,,,,,,44902,
1,Terceiro,Típico com afastamento,,Sim,Eletronorte,Adm,Feminino,52,,Segunda - feira,20,6,2022,16:00 - 17:00,Empresa,Individual,Tucuruí,PA,UHE Tucuruí,-3.8431959999999998,-49.664273999999999,VP Operações e Segurança,Operações,Superintendência de Produção da Geração Hidraulica,-,-,44771,44773,2,0,Não,0,44771,Escorregou/Desequilibrou,"Distensão, Torção",Pé Esquerdo,Baixo,18,Baixo,2 - Percepção de Risco,-,-,-,-,-,-,-,-,44732,
1,Terceiro,Típico com afastamento,,Sim,Eletronorte,Adm,Masculino,46,,Sexta-feira,24,6,2022,07:00 - 08:00,Empresa,Individual,Tucuruí,PA,UHE Tucuruí,-3.83196,-49.672739999999997,VP Operações e Segurança,Operações,Superintendência de Produção da Geração Hidraulica,-,-,44771,44772,1,0,Não,0,44771,Outros,"Distensão, Torção",Pé Direito,Baixo,22,Baixo,2 - Percepção de Risco,-,-,-,-,-,-,-,-,44736,
1,Terceiro,Trajeto com afastamento,,Sim,Eletronorte,Geração - Hidráulica,Masculino,56,,Segunda - feira,4,7,2022,13:00 - 14:00,Empresa,Individual,Tucuruí,PA,Via Pública,-3.8631959999999999,-49.604273999999997,VP Operações e Segurança,Operações,Superintendência de Produção da Geração Hidraulica,-,-,44771,44774,3,0,Não,0,44771,Moto - Colisão,"Escoriação, Abrasão",Pé Esquerdo,Baixo,14,Baixo,8 - Veículos e Equipamentos Móveis,-,-,-,-,-,-,-,-,44746,
1,Terceiro,Típico com afastamento,,Sim,Eletronorte,Geração - Hidráulica,Masculino,> 60,,Terça- feira,19,7,2022,11:00 - 12:00,Área rural,Equipe,Tucuruí,PA,UHE Tucuruí,-3.8031959999999998,-49.642740000000003,VP Operações e Segurança,Operações,Superintendência de Produção da Geração Hidraulica,-,-,44762,44765,3,0,Não,0,44762,Ferramenta Manual,"Laceração, Corte",Pé Direito,Baixo,14,Baixo,2 - Percepção de Risco,-,-,-,-,-,-,-,-,44761,
1,Terceiro,Típico com afastamento,,Sim,Eletronorte,Geração - Hidráulica,Masculino,> 60,,Sábado,2,7,2022,11:00 - 12:00,Empresa,Equipe,Tucuruí,PA,UHE Tucuruí,-3.8531960000000001,-49.642740000000003,VP Operações e Segurança,Operações,Superintendência de Produção da Geração Hidraulica,-,-,44767,44827,60,0,Não,0,44767,Queda com diferença de nível,Fratura,Pé Esquerdo,Baixo,10,Médio,2 - Percepção de Risco,-,-,-,-,-,-,-,-,44744,
1,Terceiro,Típico com afastamento,,Sim,Eletronorte,Transmissão,Masculino,58,,Segunda - feira,25,7,2022,14:00 - 15:00,Empresa,Equipe,Tucuruí,PA,UHE Tucuruí,-3.7918319600000001,-49.664273999999999,VP Operações e Segurança,Operações,Superintendência de Produção da Geração Hidraulica,-,-,44768,44772,4,0,Não,0,44768,Golpeado por (atingido por objeto em movimento),"Laceração, Corte",Pé Direito,Baixo,10,Médio,2 - Percepção de Risco,-,-,-,-,-,-,-,-,44767,
1,Terceiro,Típico com afastamento,,Sim,Eletronorte,Geração - Hidráulica,Masculino,48,,Segunda - feira,1,8,2022,09:00 - 10:00,Empresa,Equipe,Tucuruí,PA,UHE Tucuruí,-3.7818319599999999,-49.614274000000002,VP Operações e Segurança,Operações,Superintendência de Produção da Geração Hidraulica,,,44774,44779,5,0,Não,0,44774,Golpeado por (atingido por objeto em movimento),Lesão,Mão Direita,Baixo,14,Baixo,2 - Percepção de Risco,-,-,-,-,-,-,-,-,44774,
1,Próprio,Típico com afastamento,,Sim,Eletronorte,Transmissão,Masculino,41,Acima de 10 anos,Sábado,26,11,2022,08:00 - 09:00,Empresa,Individual,Tucuruí,PA,UHE Tucuruí,-3.813196,-49.652740000000001,VP Operações e Segurança,Operações,Superintendência de Gestão de Operação de Sistema,Departamento de Gestão da Operação em Tempo Real,Divisão do Centro de Operação da Transmissão Leste,44896,44906,10,0,Não,0,44896,Escorregou/Desequilibrou,"Distensão, Torção",Perna Direita,Baixo,14,Baixo,2 - Percepção de Risco,-,-,-,-,-,-,-,-,44891,
1,Próprio,Típico com afastamento,,Sim,CHESF,Adm,Feminino,45,10 a 15 anos,Terça- feira,3,5,2022,10:00 - 11:00,Empresa,Individual,Ubaitaba,BA,UHE Funil,-14.227729999999999,-39.462620000000001,VP Operações e Segurança,Operações,Superintendência Regional Sul,Departamento de Operação Regional de Salvador,Divisão Regional de Manutenção da Transmissão de Funil,44694,44704,10,0,Não,,44694,Queda mesmo nível,Fratura,Pé Direito,Baixo,23,Baixo,2 - Percepção de Risco,Falta de atenção,Desnível de piso,,,,,,,44684,
1,Terceiro,Típico sem afastamento,,Sim,CHESF,Geração - Hidráulica,Masculino,46,,Sexta-feira,22,7,2022,09:00 - 10:00,Empresa,Equipe,Ubatã,BA,UHE de Funil,-6.2181199999999999,-36.554400000000001,VP Operações e Segurança,Operações,,,,44768,44768,0,0,Não,,44768,Atingido entre ou abaixo (esmagado ou amputado),Amputação Traumática,Dedo da mão Direita,Alto,4,Alto,8 - Veículos e Equipamentos Móveis,Desvio da atividade operacional para a atividade de manutenção do torno,Falta de procedimento para liberação para manutenção do torno,Constatada folga na manopla da chave seccionadora do torno,Torque acumulado no eixo,Engrenagens do Torno desgastadas e componentes antigos.,,,,44764,
1,Terceiro,Quase Acidente,,,Eletrobras,Transmissão,,,6 meses a 1 ano,Sexta-feira,1,9,2023,13:00 - 14:00,Área rural,Equipe,Abadiânia,GO,LT 345 kV Pirineus – Samambaia,-16.226944445061001,-48.674722222222002,VP Operações e Segurança,Operações,PO.O - SUP DE PRODUÇÃO OESTE,DRB.O - DEP DE PRODUCAO BRASILIA,DMEB.O - DIV MANUT ELETROMECAN BRASÍLIA,,,N/A,N/A,,N/A,N/A,,,,,4,Alto,2 - Percepção de Risco,,,,,,,,,45170,
1,Próprio,Quase Acidente,,Não,CHESF,Adm,,,,Segunda - feira,13,11,2023,06:00 - 07:00,Empresa,,Abreu e Lima,PE,Almoxarifado Abreu e Lima,-7.8895999999999997,-34.901940000000003,VP Suprimentos e Serviços,VSS,SGC-SUP COORD REGIONAL CSC NORDESTE,DGCL-DEP DE LOGISTICA DO CSC,DGCLN-DIV DE OP LOG ALMOX NORTE,,,,0,Não,0,NA,Incêndio,Sem Lesões,,Baixo,16,Baixo,11 - Não se Aplica,,,,,,,,,45243,
1,Terceiro,Típico sem afastamento,,Sim,CHESF,Geração - Hidráulica,Masculino,49,,Segunda - feira,22,5,2023,17:00 - 18:00,Empresa,Individual,Paulo Afonso,BA,Administração UHE Paulo Afonso IV,-9.3976199999999999,-38.21651,VP Operações e Segurança,Operações,,,,45070,45070,0,0,Não,,45070,Golpeado por (atingido por objeto em movimento),"Laceração, Corte",Face,Baixo,15,Baixo,2 - Percepção de Risco,Janela pivoltante emperrada,Vidro trincado ,Alavanca de fechamento e abertura quebrada.,Colaborador abriu a janela de forma inapropriada.,Risco não contemplado em APR e colaborador não orientado,,,,45068,
1,Terceiro,Quase Acidente,,Sim,CGT Eletrosul,Geração - Hidráulica,Masculino,,6 meses a 1 ano,Quinta - feira,7,12,2023,17:00 - 18:00,Empresa,Individual,Água Clara,MS,UHSD,-20.440998100000002,-52.8821783,VP Operações e Segurança,Operações,OOG.S Produção da Geração,OOGG.S Gerencia Técnica da Manutenção da Geraçção,OOGGS.S Divisão Regional de Manutenção e Apoio à Operaçao da Usina de São Domingos,,,N/A,,,,,Outros,Sem Lesões,Não se Aplica,,11,Médio,8 - Veículos e Equipamentos Móveis,,,,,,,,,45267,
1,Próprio,Quase Acidente,,Sim,CGT Eletrosul,Geração - Hidráulica,,,6 meses a 1 ano,Terça- feira,19,12,2023,15:00 - 16:00,Empresa,,Água Clara,MS,UHSD,-20.440998100000002,-52.8821783,VP Operações e Segurança,Operações,OOG.S Produção da Geração,OOGG.S,OOGGS.S,,,N/A,,,,,Outros,Sem Lesões,Não se Aplica,,7,Alto,Outros,,,,,,,,,45279,
1,Próprio,Quase Acidente,,Não,CGT Eletrosul,Geração - Hidráulica,,,6 meses a 1 ano,Quinta - feira,19,10,2023,15:00 - 16:00,Empresa,,Água Clara,MS,Site UHSD - deslocamento do pórtico do vertedouro em direção a casa de máquina.,-20.4452,-52.878999999999998,VP Operações e Segurança,Operações,Departamento de Manutenção e Apoio à Operação,,,,,N/A,,,,,Outros,Sem Lesões,Sem Lesões,,4,Alto,Outros,,,,,,,,,45218,
1,Terceiro,Típico com afastamento,,Sim,CGT Eletrosul,Geração - Hidráulica,Masculino,33,6 meses a 1 ano,Terça- feira,29,8,2023,08:00 - 09:00,Empresa,Dupla,Água Clara,MS,UHE,-20.440977700000001,-52.892477999999997,VP Operações e Segurança,Operações,Departamento de Manutenção,,,,,1,,,,45169,Golpeado por (atingido por objeto em movimento),Fratura,Braço Direito,Alto,4,Alto,8 - Veículos e Equipamentos Móveis,,,,,,,,,45167,
1,Próprio,Quase Acidente,,Não,CGT Eletrosul,Transmissão,,,6 meses a 1 ano,Terça- feira,17,10,2023,16:00 - 17:00,Área rural,,Águas de Chapecó,SC,LT Foz  do Chapecó/ Xanxerê torre 32,-27.075399999999998,-52.980800000000002,VP Operações e Segurança,Operações,Divisão Manutensão Regional Oeste,,,,,N/A,,,,,Outros,Sem Lesões,Sem Lesões,,11,Médio,11 - Não se Aplica,Falta de atenção do motorista na condução do equipamento.,,,,,,,,45216,
1,Próprio,Típico sem afastamento,,Sim,Eletrobras,Transmissão,Masculino,46,Acima de 10 anos,Segunda - feira,13,11,2023,15:00 - 16:00,Área rural,Equipe,Alpinópolis,MG,LT 345kV Furnas - Mascarenhas de Moraes,-20.861434800000001,-46.38,VP Operações e Segurança,Operações,OOE.F - Produção Oeste,OOEM.F - Produção Minas,OOEMM.F - Divisão de Manutenção Eletromecânica Minas,,,0,0,Não,N/A,45271,"Golpeado contra (correndo em direção, tropeçando em)","Escoriação, Abrasão",Partes Múltiplas,Baixo,14,Baixo,3 - Trabalho em Altura,Desatenção na conexão do mosquetão,Fadiga climática,,,,,,,45243,
1,Terceiro,Trajeto sem afastamento,,Sim,Eletronorte,Adm,Feminino,23,Até 6 meses,Quinta - feira,16,11,2023,17:00 - 18:00,Via pública,Individual,Altamira,PA,SE Altamira,-3.2,-52.2,VP Suprimentos e Serviços,VSS,Superintendência de Coordenação Regional do CSC Norte,Departamento de Infraestrutura de Serviços Gerais CSC,Divisão de operação de logística e almoxarifado da Regional Norte,,,,0,Não,0,,Moto - Colisão,Sem Lesões,Não se Aplica,Médio,10,Médio,8 - Veículos e Equipamentos Móveis,,,,,,,,,45246,
1,Próprio,Típico com afastamento,,Sim,CGT Eletrosul,Transmissão,Masculino,52,Acima de 10 anos,Quinta - feira,7,12,2023,16:00 - 17:00,Área rural,Individual,Anastacio,MS,LT Anastacio,-20.56814,-55.841679999999997,VP Operações e Segurança,Operações,Produção da Transmissão,,,,,15,0,Não,15,,Atingido entre ou abaixo (esmagado ou amputado),Lesão,Dedo da mão Esquerda,Médio,11,Médio,11 - Não se Aplica,,,,,,,,,45267,
1,Próprio,Típico com afastamento,,Sim,CHESF,Transmissão,Masculino,47,10 a 15 anos,Quarta - feira,11,1,2023,10:00 - 11:00,Empresa,Individual,Angelim,PE,SE Angelim,-8.8913759999999993,-36.294341000000003,VP Operações e Segurança,Operações,Superintendência Regional Norte,Departamento de Operação Regional de Recife,Divisão regional de Manutenção da Transmissão de Maceió,44937,44938,1,0,Não,,44944,Eletricidade,Luxação,Perna Direita,Baixo,14,Baixo,2 - Percepção de Risco,Falta atenção empregado,,,,,,,,44937,
1,Terceiro,Típico com afastamento,,Sim,Eletrobras,Expansão,Masculino,44,Até 6 meses,Quarta - feira,10,5,2023,15:00 - 16:00,Empresa,Equipe,Angra dos Reis,RJ,SE Angra dos Reis,-23.006658720000001,-44.456155809999998,VP Engenharia de Expansão,Engenharia,ET.E - SUP. DE ENGENHARIA DE TRANSMISSAO,DIT.E - DEP DE IMPLANT PROJETOS TRANSM,DOSE.E - DIV. DE OBRAS SUDESTE,,,9,0,Não,0,45105,Carro - Capotamento,Outros,Cabeça,Médio,4,Alto,8 - Veículos e Equipamentos Móveis,Acidente de trânsito,,,,,,,,45056,
1,Terceiro,Típico com afastamento,,Sim,Eletrobras,Expansão,Masculino,26,Até 6 meses,Quarta - feira,10,5,2023,14:00 - 15:00,Empresa,Equipe,Angra dos Reis,RJ,SE Angra dos Reis,-23.006658720000001,-44.456155809999998,VP Engenharia de Expansão,Engenharia,ET.E - SUP. DE ENGENHARIA DE TRANSMISSAO,DIT.E - DEP DE IMPLANT PROJETOS TRANSM,DOSE.E - DIV. DE OBRAS SUDESTE,,,6,0,Não,0,45104,Transporte manual de carga,Lesão,Pé Direito,Médio,10,Médio,2 - Percepção de Risco,Transporte manual de carga em canteiro de obras,,,,,,,,45056,
1,Terceiro,Típico com afastamento,,Sim,Eletrobras,Expansão,Masculino,36,6 meses a 1 ano,Quinta - feira,1,6,2023,14:00 - 15:00,Área urbana,Equipe,Angra dos Reis,RJ,SE Angra dos Reis,-23.006658720000001,-44.456155809999998,VP Engenharia de Expansão,Engenharia,Superintendência de Engenharia de Transmissão,DIT.E - DEP DE IMPLANT PROJETOS TRANSM,DOSE.E - DIV. DE OBRAS SUDESTE,,,6,0,Não,0,45078,Golpeado por (atingido por objeto em movimento),Lesão,Mão direita,Médio,13,Médio,2 - Percepção de Risco,Posicionamento incorreto do cavalete e bobina de cabos elétricos ,Solo desnivelado do local de apoio do cavalete,,,,,,,45078,
1,Próprio,Típico com afastamento,,Sim,Eletrobras,Transmissão,Masculino,54,Acima de 10 anos,Segunda - feira,12,6,2023,08:00 - 09:00,Empresa,Dupla,Angra dos Reis,RJ,SE Angra dos Reis,-23.006658720000001,-44.456155809999998,VP Operações e Segurança,Operações,PS.O - SUP DE PRODUÇÃO SUDESTE,DRR.O,DMER.O,,,2,0,Não,2,45090,"Golpeado contra (correndo em direção, tropeçando em)","Laceração, Corte",Face,Médio,11,Médio,11 - Não se Aplica,,,,,,,,,45089,
1,Próprio,Típico sem afastamento,,Sim,Eletrobras,Transmissão,Masculino,50,Acima de 10 anos,Segunda - feira,27,2,2023,07:00 - 08:00,Empresa,Individual,Aparecida de Goiânia,GO,SE Bandeirantes,-16.772969830000001,-49.213428569999998,VP Operações e Segurança,Operações,PO.O - SUP DE PRODUÇÃO OESTE,DRG.O,DOBD.O,,,0,0,Não,0,44988,Queimadura,Queimadura Térmica ,Mão Direita,Baixo,15,Baixo,11 - Não se Aplica,,,,,,,,,44984,
1,Terceiro,Típico com afastamento,,Sim,Eletrobras,Adm,Masculino,37,1 a 3 anos,Quarta - feira,5,4,2023,14:00 - 15:00,Empresa,Individual,Aparecida de Goiânia,GO,SE Bandeirantes,-16.782969829999999,-49.223428570000003,VP Suprimentos e Serviços,VSS,CS.G - SUP COORD REGIONAL CSC SUDESTE,CSI.G,CSGO.G,,,30,0,Não,30,45022,Atingido entre ou abaixo (esmagado ou amputado),Fratura,Mão Direita,Médio,9,Médio,2 - Percepção de Risco,Falta de atenção no desenvolvimento da atividade,,,,,,,,45021,
1,Próprio,Típico sem afastamento,,Sim,Eletrobras,Melhoria,Masculino,57,Acima de 10 anos,Sábado,2,9,2023,11:00 - 12:00,Empresa,Individual,Aparecida de Goiânia,GO,Laboratório de Aparecida de Goiânia,-16.792969830000001,-49.234285700000001,VP Engenharia de Expansão,Engenharia,EG.E - SUP. DE ENGENHARIA DE GERACAO,DSB.E - DEP SEG DE BARRAGEM E TECNOLOGIA,DIST.E - DIV. INSTRUM. E SUP.TECNOLOGICO,,,0,0,Não,N/A,45177,Escada - Não amarrada,"Laceração, Corte",Cabeça,Baixo,11,Médio,2 - Percepção de Risco,Sinalização deficiente da escada,,,,,,,,45171,
1,Terceiro,Trajeto com afastamento,,Sim,Eletrobras,Adm,Masculino,25,Até 6 meses,Sexta-feira,4,9,2023,06:00 - 07:00,Via pública,Individual,Aparecida de Goiânia,GO,Laboratório de Aparecida de Goiânia,-16.797222222858,-49.255277777777998,VP Suprimentos e Serviços,VSS,CS.G - SUP COORD REGIONAL CSC SUDESTE,CSI.G - DEP INFRA E SERV GERAIS,CSGO.G - DIV INFRA SERV GERAIS GO,,,3,0,Não,0,45182,Escorregou/Desequilibrou,"Escoriação, Abrasão",Partes Múltiplas,Médio,11,Médio,8 - Veículos e Equipamentos Móveis,Desnível na pista,,,,,,,,45173,
1,Terceiro,Típico com afastamento,,Sim,Eletrobras,Adm,Masculino,45,1 a 3 anos,Terça- feira,20,6,2023,10:00 - 11:00,Empresa,Individual,Araporã,MG,UHE Itumbiara,-18.404912509999999,-49.09215683,VP Suprimentos e Serviços,VSS,CS.G - SUP COORD REGIONAL CSC SUDESTE,CSI.G,CSGO.G,,,2,0,Não,2,45099,Escada - Queda,"Escoriação, Abrasão",Tórax,Médio,10,Médio,11 - Não se Aplica,,,,,,,,,45097,
1,Terceiro,Típico com afastamento,,Sim,Eletronorte,Adm,Masculino,40,1 a 3 anos,Quinta - feira,3,5,2023,09:00 - 10:00,Empresa,Equipe,Araraquara,SP,SE Araraquara,-21.832129999999999,-48.350029999999997,VP Operações e Segurança,Operações,Superintendência de Produção da Transmissão,Departamento Regional de Produção e Trasmissão do HVDC,-,45050,45140,90,0,Não,0,45050,Queda com diferença de nível,Fratura,Pé Esquerdo,Médio,10,Médio,3 - Trabalho em Altura,-,-,-,-,-,-,-,-,45049,
1,Próprio,Típico sem afastamento,,Sim,Eletronorte,Transmissão,Masculino,47,Acima de 10 anos,Quinta - feira,21,12,2023,08:00 - 09:00,Empresa,Individual,Araraquara,SP,SE Araraquara,-21.832129999999999,-48.350029999999997,VP Operações e Segurança,Operações,Gerência Executiva de Produção da Transmissão,Regional de Produção de Transmissão do HVDC,,,,,0,Não,0,,Animal,Intoxicação,Pé Direito,Médio,11,Médio,2 - Percepção de Risco,,,,,,,,,45281,
1,Próprio,Trajeto com afastamento,,Sim,CGT Eletrosul,Adm,Feminino,19,6 meses a 1 ano,Sexta-feira,16,6,2023,07:00 - 08:00,Via pública,Dupla,Bagé,RS,Via Pública,-31.242878000000001,-54.724943799999998,"VP Gente, Gestão e Cultura",Outros, DGP Departramento de Gestão de Pessoas,,,,,4,4,Não,0,45113,Moto - Colisão,"Escoriação, Abrasão",Perna Esquerda,Alto,5,Alto,8 - Veículos e Equipamentos Móveis,,,,,,,,,45093,
1,Terceiro,Típico com afastamento,,Sim,CHESF,Transmissão,Masculino,22,Até 6 meses,Segunda - feira,28,8,2023,10:00 - 11:00,Área rural,Equipe,Banabuiú,CE,LT,-5.3063809700000002,-38.920332770000002,VP Operações e Segurança,Operações,Superintendência Regional Norte,Departamento de Operações Regional de Fortaleza,Divisão Regional de Manutenção da Transmissão de Fortaleza,45168,45171,3,0,Não,0,45168,Impacto de pessoa contra objeto parado,Luxação,Joelho,Médio,11,Médio,3 - Trabalho em Altura,Acidente sendo investigado,,,,,,,,45166,
1,Terceiro,Típico sem afastamento,,Sim,Eletronorte,Adm,Masculino,48,Até 6 meses,Segunda - feira,16,10,2023,13:00 - 14:00,Empresa,Individual,Belém,PA,SE Guamá,-1.4225833000000001,-48.434581999999999,VP Suprimentos e Serviços,VSS,Superintendência de Coordenação Regional do CSC Norte,Departamento de Infraestrutura de Serviços Gerais CSC,,,,,0,Não,0,45216,Animal,Outros,Cabeça,Baixo,11,Médio,11 - Não se Aplica,,,,,,,,,45215,
1,Terceiro,Quase Acidente,,Sim,Eletronorte,Adm,Feminino,43,6 meses a 1 ano,Terça- feira,3,10,2023,17:00 - 18:00,Empresa,Individual,Belém,PA,SE Guamá,-1.46,-48.44,"VP Gente, Gestão e Cultura",Outros,Superintedência de Gestão de Pessoas,"Departamento de Saúde, Segurança e Bem-estar do trabalho",Divisão de Segurança do trabalho da transmissão,,,,0,Não,0,,Golpeado por (atingido por objeto em movimento),Sem Lesões,,Médio,14,Baixo,2 - Percepção de Risco,,,,,,,,,45202,
1,Próprio,Quase Acidente,,Sim,Eletronorte,Adm,Feminino,43,6 meses a 1 ano,Segunda - feira,20,11,2023,07:00 - 08:00,,Individual,Belém,PA,SE Guamá,-1.46,-48.44,"VP Gente, Gestão e Cultura",Outros,Superintedência de Gestão de Pessoas,"Departamento de Saúde, Segurança e Bem-estar do trabalho",Divisão de Segurança do trabalho da transmissão,,,,0,Não,0,,Outros,Sem Lesões,Não se Aplica,Baixo,13,Médio,8 - Veículos e Equipamentos Móveis,,,,,,,,,45250,
1,Próprio,Típico sem afastamento,,Sim,CGT Eletrosul,Transmissão,Masculino,44,Acima de 10 anos,Quarta - feira,8,2,2023,09:00 - 10:00,Empresa,Equipe,Blumenau,SC,LT Blumenau,-26.8560081,-49.263919100000003,VP Operações e Segurança,Operações,DMO Departamento de Operação e Apoio a  Manutenção ,RMSC,CRJOI,,,0,0,Não,0,,Animal,Lesão,Mão Direita,Médio,13,Médio,2 - Percepção de Risco,Sistêmica ,Humana,Sistêmica ,,,,,,44965,
1,Próprio,Quase Acidente,,Sim,CGT Eletrosul,Transmissão,Masculino,52,Acima de 10 anos,Sexta-feira,10,11,2023,07:00 - 08:00,Área urbana,Dupla,Blumenau,SC,SE Blumenau,-26.551663999999999,-49.396659999999997,VP Operações e Segurança,Operações,Produção da Transmissão,,,,,N/A,,,,,Carro - Colisão ,Sem Lesões,Não se Aplica,,15,Baixo,8 - Veículos e Equipamentos Móveis,,,,,,,,,45240,
1,Próprio,Quase Acidente,,Não,CHESF,Adm,Masculino,41,10 a 15 anos,Terça- feira,9,5,2023,17:00 - 18:00,Via pública,Individual,Bom Jesus da Lapa,BA,Via Pública,-13.251898000000001,-43.405909000000001,"VP Gente, Gestão e Cultura",Outros,Superintendência de Gestão de Pessoas,"Departamento de Saúde, Segurança e Bem-Estar no Trabalho","Divisão de Saúde, Segurança e Bem-Estar no Trabalho Norte",,,,NA,Não,,NA,Carro - Colisão ,Sem Lesões,Não se Aplica,Baixo,15,Baixo,8 - Veículos e Equipamentos Móveis,Falha em equipamento,Necessidade de reforço de treinamento,Tempo insuficiente,,,,,,45055,
1,Terceiro,Quase Acidente,,Não,Eletrobras,Transmissão,Masculino,30,3 a 6 anos,Segunda - feira,11,12,2023,14:00 - 15:00,Empresa,Individual,Brasília,DF,SE Brasília Geral,-15.812500000603,-47.951666666667002,VP Operações e Segurança,Operações,CS.G - SUP COORD REGIONAL CSC SUDESTE,CSI.G - DEP INFRA E SERV GERAIS,CSGO.G - DIV INFRA SERV GERAIS GO,,,N/A,N/A,Não,N/A,N/A,,,,,14,Baixo,Outros,(em investigação),,,,,,,,45271,
1,Próprio,Quase Acidente,,Sim,Eletrobras,Transmissão,Masculino,59,Acima de 10 anos,Quarta - feira,26,7,2023,14:00 - 15:00,Empresa,Equipe,Cachoeira Paulista,SP,SE Cachoeira Paulista,-22.630962350000001,-45.035328819999997,VP Operações e Segurança,Operações,PS.O - SUP DE PRODUÇÃO SUDESTE,DRN.O - Departamento de Produção Nova Iguaçu ,DMEN.O - Divisão de Manutenção Eletromecânica Nova Iguaçu,,,N/A,NA,Não,NA,NA,Outros,NA,,Baixo,4,Alto,Outros,,,,,,,,,45133,
1,Próprio,Quase Acidente,,Não,CHESF,Transmissão,Masculino,39,10 a 15 anos,Terça- feira,17,1,2023,11:00 - 12:00,Empresa,Dupla,Camaçari,BA,SE Camaçari,-12.619441699999999,-38.619650999999998,VP Operações e Segurança,Operações,Superintendência Regional Sul,Departamento de Operação Regional de Salvador,Divisão Regional de Operação de Instalações de Salvador,,,,NA,Não,,NA,Outros,Sem Lesões,Não se Aplica,Baixo,16,Baixo,2 - Percepção de Risco,Tampa de piso mal colocada,Pisão em tampa mal colocada,,,,,,,44943,
1,Terceiro,Quase Acidente,,Não,CHESF,Transmissão,Masculino,24,Até 6 meses,Sexta-feira,29,9,2023,09:00 - 10:00,Empresa,Equipe,Camaçari,BA,LT,,,VP Operações e Segurança,Operações,Superintendência Regional Sul,Departamento de Operação Regional de Salvador,Divisão Regional de Manutenção da Transmissão de Camaçari,0,0,0,0,Não,0,,Outros,Sem Lesões,,Baixo,11,Médio,11 - Não se Aplica,Em análise,,,,,,,,45198,
1,Próprio,Quase Acidente,,Não,CHESF,Transmissão,,,,Quarta - feira,8,11,2023,08:00 - 09:00,Empresa,,Camaçari,BA,SE Camaçari,-12.5983242027919,-38.345544059159899,VP Operações e Segurança,Operações,,OOSS.C - OPERAÇÃO REGIONAL DE SALVADOR,,,,,0,Não,0,NA,Incêndio,Sem Lesões,,Baixo,16,Baixo,11 - Não se Aplica,,,,,,,,,45238,
1,Próprio,Típico sem afastamento,,Sim,CGT Eletrosul,Transmissão,Masculino,48,Acima de 10 anos,Domingo,16,7,2023,12:00- 13:00,Área rural,Individual,Cambará do Sul ,RS,Área rural,-29.057535999999999,-50.423492000000003,VP Operações e Segurança,Operações,Departamento de Manutenção e Apoio à Operação,,,,,0,,,,45133,Golpeado por (atingido por objeto em movimento),"Distensão, Torção",Dedo da mão Direita,Baixo,15,Baixo,2 - Percepção de Risco,"Melhor avaliação da cena, cuidado e atenção, falta de percepção do risco
","Falta de lubrificação periódica no mecanismo da descida da estepe
",,,,,,,45123,
1,Terceiro,Típico sem afastamento,,Sim,CHESF,Transmissão,Masculino,30,Até 6 meses,Segunda - feira,13,2,2023,12:00- 13:00,Empresa,Equipe,Campina Grande,PB,SE Campina Grande II,-7.2659799999999999,-35.908569999999997,VP Operações e Segurança,Operações,,,,44971,44971,0,0,Não,,44971,Golpeado por (atingido por objeto em movimento),Lesão,Braço Direito,Baixo,11,Médio,3 - Trabalho em Altura,,,,,,,,,44970,
1,Próprio,Típico sem afastamento,Sim,Sim,CHESF,Transmissão,Masculino,46,Acima de 10 anos,Terça- feira,24,10,2023,13:00 - 14:00,Via pública,Dupla,Campina Grande,PB,km 54 da BR-230,-7.1853480000000003,-35.297158000000003,VP Operações e Segurança,Operações,Superintendência Regional Norte,Departamento de Operação Regional de Natal,,45223,45223,2,0,Sim,2,45226,Carro - Capotamento,Traumatismo,Face,Médio,10,Médio,8 - Veículos e Equipamentos Móveis,,,,,,,,,45223,
1,Próprio,Típico sem afastamento,Sim,Sim,CHESF,Transmissão,Masculino,55,Acima de 10 anos,Terça- feira,24,10,2023,13:00 - 14:00,Via pública,Dupla,Campina Grande,PB,Km 54 da BR-230,-7.1853480000000003,-35.297158000000003,VP Operações e Segurança,Operações,Superintendência Regional Norte,Departamento de Operação Regional de Natal,,45226,45226,0,0,Não,0,45226,Carro - Capotamento,Traumatismo,Face,Médio,10,Médio,8 - Veículos e Equipamentos Móveis,,,,,,,,,45223,
1,Terceiro,Típico com afastamento,,Sim,Eletrobras,Adm,Masculino,25,Até 6 meses,Terça- feira,18,7,2023,09:00 - 10:00,Empresa,Individual,Campinas,SP,SE Campinas,-22.777032550000001,-47.020342364999998,VP Suprimentos e Serviços,VSS,CS.G - SUP COORD REGIONAL CSC SUDESTE,CSI.G - DEP INFRA E SERV GERAIS,CSSP.G - DIV INFRA SERV GERAIS SP,,,7,0,Não,5,45125,Ferramenta Manual,Queimadura Térmica ,Mão Esquerda,Médio,13,Médio,2 - Percepção de Risco,Posicionamento incorreto de soldagem,,,,,,,,45125,
1,Próprio,Quase Acidente,,Não,CHESF,Transmissão,Masculino,49,20 a 25 anos,Domingo,18,6,2023,17:00 - 18:00,Via pública,Individual,Campo Maior,PI,Via Pública,-4.811032,-42.151930999999998,VP Operações e Segurança,Operações,Superintendência Regional Norte,Departamento de Operação Regional de Teresina,Divisão Regional de Manutenção da Transmissão de Paulo Afonso,,,,NA,Não,,NA,Carro - Capotamento,Sem Lesões,Não se Aplica,Baixo,2,Crítico,8 - Veículos e Equipamentos Móveis,Falha no procedimento (direção),,,,,,,,45095,
1,Próprio,Quase Acidente,,Não,CGT Eletrosul,Transmissão,Masculino,52,Acima de 10 anos,Quarta - feira,8,8,2023,10:00 - 11:00,Área rural,Dupla,Campo Mourão,PR,Linha Salto Osório,-24.042704499999999,-52.432372200000003,VP Operações e Segurança,Operações,Departamento de Manutenção,Regional de Manutenção Oeste,Centro Regional Laranjeiras,,,N/A,0,Não,0,NA,Carro - Colisão ,Outros,,,15,Baixo,2 - Percepção de Risco,,,,,,,,,45146,
1,Próprio,Quase Acidente,,Não,CGT Eletrosul,Transmissão,Masculino,58,Acima de 10 anos,Quarta - feira,8,8,2023,10:00 - 11:00,Área rural,Dupla,Campo Mourão,PR,Linha Salto Osório,-24.042704499999999,-52.432372200000003,VP Operações e Segurança,Operações,Departamento de Manutenção,Regional de Manutenção Oeste,Centro Regional Laranjeiras,,,N/A,0,Não,0,NA,Carro - Colisão ,Outros,,,15,Baixo,2 - Percepção de Risco,,,,,,,,,45146,
1,Terceiro,Típico sem afastamento,,Sim,CGT Eletrosul,Adm,Masculino,21,6 meses a 1 ano,Terça- feira,13,6,2023,17:00 - 18:00,Empresa,Individual,Candiota,RS,UHE Candiota,-31.551400000000001,-53.650827999999997,VP Engenharia de Expansão,Engenharia,DEG Departamento Engenharia de Geração,,,,,0,0,Não,0,45091,Queda mesmo nível,Luxação,Ombro e costas,Médio,11,Médio,11 - Não se Aplica,,,,,,,,,45090,
1,Terceiro,Trajeto sem afastamento,,Não,CGT Eletrosul,Geração - Térmica,Masculino,41,Até 6 meses,Segunda - feira,19,6,2023,10:00 - 11:00,Área rural,Equipe,Candiota,RS,UHE Candiota,-31.5008786,-53.812005900000003,VP Engenharia de Expansão,Engenharia,DEG Departamento Engenharia de Geração,,,,,0,,,,,Golpeado por (atingido por objeto em movimento),Outros,,Médio,13,Médio,8 - Veículos e Equipamentos Móveis,,,,,,,,,45096,
1,Terceiro,Típico sem afastamento,,Não,CGT Eletrosul,Geração - Térmica,Masculino,39,Até 6 meses,Sexta-feira,21,7,2023,08:00 - 09:00,Empresa,Equipe,Candiota,RS,UHE Candiota,-31.551400000000001,-53.650827999999997,VP Operações e Segurança,Operações,"Divisão de operação do ciclo de afluentes, efluentes e residuos.",,,,,0,,Não,,,Outros,Lesão,Face,Médio,4,Alto,10 - Produtos Químicos Perigosos,Não utilização de EPI ,,,,,,,,45128,
1,Terceiro,Trajeto com afastamento,,SIM,CGT Eletrosul,Geração - Térmica,Masculino,26,6 meses a 1 ano,Sexta-feira,28,7,2023,20:00 - 21:00,Empresa,Equipe,Candiota,RS,Estacionamento externo da UHE Termoelétrica,-31.551400000000001,-53.650827999999997,VP Operações e Segurança,Operações,Departamento de Manutenção de Geração Térmica,Divisão de Gestão de manutenção Térmica,,,,15,,,,,Queda com diferença de nível,Fratura,,Médio,9,Médio,2 - Percepção de Risco,,,,,,,,,45135,
1,Terceiro,Típico sem afastamento,,Não,CGT Eletrosul,Geração - Térmica,Masculino,26,3 a 6 anos,Domingo,30,7,2023,16:00 - 17:00,Empresa,Equipe,Candiota,RS,UHE Termoelétrica de Candiota- FASE C - área - descarregamento de cal  FGD,-31.551400000000001,-53.650827999999997,VP Operações e Segurança,Operações,Operação Geração Térmica,"Divisão de Operação do Ciclo de Afluentes, Efluentes e Resíduos.",,,,0,,,,,Explosão,"Escoriação, Abrasão",Partes Múltiplas,Médio,4,Alto,10 - Produtos Químicos Perigosos,"Colaborador na linha de perigo
","Pressão acima do limite 
","Descumprimento de procedimento
","Falha de válvulas de segurança e manômetros 
","Falha estrutural (em avaliação)
",,,,45137,
1,Próprio,Típico com afastamento,,Não,CGT Eletrosul,Geração - Térmica,Masculino,43,Acima de 10 anos,Quarta - feira,20,9,2023,18:00 - 19:00 ,Empresa,Individual,Candiota,RS,UHE Termoelétrica de Candiota- Comanda Quimica,-31.5008786,-51.721996699999998,VP Operações e Segurança,Operações,Departamento de Operação da Geração Térmica,,,,,8,-,,-,-,Queda mesmo nível,"Escoriação, Abrasão",Não se Aplica,Baixo,11,Médio,2 - Percepção de Risco,,,,,,,,,45189,
1,Próprio,Trajeto sem afastamento,,Não,CGT Eletrosul,Geração - Térmica,Masculino,51,Acima de 10 anos,Terça- feira,3,10,2023,00:00 - 01:00 ,Via pública,Equipe,Candiota,RS,UTE III Fase C,-31.5008786,-51.721996699999998,VP Operações e Segurança,Operações,Departamento de Operação da Geração Térmica,,,,,0,,,,,Outros,Lesão,Cabeça,Baixo,15,Baixo,8 - Veículos e Equipamentos Móveis,,,,,,,,,45202,
1,Terceiro,Típico com afastamento,,Sim,CGT Eletrosul,Geração - Térmica,Masculino,20,Até 6 meses,Terça- feira,28,2,2023,10:00 - 11:00,Empresa,Equipe,Candiota ,RS,UHE Candiota,-31.551400000000001,-53.650827999999997,VP Engenharia de Expansão,Engenharia,DEG Departamento Engenharia de Geração,-,-,,,15,0,Não,0,,Escada - Queda,"Distensão, Torção",Pé Esquerdo,Médio,11,Médio,2 - Percepção de Risco,-,-,-,-,-,-,-,-,44985,
1,Terceiro,Típico com afastamento,,Sim,CGT Eletrosul,Geração - Térmica,Masculino,28,Até 6 meses,Sexta-feira,10,3,2023,09:00 - 10:00,Empresa,Equipe,Candiota ,RS,UHE Candiota,-31.551400000000001,-53.650827999999997,VP Engenharia de Expansão,Engenharia,Departamento de Manutenção Térmica,-,-,,,3,0,Não,0,44783,Carro - Colisão ,Lesão,,Médio,11,Médio,8 - Veículos e Equipamentos Móveis,-,-,-,-,-,-,-,-,44995,
1,Terceiro,Típico sem afastamento,,Sim,CGT Eletrosul,Geração - Térmica,Masculino,41,Até 6 meses,Segunda - feira,10,4,2023,14:00 - 15:00,Empresa,Dupla,Candiota ,RS,UHE Candiota,-31.551400000000001,-53.650827999999997,VP Engenharia de Expansão,Engenharia,DEG Departamento Engenharia de Geração,-,-,,,0,0,Não,0,44736,Ferramenta Manual,"Laceração, Corte",Mão Direita,Baixo,15,Baixo,2 - Percepção de Risco,-,-,-,-,-,-,-,-,45026,
1,Terceiro,Típico com afastamento,,Sim,CGT Eletrosul,Geração - Térmica,Masculino,42,Até 6 meses,Quarta - feira,19,4,2023,14:00 - 15:00,Empresa,Dupla,Candiota ,RS,UHE Candiota,-31.551400000000001,-53.650827999999997,VP Engenharia de Expansão,Engenharia,DEG Departamento Engenharia de Geração,-,-,,,1,0,Não,0,44767,Eletricidade,Choque Elétrico,Mão Direita,Médio,13,Médio,4 - Eletricidade,Falta de procedimento para identificação de cabo de aterramento.,Falta de procedimento de comunicação.,Falta de percepção de risco,Não utilização de luvas adequadas.,,,,,45035,
1,Terceiro,Típico com afastamento,,Sim,CGT Eletrosul,Geração - Térmica,Feminino,38,Até 6 meses,Quinta - feira,25,5,2023,11:00 - 12:00,Empresa,Dupla,Candiota ,RS,UHE Candiota,-31.551400000000001,-53.650827999999997,VP Engenharia de Expansão,Engenharia,DEG Departamento Engenharia de Geração,-,-,,,90,0,Não,0,,Ferramenta Manual,"Laceração, Corte",Mão Direita,Alto,4,Alto,8 - Veículos e Equipamentos Móveis,Percepção de Risco ,Ausência de Inspeção,Equipamento não atende a NR12,,,,,,45071,
1,Terceiro,Trajeto com afastamento,,Sim,CHESF,Geração - Hidráulica,Feminino,44,1 a 3 anos,Terça- feira,10,10,2023,16:00 - 17:00,Via pública,Individual,Canindé de São Francisco,SE,UHE de Xingó,-9.6275109000000008,-37.798346299999999,VP Operações e Segurança,Operações,Superintendência de Coordenação Regional do CSC Nordeste,Departamento de Infraestrutura e Serviços Gerais do CSC,Divisão de Infraestrutura e Serviços Gerais Paulo Afonso,45210,45212,2,0,Não,0,45210,Moto - Queda,"Escoriação, Abrasão",Partes Múltiplas,Médio,8,Alto,8 - Veículos e Equipamentos Móveis,,,,,,,,,45209,
1,Terceiro,Quase Acidente,,Não,CHESF,Expansão,Masculino,39,1 a 3 anos,Quarta - feira,6,12,2023,11:00 - 12:00,Empresa,Equipe,Canindé de São Francisco,SE,UHE de Xingó,-9.6275109000000008,-37.798346299999999,VP Engenharia de Expansão,Engenharia,,PARCEIROS DE NEGÓCIO ENGENHARIA CHESF,,,,,NA,Não,NA,NA,Outros,Sem Lesões,,Médio,13,Médio,2 - Percepção de Risco,,,,,,,,,45266,
1,Terceiro,Quase Acidente,,Não,CGT Eletrosul,Expansão,Masculino,20,1 a 3 anos,Segunda - feira,30,10,2023,13:00 - 14:00,Empresa,Individual,Canoinhas,SC,SE Canoinhas,-26.176600000000001,-50.395000000000003,VP Engenharia de Expansão,Engenharia,DEG Departamento Engenharia de Geração,,,,,N/A,,,,,Ferramenta Manual,Sem Lesões,Não se Aplica,,11,Médio,4 - Eletricidade,Atividade realizada em painel energizado,Atividade realizada em painel sem proteção de barramento,Atividade realizada em painel sem sinalização.,,,,,,45229,
1,Próprio,Trajeto sem afastamento,,Sim,Eletrobras,Expansão,Masculino,55,Acima de 10 anos,Quinta - feira,19,1,2023,01:00 - 02:00,Área rural,Individual,Capitólio,MG,Via Pública,-20.66653582,-46.318766930000002,VP Engenharia de Expansão,Engenharia,EG.E - SUP. DE ENGENHARIA DE GERACAO,DIG.E,DCGC.E,,,0,0,Não,0,44949,Carro - Colisão ,Outros,Tórax,Baixo,7,Alto,8 - Veículos e Equipamentos Móveis,,,,,,,,,44945,
1,Próprio,Típico com afastamento,,Sim,CGT Eletrosul,Transmissão,Masculino,48,Acima de 10 anos,Quarta - feira,1,3,2023,09:00 - 10:00,Empresa,Equipe,Capivari de  Baixo,SC,LT Capivari de Baixo,-28.444567574000001,-48.950717912000002,VP Operações e Segurança,Operações,DMD,RMSC,CRCAP,,,14,0,Não,0,,Golpeado por (atingido por objeto em movimento),Fratura,Mão Esquerda,Médio,11,Médio,2 - Percepção de Risco,Fisica,Humana,,,,,,,44986,
1,Próprio,Quase Acidente,,Não,CHESF,Transmissão,Masculino,43,10 a 15 anos,Terça- feira,21,3,2023,18:00 - 19:00 ,Via pública,Individual,Casa Nova,BA,Via Pública,-9.2161229999999996,-41.067523000000001,VP Operações e Segurança,Operações,Superintendência Regional Sul,Departamento de Operação Regional de Sobradinho,"Divisão Regional de Telecom, Proteção e Automação de Sobradinho",,,,NA,Não,,NA,Carro - Colisão ,Sem Lesões,Não se Aplica,Baixo,4,Alto,8 - Veículos e Equipamentos Móveis,Animais na via,,,,,,,,45006,
1,Terceiro,Quase Acidente,,,Eletrobras,Adm,Masculino,> 60,Até 6 meses,Quarta - feira,13,9,2023,13:00 - 14:00,Via pública,Individual,Cássia,MG,UHE Mascarenhas de Moraes,-20.5594444452,-46.932777777778,VP Engenharia de Expansão,Engenharia,EG.E - SUP. DE ENGENHARIA DE GERACAO,DIG.E - DEP. IMPLANT. PROJETOS GERAÇÃO,DCGC.E - DIV. CONSTR. GERAÇÃO CENTRO,,,N/A,N/A,,N/A,N/A,,,,Médio,7,Alto,8 - Veículos e Equipamentos Móveis,Manutenção veicular deficiente,,,,,,,,45182,
1,Terceiro,Típico com afastamento,,Sim,Eletrobras,Geração - Hidráulica,Masculino,54,1 a 3 anos,Sexta-feira,17,11,2023,12:00- 13:00,Área rural,Equipe,Cássia,MG,Balsa Rio Grande IV,-20.420000000000002,-46.86,VP Engenharia de Expansão,Engenharia,EEI - Engenharia de Implantação (Geração/Transmissão),EEIG,EEIGH.F,,,40,0,Não,0,45252,Golpeado por (atingido por objeto em movimento),Fratura,Dedo da mão Direita,Médio,10,Médio,2 - Percepção de Risco,(em investigação),,,,,,,,45247,
1,Próprio,Quase Acidente,,Não,CHESF,Transmissão,Masculino,> 60,Acima de 10 anos,Quinta - feira,9,11,2023,11:00 - 12:00,Empresa,Equipe,Catu,BA,SE Catu,-12.3996265022577,-38.361894078695698,VP Operações e Segurança,Operações,,OOSS.C - OPERAÇÃO REGIONAL DE SALVADOR,,,,,0,Não,0,NA,Eletricidade,Sem Lesões,,Baixo,11,Médio,4 - Eletricidade,,,,,,,,,45239,
1,Próprio,Quase Acidente,,Não,CHESF,Transmissão,Masculino,54,Acima de 10 anos,Quinta - feira,9,11,2023,11:00 - 12:00,Empresa,Equipe,Catu,BA,SE Catu,-12.3996265022577,-38.361894078695698,VP Operações e Segurança,Operações,,OOSS.C - OPERAÇÃO REGIONAL DE SALVADOR,,,,,0,Não,0,NA,Eletricidade,Sem Lesões,,Baixo,11,Médio,4 - Eletricidade,,,,,,,,,45239,
1,Próprio,Típico com afastamento,Sim,Sim,CHESF,Transmissão,Masculino,> 60,40 a 50 anos,Sexta-feira,16,6,2023,15:00 - 16:00,Via pública,Dupla,Caxias,MA,Via Pública,-5.1700699999999999,-42.782029999999999,VP Operações e Segurança,Operações,Superintendência Regional Norte,Departamento de Operação Regional de Teresina,Divisão Regional de Manutenção da Transmissão de Teresina,45093,45100,7,0,Não,,45098,Outros,"Escoriação, Abrasão",Face,Médio,2,Crítico,8 - Veículos e Equipamentos Móveis,Capotamento de veículo,Trânsito em vias públicas,Falha na direão defensiva do condutor,,,,,,45093,
1,Próprio,Típico sem afastamento,Sim,Sim,CHESF,Transmissão,Masculino,48,20 a 25 anos,Sexta-feira,16,6,2023,15:00 - 16:00,Via pública,Dupla,Caxias,MA,Via Pública,-5.1700699999999999,-42.782029999999999,VP Operações e Segurança,Operações,Superintendência Regional Norte,Departamento de Operação Regional de Teresina,Divisão Regional de Manutenção da Transmissão de Teresina,45093,45093,0,0,Não,,45099,Golpeado por (atingido por objeto em movimento),"Escoriação, Abrasão",Dedo da mão Direita,Baixo,2,Crítico,8 - Veículos e Equipamentos Móveis,Capotamento de veículo,Trânsito em vias públicas,Falha na direão defensiva do condutor,,,,,,45093,
1,Próprio,Quase Acidente,,Sim,CGT Eletrosul,Transmissão,Masculino,57,Acima de 10 anos,Quarta - feira,29,11,2023,16:00 - 17:00,Área rural,Individual,Caxias do Sul,RS,LT  CAX5,-29.04271,-51.202179999999998,VP Operações e Segurança,Operações,Produção da Transmissão,,,,,N/A,,,,,Outros,Outros,Não se Aplica,,15,Baixo,8 - Veículos e Equipamentos Móveis,,,,,,,,,45259,
1,Próprio,Típico com afastamento,,Sim,Eletrobras,Geração - Hidráulica,Masculino,48,Acima de 10 anos,Segunda - feira,29,5,2023,14:00 - 15:00,Empresa,Individual,Chapada dos Guimarães,MT,UHE Manso,-14.904713232200001,-55.738556846999998,VP Operações e Segurança,Operações,PO.O - SUP DE PRODUÇÃO OESTE,DRG.O,DMEG.O,,,3,0,Não,3,45078,Eletricidade,Choque Elétrico,Tórax,Médio,7,Alto,4 - Eletricidade,,,,,,,,,45075,
1,Terceiro,Típico com afastamento,,Sim,Eletrobras,Geração - Hidráulica,Masculino,46,6 meses a 1 ano,Quinta - feira,6,7,2023,09:00 - 10:00,Empresa,Equipe,Chapada dos Guimarães,MT,UHE Manso,-14.86,-55.79,VP Operações e Segurança,Operações,PO.O - SUP DE PRODUÇÃO OESTE,DRG.O - DEP DE PRODUCAO GOIAS,DOMS.O - DIV OPE DE MANSO,,,1,0,Não,0,45114,Golpeado por (atingido por objeto em movimento),"Escoriação, abrasão",Face,Médio,7,Alto,Outros,Trajeto inesperado do fragmento de pedra,,,,,,,,45113,
1,Próprio,Quase Acidente,,Não,Eletrobras,Geração - Hidráulica,Masculino,40,Acima de 10 anos,Segunda - feira,16,10,2023,10:00 - 11:00,Empresa,Dupla,Ibiraci,MG,SE Estreito,-20.260000000746999,-47.175277777778,VP Operações e Segurança,Operações,PO.O - SUP DE PRODUÇÃO OESTE,DRM.O - DEP DE PRODUCAO MINAS,DMLM.O - DIV MANUT ELETROELETRON MINAS,,,N/A,N/A,Não,N/A,N/A,,,,,11,Médio,2 - Percepção de Risco,Trânsito sobre as tampas das canaletas do pátio da subestação.,,,,,,,,45215,
1,Terceiro,Típico com afastamento,,Não,Eletrobras,Geração - Hidráulica,Masculino,39,Até 6 meses,Terça- feira,24,10,2023,09:00 - 10:00,Empresa,Individual,Ibiraci,MG,UHE Mascarenhas de Moraes,-20.286111111859,-47.064444444444,VP Operações e Segurança,Operações,CS.G - SUP COORD REGIONAL CSC SUDESTE,CSI.G - DEP INFRA E SERV GERAIS,CSMG.G - DIV INFRA SERV GERAIS MG,,,5,0,N/A,0,45223,"Golpeado contra (correndo em direção, tropeçando em)",Lesão,Tórax,Médio,11,Médio,2 - Percepção de Risco,(em investigação),,,,,,,,45223,
1,Terceiro,Quase Acidente,,Não,Eletrobras,Adm,Masculino,45,6 meses a 1 ano,Quarta - feira,29,11,2023,20:00 - 21:00 ,Via pública,Individual,Ibiraci,MG,UHE Mascarenhas de Moraes,-20.473113999999999,-47.132035999999999,VP Suprimentos e Serviços,VSS,CS.G - SUP COORD REGIONAL CSC SUDESTE,CSI.G - DEP INFRA E SERV GERAIS,CSSE.G - DIV SEGURANCA PATRIMONIAL,,,N/A,N/A,Não,N/A,N/A,,,,Baixo,14,Baixo,11 - Não se Aplica,(em investigação),,,,,,,,45259,
1,Terceiro,Típico com afastamento,,Sim,Eletrobras,Transmissão,Masculino,41,1 a 3 anos,Sexta-feira,5,5,2023,13:00 - 14:00,Empresa,Individual,Ibiúna,SP,SE Ibiúna,-23.65775223,-47.10382748,VP Operações e Segurança,Operações,Terceiro,Terceiro,Terceiro,,,1,0,Não,1,45056,Ferramenta Manual,"Laceração, Corte",Braço Direito,Médio,11,Médio,11 - Não se Aplica,,,,,,,,,45051,
1,Terceiro,Típico com afastamento,,Sim,Eletrobras,Transmissão,Masculino,24,Até 6 meses,Segunda - feira,4,12,2023,15:00 - 16:00,Empresa,Individual,Ibiúna,SP,SE Ibiúna,-23.666944445289001,-47.104999999999997,VP Operações e Segurança,Operações,CS.G - SUP COORD REGIONAL CSC SUDESTE,CSI.G - DEP INFRA E SERV GERAIS,CSSP.G - DIV INFRA SERV GERAIS SP,,,4,0,Não,0,45265,Queda com diferença de nível,Luxação,Perna Direita,Médio,11,Médio,11 - Não se Aplica,(em investigação),,,,,,,,45264,
1,Próprio,Típico com afastamento,,Sim,Eletronorte,Transmissão,Masculino,> 60,Acima de 10 anos,Sexta-feira,20,1,2023,10:00 - 11:00,Empresa,Equipe,Imperatriz,MA,SE Imperatriz,-5.4124309999999998,-47.4217291,VP Operações e Segurança,Operações,Superintendência de Produção da Transmissão,Departamento Regional de Produção e Transmissão do Maranhão e Tocantins,Divisão de Produção e Trasmissão de Imperatriz,44946,44961,15,0,Não,0,44951,Golpeado por (atingido por objeto em movimento),"Escoriação, Abrasão",Mão Direita,Baixo,11,Médio,2 - Percepção de Risco,Dificuldade de visualização,Dificuldade de acesso a parte avariada,Terminar atividade rápida,Tentar reduzir tempo de manutenção,-,-,-,-,44946,
1,Terceiro,Quase Acidente,,Sim,Eletronorte,Adm,Masculino,39,1 a 3 anos,Terça- feira,13,9,2023,13:00 - 14:00,,Dupla,Imperatriz,MA,SE Imperatriz,-5.43,-47.48,VP Suprimentos e Serviços,VSS,Superintendência de Coordenação Regional do CSC Norte,Departamento de Infraestrutura de Serviços Gerais CSC,Divisão de Infraestrutura e Serviços Gerais Regional Leste ,,,,0,Não,0,,Transporte manual de carga,Sem Lesões,,Baixo,11,Médio,2 - Percepção de Risco,,,,,,,,,45182,
1,Próprio,Quase Acidente,,Não,CHESF,Expansão,Masculino,43,6 a 10 anos,Quinta - feira,7,12,2023,06:00 - 07:00,Área rural,Individual,Ipojuca,PE,LT 500kV AGD/RCD ,-8.3979502012275198,-3.50589539667134,VP Engenharia de Expansão,Engenharia,,PARCEIROS DE NEGÓCIO ENGENHARIA CHESF,,,,,NA,Não,NA,NA,Escada - Queda,Sem Lesões,,Baixo,11,Médio,3 - Trabalho em Altura,,,,,,,,,45267,
1,Próprio,Quase Acidente,,Sim,CGT Eletrosul,Expansão,Masculino,30,6 a 10 anos,Sexta-feira,10,11,2023,12:00- 13:00,Área rural,Individual,Itá,SC,SE Ita,-27.273219999999998,-52.407330000000002,VP Operações e Segurança,Operações,OOT.S Produção da Transmissão,  OOTO.S  Regional de Manutenção do Oeste ,OOTOL.S Divisão Regional da Manutenção e Apoio à Operaçao de Larangeiras do Sul,,,N/A,,,,,Carro - Colisão ,Sem Lesões,Não se Aplica,,15,Baixo,8 - Veículos e Equipamentos Móveis,,,,,,,,,45240,
1,Terceiro,Fatalidade,,Sim,CHESF,Transmissão,Masculino,42,Até 6 meses,Segunda - feira,13,2,2023,13:00 - 14:00,Área rural,Equipe,Lagoa Seca,PB,LT Campina Grande - Paraíso 230 kV,-7.1667800000000002,-35.862819999999999,VP Operações e Segurança,Operações,,,,44971,44971,0,6000,Não,,44971,Queda com diferença de nível,Traumatismo,Tórax,Alto,2,Crítico,3 - Trabalho em Altura,Desprendimento de treliça de torre de LT,Oxidação de porca e parafuso,Falha na ancoragem,Falha na Supervisão,,,,,44970,
1,Próprio,Típico sem afastamento,,Sim,Eletrobras,Transmissão,Masculino,41,Acima de 10 anos,Terça- feira,24,1,2023,15:00 - 16:00,Empresa,Equipe,Itabera,SP,SE Itaberá,-23.951344729999999,-49.132205859999999,VP Operações e Segurança,Operações,PS.O - SUP DE PRODUÇÃO SUDESTE,DRQ.O,DMEQ.O,,,0,0,Não,0,44956,Golpeado por (atingido por objeto em movimento),Lesão,Tórax,Baixo,15,Baixo,11 - Não se Aplica,,,,,,,,,44950,
1,Terceiro,Quase Acidente,,Não,Eletrobras,Transmissão,Masculino,38,Até 6 meses,Quinta - feira,12,10,2023,12:00- 13:00,Via pública,Individual,Itaquaquecetuba,SP,LT Itaberá - Tijuco Preto,-23.521944445285001,-46.333055555556001,VP Operações e Segurança,Operações,PS.O - SUP DE PRODUÇÃO SUDESTE,DRL.O - DEP DE PRODUCAO SAO PAULO,DMES.O - DIV MANUT ELETROMECÂNICA SP,,,N/A,N/A,N/A,N/A,N/A,,,,,11,Médio,8 - Veículos e Equipamentos Móveis,(em investigação),,,,,,,,45211,
1,Próprio,Típico com afastamento,,Sim,Eletrobras,Transmissão,Masculino,47,Acima de 10 anos,Quarta - feira,6,12,2023,11:00 - 12:00,Área rural,Individual,Itatiaiuçu,MG,LT 500kV Bom Despacho-Ouro Preto,-20.243345000000001,-44.525239999999997,VP Operações e Segurança,Operações,OOE.F - Produção Oeste,OOEM.F - Produção Minas,OOEMM.F - Manut. Eletromecânica Minas,,,4,0,Não,0,45268,Queda com diferença de nível,"Distensão, Torção",Perna Esquerda,Baixo,14,Baixo,2 - Percepção de Risco,(em investigação),,,,,,,,45266,
1,Próprio,Típico com afastamento,,Sim,CHESF,Transmissão,Masculino,37,15 a 20 anos,Segunda - feira,30,1,2023,11:00 - 12:00,Empresa,Individual,Jaboatão dos Guararapes,PE,SE Recife II,-8.1148399999999992,-35.036769999999997,VP Operações e Segurança,Operações,Superintendência Regional Norte,Departamento de Operação Regional de Recife,Divisão Regional de Operação de Instalações de Recife,44956,44961,5,0,Não,,44960,Atingido entre ou abaixo (esmagado ou amputado),"Distensão, Torção",Mão Esquerda,Baixo,14,Baixo,2 - Percepção de Risco,Falta de atenção do condutor,Trânisto de veículos em pátio de SE,,,,,,,44956,
1,Próprio,Quase Acidente,,Sim,Eletronorte,Transmissão,Masculino,,Acima de 10 anos,Quinta - feira,10,8,2023,09:00 - 10:00,Empresa,Individual,Jaciara,MT,SE Complexo do Prata,-16.010000000000002,-54.93,VP Operações e Segurança,Operações,Superintendência de Produção da Transmissão,Departamento Regional de Produção e Transmissão do Mato Grosso,Divisão de Produção e Trasmissão de Rondonópolis,,,,0,Não,0,,Escorregou/Desequilibrou,Sem Lesões,,Baixo,15,Baixo,2 - Percepção de Risco,,,,,,,,,45148,
1,Próprio,Quase Acidente,,Sim,Eletronorte,Transmissão,,,,Domingo,17,9,2023,23:00 - 00:00 ,Empresa,,Jaciara,MT,LT,-16.010000000000002,-54.93,VP Operações e Segurança,Operações,Superintendência de Produção da Transmissão,Departamento Regional de Produção e Transmissão do Mato Grosso,Divisão de Produção da Transmissão de Rondonópolis,,,,0,Não,0,,Outros,,,Baixo,11,Médio,11 - Não se Aplica,,,,,,,,,45186,
1,Próprio,Quase Acidente,,Não,CHESF,Transmissão,Masculino,46,10 a 15 anos,Sexta-feira,12,5,2023,17:00 - 18:00,Empresa,Individual,Jardim,SE,SE Jardim,-9.7805885000000004,-37.242229700000003,VP Operações e Segurança,Operações,Superintendência Regional Sul,Departamento de Operação Regional de Salvador,Divisão Regional de Manutenção da Transmissão de Aracaju,,,,NA,Não,,NA,Queda mesmo nível,Sem Lesões,Não se Aplica,Baixo,11,Médio,2 - Percepção de Risco,Falta de Manutenção,Falta de atenção,,,,,,,45058,
1,Terceiro,Trajeto com afastamento,,Sim,CHESF,Adm,Masculino,48,1 a 3 anos,Sábado,19,8,2023,17:00 - 18:00,Via pública,Individual,Jequié ,BA,Via Pública,-13.867685030000001,-40.080492820000003,VP Suprimentos e Serviços,VSS,Superintendência de Coordenação Regional do CSC Nordeste ,Departamento de Suprimentos do CSC ,Divisão de Gestão de Contratos,45159,45174,15,0,Não,,45159,Moto - Colisão,Fratura,Antebraço (entre punho e o cotovelo),Médio,2,Crítico,8 - Veículos e Equipamentos Móveis,Acidente sendo investigado,,,,,,,,45157,
1,Próprio,Trajeto com afastamento,,Sim,Eletronorte,Transmissão,Masculino,39,Acima de 10 anos,Terça- feira,18,4,2023,18:00 - 19:00 ,Via pública,Individual,Ji-Paraná,RO,Via Pública,-10.92015,-61.900734,VP Operações e Segurança,Operações,Superintendência de Produção da Transmissão,Departamento Regional de Produção e Trasmissão do Acre e Rondônia,Divisão de Produção da Transmissão de Jí-Paraná,45065,45074,9,0,Não,0,45054,Moto - Queda,Lesão,Mão Direita,Baixo,14,Baixo,8 - Veículos e Equipamentos Móveis,-,-,-,-,-,-,-,-,45034,
1,Terceiro,Quase Acidente,Sim,Sim,Eletronorte,Adm,Masculino,> 60,6 meses a 1 ano,Terça- feira,22,8,2023,12:00- 13:00,Via pública,Individual,Ji-Paraná,RO,Via Pública,-10.92015,-61.900734,VP Operações e Segurança,Operações,Superintendência de Produção da Transmissão,Departamento Regional de Produção e Trasmissão do Acre e Rondônia,Divisão de Produção da Transmissão de Jí-Paraná,,,,0,Não,0,,,Sem Lesões,,Baixo,16,Baixo,8 - Veículos e Equipamentos Móveis,,,,,,,,,45160,
1,Terceiro,Típico com afastamento,,SIM,CGT Eletrosul,Expansão,Masculino,30,6 meses a 1 ano,Domingo,6,8,2023,16:00 - 17:00,Área rural,Equipe,Joinville,SC,LT BLU-JNO x LT JOI WFO - vão da torre 151 para a 152,-26.2630382,-49.292536300000002,VP Engenharia de Expansão,Engenharia,DEG Departamento Engenharia de Geração,,,,,45,45,Não,,,Queda com diferença de nível,Luxação,Perna Direita,Alto,2,Crítico,3 - Trabalho em Altura,Instabilidade do poste,Ausência de estai sentido ,,,,,,,45144,
1,Terceiro,Típico com afastamento,,SIM,CGT Eletrosul,Expansão,Masculino,,6 meses a 1 ano,Domingo,6,8,2023,16:00 - 17:00,Área rural,Equipe,Joinville,SC,LT BLU-JNO x LT JOI WFO - vão da torre 151 para a 152,-26.2630382,-49.292536300000002,VP Engenharia de Expansão,Engenharia,DEG Departamento Engenharia de Geração,,,,,15,15,Não,,,Queda com diferença de nível,Luxação,Perna Direita,Alto,2,Crítico,3 - Trabalho em Altura,Instabilidade do poste,Ausência de estai sentido ,,,,,,,45144,
1,Terceiro,Típico com afastamento,,Sim,CHESF,Adm,Masculino,21,Até 6 meses,Quinta - feira,26,1,2023,11:00 - 12:00,Empresa,Equipe,Paulo Afonso,BA,Almoxarifado Paulo Afonso,-9.3836999999999993,-38.21116,VP Operações e Segurança,Operações,,,,44966,44992,26,0,Não,,44966,Golpeado por (atingido por objeto em movimento),Fratura,Perna Direita,Médio,11,Médio,6 - Linha de Perigo,,,,,,,,,44952,
1,Próprio,Típico com afastamento,,Sim,Eletrobras,Transmissão,Masculino,43,Acima de 10 anos,Segunda - feira,18,8,2023,11:00 - 12:00,Empresa,Equipe,Juquitiba,SP,SE Mogi das Cruzes,-23.65775223,-47.10382748,VP Operações e Segurança,Operações,PS.O - SUP DE PRODUÇÃO SUDESTE,DRQ.O - DEP DE PRODUCAO SAO ROQUE,DMEQ.O - DIV MANUT ELETROMECÂN SÃO ROQUE,,,12,0,Não,0,45159,Golpeado por (atingido por objeto em movimento),"Escoriação, Abrasão",Partes Múltiplas,Médio,4,Alto,6 - Linha de Perigo,Linha de perigo,,,,,,,,45156,
1,Terceiro,Quase Acidente,,Não,CHESF,Transmissão,,,,Terça- feira,5,12,2023,12:00- 13:00,Área rural,Equipe,Lagoa Seca,PB,LT 04V2 CGDPRSU2 ,-7154518220532550,-3585417323330030,VP Operações e Segurança,Operações,,GERÊNCIA DE MANUT DA TRANS CAMPINA GRANDE,,,,,NA,Não,NA,NA,,Sem Lesões,,Baixo,11,Médio,11 - Não se Aplica,,,,,,,,,45265,
1,Terceiro,Trajeto com afastamento,,Sim,Eletronorte,Adm,Feminino,28,1 a 3 anos,Terça- feira,22,8,2023,18:00 - 19:00 ,,Individual,Lucas do Rio Verde,MT,Via Pública,-13,-55.92,VP Suprimentos e Serviços,VSS,Superintendência de Coordenação Regional do CSC Norte,Departamento de Infraestrutura de Serviços Gerais CSC,Divisão de Segurança Patrimonial,45161,45165,4,0,Não,0,45161,Moto - Queda,"Escoriação, Abrasão",Braço Esquerdo,Baixo,11,Médio,8 - Veículos e Equipamentos Móveis,Má visibilidade,Estrada precária,,,,,,,45160,
1,Terceiro,Trajeto com afastamento,,Sim,Eletronorte,Adm,Masculino,38,Até 6 meses,Quinta - feira,21,12,2023,05:00 - 06:00,Via pública,Individual,Lucas do Rio Verde,MT,SE Lucas do Rio Verde,-13,-55.92,VP Suprimentos e Serviços,VSS,Superintendência de Coordenação Regional do CSC Norte,Departamento de Infraestrutura de Serviços Gerais CSC,Divisão de Segurança Patrimonial,,,,0,Não,0,,Moto - Queda,"Escoriação, Abrasão",Tórax,Médio,11,Médio,8 - Veículos e Equipamentos Móveis,,,,,,,,,45281,
1,Próprio,Típico sem afastamento,,Sim,Eletrobras,Transmissão,Masculino,45,Acima de 10 anos,Segunda - feira,12,6,2023,14:00 - 15:00,Empresa,Individual,Macaé,RJ,SE Macaé,-22.304286449999999,-41.873531079999999,VP Operações e Segurança,Operações,PS.O - SUP DE PRODUÇÃO SUDESTE,DRV.O,DOCM.O,,,0,0,Não,0,45092,Queda com diferença de nível,"Escoriação, Abrasão",Perna Direita,Baixo,15,Baixo,11 - Não se Aplica,,,,,,,,,45089,
1,Próprio,Quase Acidente,,Sim,Eletronorte,Geração - Térmica,Masculino,45,Acima de 10 anos,Sexta-feira,15,9,2023,10:00 - 11:00,Empresa,Dupla,Manaus,AM,UTE Mauá,-3.12,-59.93,VP Operações e Segurança,Operações,Superintendência de Produção da Geração Térmica,Departamento de O&M da UTE MAUÁ 3,Divisão de Manutenção da UTE MAUÁ 3,,,,0,Não,0,,Produto ou Substância Química,Sem Lesões,,Baixo,8,Alto,10 - Produtos Químicos Perigosos,,,,,,,,,45184,
1,Próprio,Trajeto com afastamento,,Sim,Eletronorte,Geração - Térmica,Masculino,44,Acima de 10 anos,Segunda - feira,10,12,2023,06:00 - 07:00,Via pública,Individual,Manaus,AM,UTE Aparecida,-3.12,-60.03,VP Operações e Segurança,Operações,Superintendência de Produção da Geração Térmica,Departamento de O&M da UTE Aparecida e Usinas a Motores de Combustão,Divisão de O&M de Usinas de Motores a Combustão,45270,45274,4,0,Não,0,45274,Carro - Colisão ,Sem Lesões,Não se Aplica,Médio,11,Médio,8 - Veículos e Equipamentos Móveis,,,,,,,,,45270,
1,Terceiro,Típico sem afastamento,,Sim,Eletronorte,Adm,Feminino,46,Até 6 meses,Sexta-feira,1,12,2023,19:00 - 20:00 ,Empresa,Individual,Manaus,AM,UTE Mauá III,-3.12,-59.93,VP Suprimentos e Serviços,VSS,Superintendência de Coordenação Regional do CSC Norte,,,,,,0,Não,0,,Produto ou Substância Química,Intoxicação,Partes Múltiplas,Baixo,11,Médio,10 - Produtos Químicos Perigosos,,,,,,,,,45261,
1,Próprio,Típico com afastamento,,Sim,Eletronorte,Geração - Térmica,Masculino,53,Acima de 10 anos,Sexta-feira,8,12,2023,19:00 - 20:00 ,Empresa,Individual,Manaus,AM,UTE Mauá III,-3.12,-59.93,VP Operações e Segurança,Operações,Superintendência de Produção da Geração Térmica,Departamento de O&M da UTE MAUÁ 3,,45268,45291,23,0,Não,0,45273,Golpeado por (atingido por objeto em movimento),Fratura,Mão Direita,Médio,11,Médio,7 - Bloqueio e Proteção,,,,,,,,,45268,
1,Terceiro,Quase Acidente,,Sim,Eletronorte,Adm,Masculino,34,Até 6 meses,Sexta-feira,17,11,2023,06:00 - 07:00,Via pública,Equipe,Marabá,PA,Via Pública,-5.4,-49.07,VP Suprimentos e Serviços,VSS,Superintendência de Coordenação Regional do CSC Norte,Departamento de Infraestrutura de Serviços Gerais CSC,Divisão de gestão de frotas e viagens,,,,0,Não,0,,Moto - Colisão,Sem Lesões,Não se Aplica,Médio,11,Médio,8 - Veículos e Equipamentos Móveis,,,,,,,,,45247,
1,Terceiro,Quase Acidente,,Sim,Eletronorte,Adm,,,,Segunda - feira,4,12,2023,14:00 - 15:00,Empresa,Dupla,Marabá,PA,SE Marabá,-5.4,-49.07,VP Suprimentos e Serviços,VSS,Superintendência de Coordenação Regional do CSC Norte,Departamento de Infraestrutura de Serviços,,,,,0,Não,0,,Golpeado por (atingido por objeto em movimento),Sem Lesões,,Baixo,13,Médio,2 - Percepção de Risco,,,,,,,,,45264,
1,Próprio,Típico sem afastamento,,Sim,CHESF,Transmissão,Masculino,35,6 a 10 anos,Quinta - feira,7,6,2023,13:00 - 14:00,Via pública,Dupla,Maraial,PE,Via Pública,-8.8200699999999994,-35.796720000000001,VP Operações e Segurança,Operações,Superintendência Regional Norte,Departamento de Operação regional de Recife,Divisão Regional de Manutenção da Transmissão de Maceió,45098,45098,0,0,Não,,45098,Outros,Lesão,Tórax,Baixo,4,Alto,8 - Veículos e Equipamentos Móveis,Ato inseguro,Trafegar em veículo de maneira incorreta,Ignorar risco de queda e atropelamento,,,,,,45084,
1,Terceiro,Típico com afastamento,,Sim,CHESF,Transmissão,Masculino,57,,Terça- feira,11,4,2023,15:00 - 16:00,Via pública,Individual,Maraial,PE,Via Pública,-8.7834900000000005,-35.811779999999999,VP Engenharia de Expansão,Engenharia,,,,45037,45044,7,0,Não,,45037,Golpeado por (atingido por objeto em movimento),Lesão,Pé Direito,Médio,11,Médio,6 - Linha de Perigo,,,,,,,,,45027,
1,Terceiro,Típico sem afastamento,,Sim,Eletrobras,Transmissão,Masculino,48,Até 6 meses,Terça- feira,26,9,2023,09:00 - 10:00,Empresa,Individual,Mariana,MG,SE Barro Branco,-20.432222222974001,-43.318055555556001,VP Operações e Segurança,Operações,PO.O - SUP DE PRODUÇÃO OESTE,DRM.O - DEP DE PRODUCAO MINAS,DOPD.O - DIV OPE POCOS CALDAS E ITUTINGA,,,0,0,Não,N/A,45198,Animal,"Laceração, Corte",Perna Direita,Baixo,11,Médio,2 - Percepção de Risco,(em investigação),,,,,,,,45195,
1,Terceiro,Trajeto com afastamento,,Sim,CHESF,Transmissão,Masculino,44,6 meses a 1 ano,Quarta - feira,25,1,2023,06:00 - 07:00,Via pública,Individual,Messias,AL,Próximo a SE Messias,-9.39466,-35.838709999999999,VP Engenharia de Expansão,Engenharia,,,,44951,44961,10,0,Não,,44951,Queda com diferença de nível,Luxação,Perna Esquerda,Médio,11,Médio,8 - Veículos e Equipamentos Móveis,,,,,,,,,44951,
1,Terceiro,Típico com afastamento,,Sim,CHESF,Transmissão,Masculino,46,6 meses a 1 ano,Segunda - feira,3,4,2023,11:00 - 12:00,Empresa,Equipe,Messias,AL,SE Messias,-9.4017700000000008,-35.842440000000003,VP Engenharia de Expansão,Engenharia,,,,45019,45022,3,0,Não,,45019,Atingido por (pontos agudos ou cortantes),"Laceração, Corte",Mão Esquerda,Médio,10,Médio,7 - Bloqueio e Proteção,,,,,,,,,45019,
1,Terceiro,Típico com afastamento,,Sim,CHESF,Geração - Eólica,Masculino,19,Até 6 meses,Quarta - feira,22,11,2023,10:00 - 11:00,Empresa,Equipe,Messias,AL,SE Teotônio Vilela,-4860140307323070,-4283562633889130,VP Engenharia de Expansão,Engenharia,,PARCEIROS DE NEGÓCIO ENGENHARIA CHESF,,45253,45256,3,0,Não,0,45253,Outros,"Laceração, Corte",Cabeça,Baixo,16,Baixo,2 - Percepção de Risco,,,,,,,,,45252,
1,Terceiro,Típico com afastamento,,Sim,CHESF,Adm,Masculino,52,,Segunda - feira,29,5,2023,09:00 - 10:00,Empresa,Individual,Paulo Afonso,BA,Almoxarifado Paulo Afonso,-9.3838799999999996,-38.210990000000002,"VP Gente, Gestão e Cultura",Outros,,,,45075,45089,14,0,Não,,45075,Atingido entre ou abaixo (esmagado ou amputado),Fratura,Mão Direita,Médio,11,Médio,2 - Percepção de Risco,,,,,,,,,45075,
1,Terceiro,Quase Acidente,,Não,CHESF,Transmissão,Masculino,21,6 meses a 1 ano,Sábado,15,7,2023,16:00 - 17:00,Via pública,Equipe,Milagres,CE,Próximo à LT Milagres - Quixadá 230 kV,-7.3354699999999999,-38.920360000000002,VP Operações e Segurança,Operações,,,,,,,,,,NA,Queimadura,Queimadura Térmica ,Braço Direito,Baixo,11,Médio,2 - Percepção de Risco,Falta de atenção,,,,,,,,45122,
1,Terceiro,Quase Acidente,,Não,CHESF,Transmissão,Masculino,40,1 a 3 anos,Quarta - feira,19,7,2023,10:00 - 11:00,Área rural,Equipe,Milagres,CE,LT,-7.3250522599999996,-38.940314890000003,VP Operações e Segurança,Operações,Superintendência Regional Norte,Departamento de Operação Regional de Fortaleza ,,0,0,0,0,,,,Animal,Sem Lesões,,Baixo,11,Médio,2 - Percepção de Risco,Realizada auditoria de Roço,,,,,,,,45126,
1,Terceiro,Típico com afastamento,,Sim,CHESF,Transmissão,Masculino,> 60,6 meses a 1 ano,Segunda - feira,21,8,2023,16:00 - 17:00,Empresa,Equipe,Milagres,CE,SE Milagres,-7.3082944999999997,-38.938971160000001,VP Operações e Segurança,Operações,Superintendência Regional Norte,Departamento de Operações Regional de Fortaleza,Divisão Regional de Manutenção da Transmissão de Milagres,45160,45167,7,0,Não,,45160,"Impacto sofrido por pessoa, de objeto que cai",Fratura,Pé Esquerdo,Médio,11,Médio,2 - Percepção de Risco,Acidente sendo investigado,,,,,,,,45159,
1,Próprio,Quase Acidente,,Não,CHESF,Transmissão,Masculino,51,Acima de 10 anos,Sábado,11,11,2023,15:00 - 16:00,Empresa,Equipe,Milagres,CE,Subestação Abaiara ,-7.3925764788377002,-3.8973118078801504E+16,VP Operações e Segurança,Operações,,OONF.C - OPERAÇÃO REGIONAL DE FORTALEZA,OONFM.C - MANUT DA TRANS DE MILAGRES,,,,0,Não,0,NA,Eletricidade,Sem Lesões,,Baixo,14,Baixo,4 - Eletricidade,,,,,,,,,45241,
1,Terceiro,Quase Acidente,,Não,CHESF,Transmissão,Masculino,27,Até 6 meses,Sábado,11,11,2023,15:00 - 16:00,Empresa,Equipe,Milagres,CE,Subestação Abaiara ,-7.3925764788377002,-3.8973118078801504E+16,VP Operações e Segurança,Operações,,OONF.C - OPERAÇÃO REGIONAL DE FORTALEZA,OONFM.C - MANUT DA TRANS DE MILAGRES,,,,0,Não,0,NA,Eletricidade,Sem Lesões,,Baixo,14,Baixo,4 - Eletricidade,,,,,,,,,45241,
1,Terceiro,Típico com afastamento,,Sim,Eletrobras,Geração - Hidráulica,Masculino,24,Até 6 meses,Quarta - feira,18,10,2023,16:00 - 17:00,Empresa,Individual,Minaçu,GO,UHE Serra da Mesa,-13.841111111645001,-48.296111111111003,VP Engenharia de Expansão,Engenharia,EG.E - SUP. DE ENGENHARIA DE GERACAO,DIG.E - DEP. IMPLANT. PROJETOS GERAÇÃO,,,,1,0,Não,0,45218,Ferramenta Manual,Outros,Face,Baixo,14,Baixo,2 - Percepção de Risco,Falta de percepção de risco por parte do colaborador no posicionamento,,,,,,,,45217,
1,Terceiro,Quase Acidente,,Sim,Eletronorte,Expansão,,,,Sábado,25,11,2023,17:00 - 18:00,,,Miranda do Norte,MA,SE Miranda II,-3.56,-44.53,VP Engenharia de Expansão,Engenharia,,,Divisão de Obras de Transmissão Leste,,,,0,,0,,Outros,Sem Lesões,Não se Aplica,Médio,7,Alto,4 - Eletricidade,,,,,,,,,45255,
1,Terceiro,Típico com afastamento,,Sim,Eletrobras,Transmissão,Feminino,40,6 meses a 1 ano,Quarta - feira,25,10,2023,12:00- 13:00,Empresa,Individual,Mogi das Cruzes,SP,SE Mogi das Cruzes,-23.503611111952001,-46.169444444443997,VP Operações e Segurança,Operações,CS.G - SUP COORD REGIONAL CSC SUDESTE,CSI.G - DEP INFRA E SERV GERAIS,CSMG.G - DIV INFRA SERV GERAIS SP,,,8,0,Não,0,45229,Queda mesmo nível,"Distensão, Torção",Perna Esquerda,Médio,11,Médio,2 - Percepção de Risco,Solado com aderência deficiente,Característica do piso,,,,,,,45224,
1,Próprio,Quase Acidente,,Sim,CHESF,Transmissão,Masculino,55,6 a 10 anos,Sexta-feira,5,5,2023,07:00 - 08:00,Via pública,Individual,Natal,RN,Via Pública,-5.8097399999999997,-35.237020000000001,VP Operações e Segurança,Operações,Superintendência Regional Norte,Departamento de Operação Regional de Natal,Divisão Regional de manutenção da Transmissão de Natal,0,2,2,0,Não,,,Moto - Queda,,,Médio,5,Alto,8 - Veículos e Equipamentos Móveis,Derrapagem motocicleta pista em obras,Trânsito em via pública,Ação de Terceiros,,,,,,45051,
1,Terceiro,Quase Acidente,,Não,CHESF,Transmissão,Masculino,31,Até 6 meses,Sexta-feira,25,8,2023,10:00 - 11:00,Empresa,Equipe,Natal,RN,SE Natal II,-5.8091869000000003,-35.239122989999998,VP Operações e Segurança,Operações,Superintendência Regional Norte,Departamento de Operação Regional de Natal,Divisão Regional de Manutenção da Transmissão de Natal ,0,0,0,0,Não,0,,Queda mesmo nível,Sem Lesões,,Baixo,11,Médio,2 - Percepção de Risco,Existencia de gás. Não estava contemplada a possibilidade de ainda ter gás,Manual e desenho. 	Não foi buscado desenho uma vez que a desmontagem é simples e acreditava-se que não tinha gás,,,,,,,45163,
1,Próprio,Quase Acidente,,Não,CHESF,Transmissão,Masculino,> 60,40 a 50 anos,Quinta - feira,31,8,2023,07:00 - 08:00,Empresa,Individual,Nossa Senhora do Socorro,SE,SE Nossa Senhora do Socorro,-10.873389919999999,-37.147158359999999,VP Operações e Segurança,Operações,Superintendência Regional Sul,Departamento de Operação Regional de Salvador,Divisão Regional de Operação de Instalações de Salvador ,,,,0,Não,0,NA,Animal,Sem Lesões,Braço Direito,Baixo,13,Médio,2 - Percepção de Risco,Em análise,,,,,,,,45169,
1,Próprio,Quase Acidente,,Não,CHESF,Transmissão,Masculino,53,Acima de 10 anos,Quinta - feira,19,10,2023,07:00 - 08:00,Empresa,Individual,Nossa Senhora do Socorro,SE,Subestação Jardim,-9.7805885000000004,-37.242229700000003,VP Operações e Segurança,Operações,,Departamento de Operação Regional de Salvador,Divisão Regional de Barragens e Manutenção Civil da Geração e Transmissão de Salvador,0,0,0,0,Não,0,,Animal,Sem Lesões,Pé Esquerdo,Baixo,15,Baixo,11 - Não se Aplica,,,,,,,,,45218,
1,Próprio,Trajeto com afastamento,,Sim,Eletrobras,Adm,Masculino,57,Acima de 10 anos,Quarta - feira,12,4,2023,07:00 - 08:00,Via pública,Individual,Nova Iguaçu,RJ,Via Pública,-22.66392978,-43.476018259999996,VP Suprimentos e Serviços,VSS,CS.G - SUP COORD REGIONAL CSC SUDESTE,CSL.G,CSLR.G,,,4,0,Não,4,45057,Transporte Publico Regular - Queda,"Distensão, Torção",Não se Aplica,Baixo,10,Médio,11 - Não se Aplica,,,,,,,,,45028,
1,Próprio,Típico com afastamento,,Sim,Eletrobras,Transmissão,Masculino,49,Acima de 10 anos,Quinta - feira,14,9,2023,11:00 - 12:00,Empresa,Individual,Nova Iguaçu,RJ,SE Adrianópolis,-22.748899999999999,-43.232300000000002,VP Operações e Segurança,Operações,PS.O - SUP DE PRODUÇÃO SUDESTE,DRN.O - DEP DE PRODUCAO NOVA IGUACU,DMEN.O - DIV MANUT ELETROMECAN N.IGUAÇU,,,5,0,Não,0,45202,Queda mesmo nível,"Distensão, Torção",Perna Direita,Baixo,11,Médio,11 - Não se Aplica,Desnível do terreno e brita de tamanhos irregulares,,,,,,,,45183,
1,Terceiro,Típico sem afastamento,,Sim,Eletrobras,Expansão,Masculino,59,6 meses a 1 ano,Segunda - feira,18,12,2023,10:00 - 11:00,Empresa,Individual,Nova Iguaçu,RJ,SE Adrianópolis,-22.748899999999999,-43.232300000000002,VP Engenharia de Expansão,Engenharia,,,,,,0,0,Não,0,,Eletricidade,Sem Lesões,Não se Aplica,Médio,2,Crítico,4 - Eletricidade,,,,,,,,,45278,
1,Próprio,Quase Acidente,,Sim,Eletronorte,Transmissão,,,,Sexta-feira,13,10,2023,16:00 - 17:00,Área rural,,Nova Mutum,MT,LT,-13.91,-56.08,VP Operações e Segurança,Operações,Superintendência de Produção da Transmissão,Departamento Regional de Produção e Transmissão do Mato Grosso,,,,,0,Não,0,,Carro - Colisão ,Sem Lesões,,Baixo,11,Médio,11 - Não se Aplica,,,,,,,,,45212,
1,Próprio,Quase Acidente,,Não,CGT Eletrosul,Transmissão,,,6 meses a 1 ano,Terça- feira,26,9,2023,17:00 - 18:00,Empresa,,Nova Santa Rita,RS,SE Nova Santa Rita,-29.822624600000001,-51.338824299999999,VP Operações e Segurança,Operações,Departamento de Manutenção e Apoio à Operação,,,,,N/A,,,,,Explosão,Sem Lesões,Sem Lesões,,7,Alto,4 - Eletricidade,,,,,,,,,45195,
1,Próprio,Trajeto sem afastamento,,Sim,CGT Eletrosul,Transmissão,Masculino,43,Acima de 10 anos,Sexta-feira,9,6,2023,13:00 - 14:00,Via pública,Individual,Novo Hamburgo,RS,Deslocamento Gravatai,-29.733739799999999,-51.139396699999999,VP Operações e Segurança,Operações,Departamento de Produção do Sul,,,,,0,,,,45113,Moto - Queda,"Escoriação, Abrasão",Partes Múltiplas,Médio,4,Alto,8 - Veículos e Equipamentos Móveis,Sistêmica ,Humana,Sistêmica ,,,,,,45086,
1,Próprio,Trajeto sem afastamento,,Sim,CGT Eletrosul,Adm,Masculino,42,Acima de 10 anos,Sexta-feira,30,6,2023,13:00 - 14:00,Via pública,Individual,Novo Hamburgo,RS,Via Pública,-29.826333399999999,-51.364259699999998,"VP Gente, Gestão e Cultura",Outros,Departamento de Produtividade e Qualidade da Unidade Sul,"Divisão de Gestão de Suprimentos, Contratos e Fornecedores",,,,0,0,Não,0,45113,Moto - Queda,"Escoriação, Abrasão",Partes Múltiplas,Alto,5,Alto,8 - Veículos e Equipamentos Móveis,Transito Parou,veiculos param para carga e descarga,Falta de atenção do terceiro,,,,,,45107,
1,Próprio,Trajeto com afastamento,,Sim,Eletrobras,Geração - Hidráulica,Masculino,59,Acima de 10 anos,Segunda - feira,19,6,2023,07:00 - 08:00,Via pública,Individual,Passos,MG,UHE Furnas,-20.66653582,-46.318766930000002,VP Operações e Segurança,Operações,PO.O - SUP DE PRODUÇÃO OESTE,DRM.O,DOFU.O,,,1,0,Não,1,45105,Carro - Colisão ,Lesão,Tórax,Baixo,13,Médio,8 - Veículos e Equipamentos Móveis,,,,,,,,,45096,
1,Próprio,Típico com afastamento,,Sim,CHESF,Transmissão,Masculino,37,10 a 15 anos,Segunda - feira,16,1,2023,13:00 - 14:00,Empresa,Dupla,Paulista,PE,SE Mirueira,-7.9553399999999996,-34.891249999999999,VP Operações e Segurança,Operações,Superintendência Regional Norte,Departamento de Operação Regional de Recife,"Divisão Regional de Telecomunicações, Proteção e Automação de Recife",44942,44957,15,0,Não,,44949,Eletricidade,Queimadura Arco-elétrico,Mão Direita,Médio,7,Alto,4 - Eletricidade,Falha no Planejamento,Equipamento energizado,Falta de isolação,Postura inadequada,Quebra de borne,Contato com parte energizada,,,44942,
1,Próprio,Típico sem afastamento,,Sim,CHESF,Transmissão,Masculino,56,Acima de 10 anos,Domingo,10,12,2023,04:00 - 05:00,Empresa,Equipe,Paulista,PE,SE Mirueira,-7954641954470430,-3489046459213720,VP Operações e Segurança,Operações,,OPERAÇÃO REGIONAL DE RECIFE,,45343,45407,#REF!,0,Sim,0,45271,Queda mesmo nível,"Escoriação, Abrasão",Braço Direito,Baixo,15,Baixo,11 - Não se Aplica,,,,,,,,,45270,
1,Próprio,Quase Acidente,,Não,CHESF,Transmissão,Masculino,45,10 a 15 anos,Terça- feira,8,8,2023,07:00 - 08:00,Empresa,Individual,Paulo Afonso,BA,CFPPA - Paulo Afonso,-9.3914725099999998,-38.212897609999999,VP Operações e Segurança,Operações,Superitendência Regional Sul,Departamento de Operação Regional de Paulo Afonso,Divisão Regional de Manutenção da Transmissão de Paulo Afonso,,,,,,,,Golpeado por (atingido por objeto em movimento),Sem Lesões,Pé Direito,Baixo,11,Médio,2 - Percepção de Risco,Quebra de material,,,,,,,,45146,
1,Terceiro,Típico com afastamento,,Sim,CHESF,Geração - Hidráulica,Masculino,46,1 a 3 anos,Quinta - feira,24,8,2023,14:00 - 15:00,Empresa,Equipe,Paulo Afonso,BA,UHE Apolônio Sales,-9.4015005214103002,-38.221973055614903,VP Operações e Segurança,Operações,Superintendência Regional Sul,Departamento de Operação Regional de Paulo Afonso,,45166,45180,14,0,Não,0,45166,"Impacto sofrido por pessoa, de objeto projetado","Distensão, Torção",Ombro,Médio,7,Alto,8 - Veículos e Equipamentos Móveis,Acidente em análise,,,,,,,,45162,
1,Terceiro,Típico com afastamento,,Sim,CHESF,Transmissão,Masculino,26,,Quarta - feira,24,5,2023,13:00 - 14:00,Área rural,Equipe,Milagres,CE,LT Paulo afonso - Milagres 230 kV,-7.3074000000000003,-38.937890000000003,VP Operações e Segurança,Operações,,,,45071,45086,15,0,Não,,45071,Eletricidade,queimadura Arco-elétrico,Pé Direito,Médio,7,Alto,4 - Eletricidade,,,,,,,,,45070,
1,Terceiro,Fatalidade,,Sim,CHESF,Transmissão,Masculino,52,Até 6 meses,Quarta - feira,10,5,2023,13:00 - 14:00,Área rural,Equipe,Itabaiana,SE,LT Paulo Afonso III - Itabaiana 230 kV,-10.66376,-37.46067,VP Operações e Segurança,Operações,,,,45057,51057,6000,6000,Não,,45057,Queda com diferença de nível,Traumatismo,Tórax,Alto,2,Crítico,2 - Percepção de Risco,Falha na técnica de ancoragem com cinto paraquedista,Falta de atenção,Falha na supervisão,,,,,,45056,
1,Próprio,Quase Acidente,,Não,CHESF,Geração - Hidráulica,Masculino,47,20 a 25 anos,Terça- feira,20,6,2023,15:00 - 16:00,Área rural,Equipe,Juazeiro,BA,Próximo a LT Paulo Afonso - Sobradinho 500 kV,-9.4802388999999998,-40.476821800000003,VP Operações e Segurança,Operações,Superintendência Regional Norte,Departamento de Operação Regional de Teresina,Divisão Regional de Manutenção da Transmissão de Teresina,,,,NA,Não,,NA,,Sem Lesões,Não se Aplica,Médio,7,Alto,3 - Trabalho em Altura,Queda de objeto inadivertidamente,,,,,,,,45097,
1,Terceiro,Quase Acidente,,Não,CHESF,Transmissão,Masculino,,,Quinta - feira,1,6,2023,16:00 - 17:00,Área urbana,Equipe,Sobradinho,BA,Próximo a LT Paulo Afonso - Sobradinho 500 kV,-9.3789350000000002,-40.800460000000001,VP Operações e Segurança,Operações,Superintendência de Operação e Manutenção Sul,Departamento de Operação Regional de Sobradinho,"Divisão de Barragens e Manutenção Civil, Geração e Transmissão de Sobradinho",,,,NA,Não,,NA,Animal,Sem Lesões,Não se Aplica,Baixo,10,Médio,11 - Não se Aplica,Ataque de abelha,Falta de EPI,,,,,,,45078,
1,Próprio,Típico com afastamento,,Sim,CHESF,Geração - Hidráulica,Masculino,44,15 a 20 anos,Quarta - feira,6,9,2023,06:00 - 07:00,Empresa,Individual,Paulo Afonso,BA,SE Paulo Afonso IV,-9.4140614500000002,-38.201157219999999,VP Operações e Segurança,Operações,Superintendência Regional Sul,Departamento de Operação Regional de Paulo Afonso,Divisão Regional de Operação de Instalações de Paulo Afonso ,45175,45188,13,0,Não,0,45181,Explosão,Lesão,Perna Direita,Médio,4,Alto,4 - Eletricidade,Acidente em análise,,,,,,,,45175,
1,Terceiro,Típico sem afastamento,,Sim,CHESF,Geração - Hidráulica,Masculino,53,Até 6 meses,Terça- feira,12,12,2023,09:00 - 10:00,Empresa,Equipe,Paulo Afonso,BA,"UHE do Complexo de Paulo Afonso I, II e III",-9.4149693730765094,-38.206955321093503,VP Operações e Segurança,Operações,,Departamento de operação Regional Paulo Afonso,,,,,0,Não,0,NA,Atingido por (pontos agudos ou cortantes),Lesão,Cabeça,Baixo,11,Médio,11 - Não se Aplica,,,,,,,,,45272,
1,Próprio,Típico com afastamento,,Sim,CHESF,Geração - Hidráulica,Feminino,58,Acima de 10 anos,Sexta-feira,22,12,2023,10:00 - 11:00,Empresa,Individual,Paulo Afonso,BA,"UHE do Complexo de Paulo Afonso I, II e III",-9.4149693730765094,-38.206955321093503,VP Operações e Segurança,Operações,,Departamento de operação Regional Paulo Afonso,,45282,45284,2,0,Não,0,45286,Queda mesmo nível,"Escoriação, Abrasão",Mão Direita,Médio,11,Médio,11 - Não se Aplica,,,,,,,,,45282,
1,Terceiro,Típico sem afastamento,,Sim,CHESF,Geração - Hidráulica,Masculino,26,6 meses a 1 ano,Segunda - feira,21,8,2023,16:00 - 17:00,Empresa,Equipe,Paulo Afonso,BA,UHE Paulo Afonso I,-9.3965034099999993,-38.201907060000003,VP Operações e Segurança,Operações,Superintendência Regional Sul,Departamento de Operação Regional de Paulo Afonso,,45161,45171,10,0,Sim,0,45161,Passarela/ plataforma permanentes - superfície utilizada para sustentar pessoas,"Distensão, Torção",Articulação do tornozelo,Baixo,15,Baixo,2 - Percepção de Risco,Acidente sendo investigado,,,,,,,,45159,
1,Terceiro,Quase Acidente,,Não,CHESF,Geração - Hidráulica,Masculino,,,Quarta - feira,19,4,2023,14:00 - 15:00,Empresa,Equipe,Paulo Afonso,BA,UHE Paulo Afonso III,-9.3982489999999999,-38.202843000000001,VP Operações e Segurança,Operações,Superintendência de Operação,Departamento de Manutenção da Geração,,,,,NA,Não,,NA,Outros,Sem Lesões,Não se Aplica,Baixo,15,Baixo,11 - Não se Aplica,Falha nos procedimentos,,,,,,,,45035,
1,Terceiro,Típico sem afastamento,,Sim,CHESF,Geração - Hidráulica,Masculino,29,6 meses a 1 ano,Segunda - feira,6,11,2023,17:00 - 18:00,Empresa,Equipe,Paulo Afonso,BA,UHE Paulo Afonso IV,-9.4149693730765094,-38.206955321093503,VP Operações e Segurança,Operações,,Departamento de operação Regional Paulo Afonso,,45236,45236,0,0,Não,0,45236,Escorregou/Desequilibrou,Sem Lesões,Perna Direita,Baixo,15,Baixo,2 - Percepção de Risco,,,,,,,,,45236,
1,Próprio,Quase Acidente,,Não,CHESF,Geração - Hidráulica,Masculino,42,15 a 20 anos,Segunda - feira,27,2,2023,08:00 - 09:00,Via pública,Individual,Paulo Afonso,BA,Via Pública,-9.4065829999999995,-38.212209999999999,VP Operações e Segurança,Operações,Superintendência Regional Sul,Departamento de Operação Regional de Paulo Afonso,Divisão Regional de Operação de Instalações de Paulo Afonso,,,,NA,Não,,NA,Incêndio,Sem Lesões,Não se Aplica,,7,Alto,8 - Veículos e Equipamentos Móveis,Falha no veículo,,,,,,,,44984,
1,Terceiro,Típico sem afastamento,,Sim,CHESF,Adm,Masculino,52,,Sexta-feira,5,5,2023,19:00 - 20:00 ,Empresa,Individual,Paulo Afonso,BA,Sede Salvador,-9.3974600000000006,-38.202249999999999,"VP Gente, Gestão e Cultura",Outros,,,,45075,45075,0,0,Não,,45075,Eletricidade,Choque Elétrico,Braço Direito,Baixo,7,Alto,4 - Eletricidade,Rompimento de distância de segurança,Falha na delimitação da área de trabalho,Falta de atenção,Falha na Supervisão,,,,,45051,
1,Próprio,Quase Acidente,Sim,Não,CHESF,Geração - Hidráulica,Masculino,46,20 a 25 anos,Segunda - feira,8,5,2023,14:00 - 15:00,Via pública,Dupla,Paulo Afonso,BA,Via Pública,-9.3982489999999999,-38.202843000000001,VP Operações e Segurança,Operações,Superintendência Regional Sul,Departamento de operação Regional Paulo Afonso,"Divisão Regional de Telecomunicação, proteção e automação de Paulo Afonso",,,,NA,Não,,NA,Outros,Sem Lesões,Não se Aplica,Baixo,7,Alto,8 - Veículos e Equipamentos Móveis,Falha no veículo,Condições precárias da via,,,,,,,45054,
1,Terceiro,Quase Acidente,,Não,CHESF,Transmissão,Masculino,46,Até 6 meses,Terça- feira,26,9,2023,15:00 - 16:00,Empresa,Equipe,Paulo Afonso,BA,Centro de Treinamento de LT - CFPPA (JALL),-9.4140614500000002,-38.201157219999999,VP Operações e Segurança,Operações,Superintendência Regional Sul,Departamento de Operação Regional de Paulo Afonso,Divisão Regional da Manutenção da Transmissão de Paulo Afonso,0,0,0,0,Não,0,,Outros,Sem Lesões,,Baixo,11,Médio,11 - Não se Aplica,Em análise,,,,,,,,45195,
1,Próprio,Quase Acidente,,Não,CHESF,Transmissão,Masculino,48,Acima de 10 anos,Segunda - feira,23,10,2023,15:00 - 16:00,Via pública,Individual,Paulo Afonso,BA,Rodovia PE 390,-8.3133149999999993,-38.4133073,VP Operações e Segurança,Operações,Superintendência Regional Sul,Departamento de Operação Regional de Paulo Afonso,Divisão Regional da Manutenção da Transmissão de Paulo Afonso ,0,0,0,0,Não,0,,Animal,Sem Lesões,,Baixo,15,Baixo,8 - Veículos e Equipamentos Móveis,,,,,,,,,45222,
1,Terceiro,Trajeto sem afastamento,,Sim,CHESF,CSC,Masculino,59,Até 6 meses,Terça- feira,24,10,2023,05:00 - 06:00,Via pública,Individual,Paulo Afonso,BA,Angiquinho,-9.3917126052377498,-38.194891378764403,VP Suprimentos e Serviços,VSS,Superintendência de Coordenação Regional do CSC,Departamento de Infraestrurura e Serviços Gerais do CSC,Divisão de Ingraestutura e Serviços Gerais Paulo Afonso,45224,45224,0,0,Não,0,45224,Moto - Queda,"Escoriação, Abrasão",Braço Esquerdo,Baixo,11,Médio,8 - Veículos e Equipamentos Móveis,,,,,,,,,45223,
1,Próprio,Típico com afastamento,,Sim,Eletrobras,Transmissão,Masculino,31,Acima de 10 anos,Segunda - feira,27,3,2023,15:00 - 16:00,Área rural,Equipe,Pedra do Indaia,MG,UHE Furnas,-20.66653582,-46.318766930000002,VP Operações e Segurança,Operações,PO.O - SUP DE PRODUÇÃO OESTE,DRM.O,DMEM.O,,,15,0,Não,15,45016,Golpeado por (atingido por objeto em movimento),Traumatismo,Cabeça,Alto,5,Alto,Outros,Não observância do MTC - 9.5.3 - Sequência de atividades em ato contínuo.,,,,,,,,45012,
1,Terceiro,Típico com afastamento,,Sim,Eletrobras,Geração - Hidráulica,Masculino,49,3 a 6 anos,Quarta - feira,28,6,2023,12:00- 13:00,Empresa,Equipe,Pedregulho,SP,UHE Luiz Carlos Barreto de Carvalho,-20.152985470000001,-47.279454733000001,VP Operações e Segurança,Operações,PO.O - SUP DE PRODUÇÃO OESTE,DRM.O - DEP DE PRODUCAO MINAS,DMEM.O - DIV MANUT ELETROMECANICA MINAS,,,7,0,Não,0,45106,Queda mesmo nível,Lesão,Mão Direita,Médio,13,Médio,11 - Não se Aplica,Relevo acidentado,,,,,,,,45105,
1,Terceiro,Típico com afastamento,,Sim,CHESF,Transmissão,Masculino,26,Até 6 meses,Sábado,14,1,2023,15:00 - 16:00,Área rural,Equipe,Penedo,AL,Próximo a SE Penedo,-10.242010000000001,-36.558689999999999,VP Operações e Segurança,Operações,,,,44953,44955,2,0,Não,,44953,Eletricidade,Choque Elétrico,Mão Esquerda,Médio,7,Alto,4 - Eletricidade,Falha no Procedimento,Aterramento temporária mal instalado,Falha na supervisão,,,,,,44940,
1,Próprio,Quase Acidente,,Não,CHESF,Transmissão,Masculino,40,10 a 15 anos,Terça- feira,2,5,2023,10:00 - 11:00,Empresa,Individual,Petrolândia,PE,UHE Luiz Gonzaga,-9.1425280000000004,-38.309981999999998,VP Operações e Segurança,Operações,Superintendência Regional Sul,Departamento de Operação Regional de Paulo Afonso,Divisão Regional de Manutenção da Transmissão de Paulo Afonso,,,,NA,Não,,NA,Queda mesmo nível,Sem Lesões,Não se Aplica,Baixo,11,Médio,6 - Linha de Perigo,Falha de manutenção predial,Falta de atenção,,,,,,,45048,
1,Próprio,Quase Acidente,,Não,CHESF,Geração - Hidráulica,Masculino,42,10 a 15 anos,Quinta - feira,17,8,2023,07:00 - 08:00,Via pública,Dupla,Petrolina,PE,UHE Sobradinho,-9.4130438299999994,-40.634221859999997,VP Operações e Segurança,Operações,Superitendência Regional Norte,Departamento de Operação Regional de Sobradinho,"Divisão de Barragens e Manutenção Civil, Geração e Transmissão de Sobradinho",,,,,,,,Carro - Atropelamento,Sem Lesões,,Médio,2,Crítico,8 - Veículos e Equipamentos Móveis,Animal na pista,,,,,,,,45155,
1,Próprio,Quase Acidente,,Não,CHESF,Geração - Hidráulica,Masculino,41,15 a 20 anos,Quinta - feira,17,8,2023,07:00 - 08:00,Via pública,Dupla,Petrolina,PE,UHE Sobradinho,-9.4130438299999994,-40.634221859999997,VP Operações e Segurança,Operações,Superitendência Regional Norte,Departamento de Operação Regional de Sobradinho,"Divisão de Barragens e Manutenção Civil, Geração e Transmissão de Sobradinho",,,,,,,,Moto - Atropelamento,Sem Lesões,,Baixo,11,Médio,8 - Veículos e Equipamentos Móveis,Animal na pista,Acidente sendo investigado,,,,,,,45155,
1,Próprio,Quase Acidente,,Não,CGT Eletrosul,Adm,Masculino,56,Acima de 10 anos,Sexta-feira,11,8,2023,14:00 - 15:00,Via pública,Individual,Picada Café,RS,BR 115 KM 210,-29.4536145,-51.164112799999998,"VP Gente, Gestão e Cultura",Outros,Departamento de Gestão de Pessoas,,,,,N/A,-,Não,-,-,Carro - Colisão ,Outros,Não se Aplica,,4,Alto,8 - Veículos e Equipamentos Móveis,,,,,,,,,45149,
1,Próprio,Quase Acidente,,Não,CGT Eletrosul,Transmissão,Masculino,46,Acima de 10 anos,Sábado,16,9,2023,08:00 - 09:00,Empresa,Dupla,Pinhão,PR,SE Areia,-25.695101000000001,-51.659814400000002,VP Operações e Segurança,Operações,Departamento de Manutenção,,,,,N/A,-,,-,-,Eletricidade,Outros,Mão Direita,,4,Alto,4 - Eletricidade,,,,,,,,,45185,
1,Próprio,Quase Acidente,,Não,CGT Eletrosul,Transmissão,Masculino,35,Acima de 10 anos,Sábado,16,9,2023,08:00 - 09:00,Empresa,Dupla,Pinhão,PR,SE Areia,-25.695101000000001,-51.659814400000002,VP Operações e Segurança,Operações,Departamento de Manutenção,,,,,N/A,-,,-,-,Eletricidade,Outros,Mão Direita,,4,Alto,4 - Eletricidade,,,,,,,,,45185,
1,Próprio,Quase Acidente,,Não,CHESF,Geração - Hidráulica,Masculino,50,15 a 20 anos,Terça- feira,6,6,2023,18:00 - 19:00 ,Empresa,Individual,Piranhas,AL,UHE Xingó,-9.6275109000000008,-37.798346299999999,"VP Gente, Gestão e Cultura",Outros,Superintendência de Gestão de Pessoas,"Departamento de Saúde, Segurança e Bem-Estar no Trabalho","Divisão de Saúde, Segurança e Bem-Estar no Trabalho Sul",,,,NA,Não,,NA,Golpeado por (atingido por objeto em movimento),Sem Lesões,Não se Aplica,Baixo,11,Médio,2 - Percepção de Risco,Imediata paralização da cancela,,,,,,,,45083,
1,Terceiro,Quase Acidente,,Não,CHESF,Geração - Hidráulica,Masculino,33,1 a 3 anos,Sexta-feira,24,11,2023,08:00 - 09:00,Via pública,Equipe,Piranhas,AL,Rodovia AL 225,-955441346503685,-3778642629574700,VP Engenharia de Expansão,Engenharia,,PARCEIROS DE NEGÓCIO ENGENHARIA CHESF,,,,,0,Não,0,NA,Carro - Colisão ,Sem Lesões,,Baixo,2,Crítico,8 - Veículos e Equipamentos Móveis,,,,,,,,,45254,
1,Terceiro,Quase Acidente,,Não,CHESF,Geração - Hidráulica,Masculino,41,1 a 3 anos,Sexta-feira,24,11,2023,08:00 - 09:00,Via pública,Equipe,Piranhas,AL,Rodovia AL 225,-955441346503685,-3778642629574700,VP Engenharia de Expansão,Engenharia,,PARCEIROS DE NEGÓCIO ENGENHARIA CHESF,,,,,0,Não,0,NA,Carro - Colisão ,Sem Lesões,,Baixo,2,Crítico,8 - Veículos e Equipamentos Móveis,,,,,,,,,45254,
1,Terceiro,Típico com afastamento,,Sim,CHESF,Transmissão,Masculino,39,1 a 3 anos,Terça- feira,21,11,2023,09:00 - 10:00,Empresa,Individual,Piripiri,PI,SE Piripiri,-4082491095906900,-4172600728598970,VP Operações e Segurança,Operações,Gerência PRODUÇÃO NORTE,GERÊNCIA DA MANUT DA TRANS DE TERESINA,DIVISÃO DA MANUT DA TRANS DE TERESINA,45252,45257,5,0,Não,0,45252,Atingido por (pontos agudos ou cortantes),"Laceração, Corte",Cabeça,Baixo,16,Baixo,2 - Percepção de Risco,,,,,,,,,45251,
1,Terceiro,Quase Acidente,,Não,Eletrobras,Geração - Hidráulica,Masculino,35,1 a 3 anos,Quinta - feira,7,12,2023,14:00 - 15:00,Empresa,Equipe,Planura,MG,UHE Porto Colômbia,-20.127500000743002,-48.571666666666999,VP Operações e Segurança,Operações,OOE.F - Produção Oeste,OOEN.F - Produção Triângulo Mineiro,OOENP.F - Operação de Porto Colômbia,,,N/A,N/A,Não,N/A,N/A,,,,,11,Médio,Outros,(em investigação),,,,,,,,45267,
1,Próprio,Típico com afastamento,,Sim,Eletrobras,Transmissão,Masculino,31,Acima de 10 anos,Quinta - feira,19,1,2023,10:00 - 11:00,Área rural,Equipe,Poços de Caldas,MG,SE Poços de Caldas,-21.798979419999998,-46.61554409,VP Operações e Segurança,Operações,PO.O - SUP DE PRODUÇÃO OESTE,DRM.O,DMEM.O,,,7,0,Não,7,44949,Queda mesmo nível,"Distensão, Torção",Pé Direito,Médio,11,Médio,11 - Não se Aplica,,,,,,,,,44945,
1,Terceiro,Típico com afastamento,,Sim,Eletrobras,Transmissão,Masculino,43,1 a 3 anos,Segunda - feira,13,11,2023,11:00 - 12:00,Empresa,Dupla,Poços de Caldas,MG,SE Poços de Caldas,-21.798888889680999,-46.613888888889001,VP Operações e Segurança,Operações,OOE.F - Produção Oeste,OOEM.F - Produção Minas,OOEMP.F - Operação Poços Caldas e Itut.,,,1,0,Não,0,45243,Golpeado por (atingido por objeto em movimento),Lesão,Dedo da mão Direita,Médio,11,Médio,2 - Percepção de Risco,(em investigação),,,,,,,,45243,
1,Próprio,Quase Acidente,,Não,CHESF,Geração - Hidráulica,Masculino,55,20 a 25 anos,Terça- feira,28,3,2023,20:00 - 21:00 ,Via pública,Individual,Pojuca,BA,Via Pública,-12.414840999999999,-38.339339000000002,VP Operações e Segurança,Operações,Superintendência Regional Sul,Departamento de Operação Regional de Salvador,Divisão Regional de Segurança de Barragens e Manutenção Civil de Salvador,,,,NA,Não,,NA,Outros,Sem Lesões,Não se Aplica,Baixo,16,Baixo,11 - Não se Aplica,Risco de assalto,,,,,,,,45013,
1,Terceiro,Típico com afastamento,,Sim,CGT Eletrosul,Geração - Térmica,Masculino,20,Até 6 meses,Sexta-feira,22,9,2023,10:00 - 11:00,Empresa,Individual,Porto Alegre,RS,UHE - Nutepa ,-30.872099200000001,-55.56203,VP Operações e Segurança,Operações,Departamento de Gestão Ambiental e Fundiária,,,,,15,,,,,Escorregou/Desequilibrou,"Distensão, Torção",,Médio,11,Médio,2 - Percepção de Risco,,,,,,,,,45191,
1,Terceiro,Trajeto com afastamento,,Sim,Eletronorte,CSC,Masculino,28,6 meses a 1 ano,Terça- feira,25,4,2023,15:00 - 16:00,Via pública,Dupla,Porto Franco,MA,Via Pública,-6.3417399999999997,-47.398240000000001,VP Suprimentos e Serviços,VSS,Superintendência de Coordenação Regional do CSC Norte,-,-,45042,45048,6,0,Não,0,45042,Carro - Colisão ,"Escoriação, Abrasão",Cabeça,Médio,14,Baixo,8 - Veículos e Equipamentos Móveis,-,-,-,-,-,-,-,-,45041,
1,Terceiro,Trajeto com afastamento,,Sim,Eletronorte,CSC,Masculino,28,6 meses a 1 ano,Terça- feira,25,4,2023,15:00 - 16:00,Via pública,Dupla,Porto Franco,MA,Via Pública,-6.334174,-47.394240000000003,VP Operações e Segurança,Operações,Superintendência de Produção da Transmissão,-,-,45042,45046,4,0,Não,0,45042,Carro - Colisão ,"Escoriação, Abrasão",Cabeça,Médio,14,Baixo,8 - Veículos e Equipamentos Móveis,-,-,-,-,-,-,-,-,45041,
1,Terceiro,Típico sem afastamento,,Sim,Eletronorte,Transmissão,Masculino,32,1 a 3 anos,Quinta - feira,25,5,2023,15:00 - 16:00,Área rural,Equipe,Porto Velho,RO,LT,-9.7310680000000005,-65.163785000000004,VP Operações e Segurança,Operações,Superintendência de Produção da Transmissão,-,-,,,,0,Não,0,45072,Animal,Sem Lesões,Mão Direita,Baixo,15,Baixo,2 - Percepção de Risco,-,-,-,-,-,-,-,-,45071,
1,Próprio,Trajeto com afastamento,Sim,Sim,Eletronorte,Geração - Térmica,Masculino,50,Acima de 10 anos,Domingo,18,6,2023,07:00 - 08:00,Via pública,Individual,Porto Velho,RO,Via Pública,-9.7210680000000007,-65.167850000000001,VP Operações e Segurança,Operações,Superintendência de Produção da Geração Hidraulica,Departamento de Manutenção da Geração Hidráulica Leste,Divisão de Manutenção da UHE Samuel,45095,45099,4,0,Não,0,45099,Carro - Colisão ,"Distensão, Torção",Coluna,Médio,14,Baixo,8 - Veículos e Equipamentos Móveis,-,-,-,-,-,-,-,-,45095,
1,Próprio,Trajeto com afastamento,Sim,Sim,Eletronorte,Transmissão,Masculino,59,Acima de 10 anos,Domingo,18,6,2023,07:00 - 08:00,Via pública,Individual,Porto Velho,RO,Via Pública,-9.7210680000000007,-65.167850000000001,VP Operações e Segurança,Operações,Superintendência de Produção da Transmissão,Departamento Regional de Produção e Trasmissão do Acre e Rondônia,-,45095,45099,4,0,Não,0,45099,Carro - Colisão ,Traumatismo,Tórax,Baixo,15,Baixo,8 - Veículos e Equipamentos Móveis,-,-,-,-,-,-,-,-,45095,
1,Próprio,Trajeto sem afastamento,,Sim,Eletronorte,Transmissão,Masculino,48,Acima de 10 anos,Quinta - feira,6,7,2023,11:00 - 12:00,Via pública,Individual,Porto Velho,RO,SE Porto Velho,-8.7618600000000004,-63.898980000000002,VP Operações e Segurança,Operações,Superintendência de Produção da Transmissão,Departamento Regional de Produção e Transmissão do Acre e Rondônia,Divisão de Produção e Trasmissão de Porto Velho,,,,0,Não,0,45119,Moto - Colisão,"Escoriação, Abrasão",Pé Esquerdo,Baixo,14,Baixo,8 - Veículos e Equipamentos Móveis,Acidente de trânsito,Falta de atenção do condutor que atingiu o empregado,,,,,,,45113,
1,Terceiro,Típico sem afastamento,,Sim,Eletronorte,Transmissão,Masculino,42,1 a 3 anos,Terça- feira,1,8,2023,14:00 - 15:00,Empresa,Equipe,Porto Velho,RO,SE Porto Velho,-8.9090000000000007,-63.959000000000003,VP Operações e Segurança,Operações,Superintendência de Produção da Transmissão,Departamento Regional de Produção e Trasmissão do HVDC,Divisão de Produção e Trasmissão HVDC de Porto Velho,,,,0,Não,0,45140,Golpeado por (atingido por objeto em movimento),"Laceração, Corte",Mão Esquerda,Baixo,15,Baixo,2 - Percepção de Risco,Má postura,Falta de percepção de peso do objeto,,,,,,,45139,
1,Terceiro,Típico com afastamento,,Sim,Eletronorte,Transmissão,Masculino,42,1 a 3 anos,Quinta - feira,10,8,2023,15:00 - 16:00,Empresa,Dupla,Porto Velho,RO,SE Porto Velho,-8.9090000000000007,-63.959000000000003,VP Operações e Segurança,Operações,Superintendência de Produção da Transmissão,Departamento Regional de Produção e Trasmissão do HVDC,Divisão de Produção e Trasmissão HVDC de Porto Velho,45149,45154,5,0,Não,0,45149,Golpeado por (atingido por objeto em movimento),"Laceração, Corte",Pé Esquerdo,Médio,11,Médio,2 - Percepção de Risco,,,,,,,,,45148,
1,Terceiro,Quase Acidente,,Sim,Eletronorte,Transmissão,Masculino,36,Até 6 meses,Quinta - feira,15,9,2023,07:00 - 08:00,,Equipe,Porto Velho,RO,SE Porto Velho,-9.7200000000000006,-65.17,VP Operações e Segurança,Operações,Superintendência de Produção da Transmissão,Departamento Regional de Produção e Trasmissão do HVDC,Divisão de Produção e Trasmissão HVDC de Porto Velho,,,,0,Não,0,,Mal subito,Sem Lesões,,Baixo,11,Médio,11 - Não se Aplica,,,,,,,,,45184,
1,Próprio,Típico com afastamento,,Sim,Eletronorte,Transmissão,Masculino,> 60,Acima de 10 anos,Sábado,11,11,2023,13:00 - 14:00,Empresa,Individual,Porto Velho,RO,SE Porto Velho,-9.7210680000000007,-65.167850000000001,VP Operações e Segurança,Operações,Superintendência de Produção da Transmissão,Departamento Regional de Produção e Trasmissão do HVDC,Divisão de Produção e Trasmissão HVDC de Porto Velho,45241,45242,1,0,Não,0,45246,Queda mesmo nível,"Escoriação, Abrasão",Perna Direita,Médio,10,Médio,6 - Linha de Perigo,,,,,,,,,45241,
1,Próprio,Quase Acidente,,Sim,Eletronorte,Transmissão,,,,Terça- feira,19,9,2023,09:00 - 10:00,,,Presidente Dutra,MA,SE Presidente Dutra,-5.26,-44.48,VP Operações e Segurança,Operações,Superintendência de Produção da Transmissão,Departamento Regional de Produção e Transmissão do Maranhão e Tocantins,Divisão de Produção da Transmissão de Presidente Dutra,,,,0,Não,0,,Eletricidade,,,Baixo,7,Alto,4 - Eletricidade,,,,,,,,,45188,
1,Próprio,Típico com afastamento,,Sim,Eletronorte,Geração - Hidráulica,Masculino,> 60,Acima de 10 anos,Quinta - feira,23,3,2023,14:00 - 15:00,Empresa,Individual,Presidente Figueiredo,AM,UHE Balbina,-1.91391,-59.455759999999998,VP Operações e Segurança,Operações,Superintendência de Produção da Geração Térmica,Departamento de Manutenção da Geração Hidráulica Leste,Divisão de Manutenção da UHE Balbina,45008,45012,4,0,Não,0,45013,Escorregou/Desequilibrou,Luxação,Pé Esquerdo,Baixo,14,Baixo,2 - Percepção de Risco,-,-,-,-,-,-,-,-,45008,
1,Terceiro,Típico com afastamento,,Sim,Eletronorte,Geração - Hidráulica,Masculino,27,Até 6 meses,Quarta - feira,28,6,2023,17:00 - 18:00,Via pública,Individual,Presidente Figueiredo,AM,UHE Balbina,-1.9169099999999999,-59.475760000000001,VP Operações e Segurança,Operações,"Superintendência de Produção da Geração Hidraulica
Produção da Geração Hidraulica",,,45113,45116,3,0,Não,0,45113,Golpeado por (atingido por objeto em movimento),Lesão,Cabeça,Baixo,14,Baixo,2 - Percepção de Risco,-,-,-,-,-,-,-,-,45105,
1,Próprio,Quase Acidente,,Sim,Eletronorte,Geração - Hidráulica,Masculino,59,Acima de 10 anos,Terça- feira,12,9,2023,07:00 - 08:00,Via pública,Individual,Presidente Figueiredo,AM,Via Pública,-1.91,-59.46,VP Operações e Segurança,Operações,Superintendência de Produção da Geração Hidráulica,Coordenação de Suporte Operacional,,,,,0,Não,0,,Moto - Colisão,,,Baixo,5,Alto,8 - Veículos e Equipamentos Móveis,,,,,,,,,45181,
1,Terceiro,Quase Acidente,,Não,CHESF,Transmissão,Masculino,,,Quinta - feira,2,2,2023,12:00- 13:00,Empresa,Dupla,Recife,PE,Sede Recife,-8.0622179999999997,-34.928632999999998,VP Operações e Segurança,Operações,Superintendência Regional Norte ,Departamento de Operação Regional de Recife,Divisão Regional de Manutenção da Transmissão de Recife,,,,NA,Não,,NA,Outros,Sem Lesões,Não se Aplica,Baixo,15,Baixo,8 - Veículos e Equipamentos Móveis,Transporte de equipamentos,Falha no processo de amarração dos equipamentos,,,,,,,44959,
1,Próprio,Quase Acidente,,Não,CHESF,Adm,Masculino,49,20 a 25 anos,Segunda - feira,13,2,2023,11:00 - 12:00,Via pública,Individual,Recife,PE,Via Pública,-8.0658600000000007,-34.929862,"VP Gente, Gestão e Cultura",Outros,Superintendência de Gestão de Pessoas,"Departamento de Saúde, Segurança e Bem-Estar no Trabalho",,,,,NA,Não,,NA,Escorregou/Desequilibrou,"Escoriação, Abrasão",Perna Direita,Baixo,11,Médio,2 - Percepção de Risco,Desequilíbrio em calçada,,,,,,,,44970,
1,Próprio,Quase Acidente,Sim,Não,CHESF,Transmissão,Masculino,43,6 a 10 anos,Terça- feira,7,3,2023,14:00 - 15:00,Via pública,Dupla,Recife,PE,Via Pública,-8.0622179999999997,-34.928632999999998,VP Operações e Segurança,Operações,Superitendência Regional Norte,Departamento de Operação Regional de Natal,Divisão Regional de Manutenção da Transmissão de Natal,,,,NA,Não,,NA,Carro - Colisão ,Sem Lesões,Não se Aplica,Baixo,15,Baixo,8 - Veículos e Equipamentos Móveis,Condutor do veículo terceiro estava passando mal,,,,,,,,44992,
1,Próprio,Quase Acidente,Sim,Não,CHESF,Transmissão,Masculino,46,15 a 20 anos,Terça- feira,7,3,2023,14:00 - 15:00,Via pública,Dupla,Recife,PE,Via Pública,-8.0622179999999997,-34.928632999999998,VP Operações e Segurança,Operações,Superitendência Regional Norte,Departamento de Operação Regional de Natal,Divisão Regional de Manutenção da Transmissão de Campina Grande,,,,NA,Não,,NA,Carro - Colisão ,Sem Lesões,Não se Aplica,Baixo,15,Baixo,8 - Veículos e Equipamentos Móveis,Condutor do veículo terceiro estava passando mal,,,,,,,,44992,
1,Terceiro,Trajeto com afastamento,,Sim,CHESF,Transmissão,Masculino,36,,Quarta - feira,10,5,2023,07:00 - 08:00,Via pública,Individual,Recife,PE,Via Pública,-8.0606100000000005,-34.925469999999997,"VP Gente, Gestão e Cultura",Outros,,,,45061,45068,7,0,Não,,45061,Queda com diferença de nível,Traumatismo,Tórax,Médio,2,Crítico,2 - Percepção de Risco,Falha na técnica de ancoragem com cinto paraquedista,Falta de atenção,Falha na supervisão,,,,,,45056,
1,Próprio,Trajeto com afastamento,,Sim,CHESF,Transmissão,,,Acima de 10 anos,Segunda - feira,4,9,2023,07:00 - 08:00,Via pública,Individual,Recife,PE,Via Pública,-8053898,-34923094,VP Operações e Segurança,Operações,"Superintendência de Telecomonunicação, Automação e Controle",,,45173,45183,10,0,Não,0,45204,Moto - Queda,"Escoriação, Abrasão",Joelho,Médio,11,Médio,8 - Veículos e Equipamentos Móveis,,,,,,,,,45173,
1,Próprio,Típico sem afastamento,,Sim,CHESF,Adm,Masculino,54,10 a 15 anos,Terça- feira,12,9,2023,10:00 - 11:00,Empresa,Individual,Recife,PE,Sede Recife,-8.0644591999999999,-34.931567999999999,VP Operações e Segurança,Operações,"Superintendência de Telecomunicações, Proteção e Automação - SOT",Departamento de Desempenho dos Sistemas,,45187,45187,0,0,Sim,0,45187,Queda mesmo nível,Outros,Joelho,Baixo,14,Baixo,11 - Não se Aplica,Em análise,,,,,,,,45181,
1,Próprio,Quase Acidente,,,Eletrobras,Geração - Hidráulica,,,6 meses a 1 ano,Quinta - feira,21,9,2023,14:00 - 15:00,Cliente,Equipe,Resende,RJ,Safety World Consultoria,-22.457500000810999,-44.411666666667003,VP Operações e Segurança,Operações,(diversas),(diversas),(diversas),,,N/A,N/A,,N/A,N/A,,,,,11,Médio,10 - Produtos Químicos Perigosos,,,,,,,,,45190,
1,Terceiro,Típico com afastamento,,Sim,CGT Eletrosul,Transmissão,Masculino,33,6 meses a 1 ano,Sexta-feira,8,12,2023,15:00 - 16:00,Área rural,Equipe,Ribas do Rio Pardo,MS,LT MIM2,-20.477630000000001,-53.703859999999999,VP Operações e Segurança,Operações,OOT.S Produção e Trasmissão ,OOTG.S Regional de Manutenção do Mato Grosso do Sul,OOTGMC.S Setor de Manutenção Centralizada da Regional do Mato Grosso do Sul,45273,45288,15,0,Não,15,45273,Eletricidade,Lesão,Braço Esquerdo,Alto,5,Alto,4 - Eletricidade,,,,,,,,,45268,
1,Próprio,Quase Acidente,,Sim,CGT Eletrosul,Transmissão,Masculino,20,Até 6 meses,Quarta - feira,20,12,2023,17:00 - 18:00,Empresa,Individual,Ribas do Rio Pardo,MS,LT MIM2,-20.477630000000001,-53.703859999999999,VP Operações e Segurança,Operações,OOT.S Produção da Transmissão,OOTG.S Regional de Manutenção do Mato Grosso do Sul,OOTGMC.S Setor de Manutenção Centralizada da Regional do Mato Grosso do Sul,,,N/A,,,,,Carro - Colisão ,Sem Lesões,Não se Aplica,,15,Baixo,8 - Veículos e Equipamentos Móveis,,,,,,,,,45280,
1,Terceiro,Quase Acidente,,Não,CGT Eletrosul,Expansão,Masculino,29,Até 6 meses,Terça- feira,26,9,2023,14:00 - 15:00,Empresa,Equipe,Rio Bomito do Iguaçu,PR,SE Salto Santiago,-24.042704499999999,-51.659814400000002,VP Engenharia de Expansão,Engenharia,DEG Departamento Engenharia de Geração,,,,,N/A,,,,,Eletricidade,Choque Elétrico,Outros,,15,Baixo,4 - Eletricidade,,,,,,,,,45195,
1,Próprio,Típico sem afastamento,,Sim,Eletronorte,Expansão,Masculino,56,Acima de 10 anos,Terça- feira,5,12,2023,10:00 - 11:00,Área rural,Dupla,Rio Branco,AC,LT Rio Branco-Abunã III,-10.01,-67.72,VP Engenharia de Expansão,Engenharia,,,,,,,,,,,Escorregou/Desequilibrou,"Distensão, Torção",Perna Direita,Baixo,11,Médio,2 - Percepção de Risco,,,,,,,,,45265,
1,Próprio,Trajeto sem afastamento,,Sim,Eletrobras,Adm,Feminino,41,Acima de 10 anos,Quarta - feira,26,4,2023,12:00- 13:00,Via pública,Individual,Rio de Janeiro,RJ,Via Pública,-22.901509999999998,-43.179119999999998,"VP Gente, Gestão e Cultura",Outros,Comunicação,Comunicação e Relações Institucionais,-,,,0,0,Não,0,45044,Queda mesmo nível,"Escoriação, Abrasão",Braço Direito,Baixo,13,Médio,11 - Não se Aplica,Vestimenta,,,,,,,,45042,
1,Próprio,Trajeto com afastamento,,Sim,Eletrobras,Transmissão,Masculino,> 60,Acima de 10 anos,Segunda - feira,5,6,2023,12:00- 13:00,Via pública,Individual,Rio de Janeiro,RJ,SE Grajaú,-22.927500000824999,-43.264722222221998,VP Operações e Segurança,Operações,TL.O - SUP DE TELECOMUNICACOES,DTL.O - DEP DE SISTEMAS DE TELECOMUNIC,CSTL.O - CENTRO DE SUPERV DE TELECOMUNIC,,,15,0,Não,0,45170,Queda mesmo nível,"Distensão, Torção",Pé Direito,Médio,13,Médio,11 - Não se Aplica,Desnível na rua,,,,,,,,45082,
1,Próprio,Trajeto com afastamento,,Sim,Eletrobras,Adm,Feminino,37,Acima de 10 anos,Quarta - feira,12,7,2023,08:00 - 09:00,Via pública,Individual,Rio de Janeiro,RJ,EBM,-22.902222219999999,-43.172499999999999,"VP Gente, Gestão e Cultura",Outros,Comunicação,DRS.P - DEP DE RESP SOCIAL MARCA E REPUT,,,,15,0,Não,0,45128,Queda mesmo nível,Fratura,Braço Esquerdo,Baixo,14,Baixo,11 - Não se Aplica,Elevado da calçada,,,,,,,,45119,
1,Próprio,Trajeto com afastamento,,Sim,Eletrobras,Adm,Masculino,45,Acima de 10 anos,Sexta-feira,21,7,2023,08:00 - 09:00,Via pública,Individual,Rio de Janeiro,RJ,Via Pública,-23.008441000000001,-43.439309999999999,"VP Gente, Gestão e Cultura",Outros,Tecnologia da Informação,Arquiterura e Gerência de TI,-,,,10,0,Não,0,45149,Moto - Queda,"Escoriação, Abrasão",Perna Esquerda,Médio,13,Médio,11 - Não se Aplica,Falta de atenção de terceiros,,,,,,,,45128,
1,Próprio,Trajeto sem afastamento,,Sim,Eletrobras,Adm,Masculino,57,Acima de 10 anos,Segunda - feira,14,8,2023,07:00 - 08:00,Empresa,Individual,Rio de Janeiro,RJ,Escritório Central,-22.955500950000001,-43.191663320000004,"VP Gente, Gestão e Cultura",Outros,GE.E - SUP DE GESTAO PROJETOS E EMPREEND,,,,,0,0,Não,0,45154,Moto - Queda,"Escoriação, Abrasão",Perna Direita,Baixo,10,Médio,11 - Não se Aplica,Piso escorregadio,,,,,,,,45152,
1,Próprio,Trajeto sem afastamento,,Sim,Eletrobras,Adm,Masculino,52,Acima de 10 anos,Segunda - feira,14,8,2023,07:00 - 08:00,Empresa,Individual,Rio de Janeiro,RJ,Escritório Central,-22.955500950000001,-43.191663320000004,VP Suprimentos e Serviços,VSS,CS.G - SUP COORD REGIONAL CSC SUDESTE,CSI.G - DEP INFRA E SERV GERAIS,CSFV.G - DIV GESTAO FROTAS E VIAGENS,,,0,0,Não,0,45155,Moto - Queda,"Laceração, Corte",Dedo da mão Direita,Baixo,10,Médio,11 - Não se Aplica,Piso escorregadio,,,,,,,,45152,
1,Próprio,Trajeto com afastamento,,Sim,Eletrobras,Geração - Térmica,Masculino,49,Acima de 10 anos,Segunda - feira,14,8,2023,16:00 - 17:00,Via pública,Individual,Rio de Janeiro,RJ,UTE Santa Cruz,-22.905833334156998,-43.745833333333003,VP Operações e Segurança,Operações,PS.O - SUP DE PRODUÇÃO SUDESTE,DRR.O - DEP DE PRODUCAO RIO,DMLR.O - DIV MANUT ELETROELETRONICA RIO,,,15,0,Não,0,45155,Moto - Queda,Fratura,Mão Direita,Médio,7,Alto,8 - Veículos e Equipamentos Móveis,Buraco na via ocultado pela água da chuva,,,,,,,,45152,
1,Terceiro,Típico com afastamento,,Sim,Eletrobras,Adm,Masculino,24,Até 6 meses,Terça- feira,19,9,2023,11:00 - 12:00,Empresa,Individual,Rio de Janeiro,RJ,UTE Santa Cruz,-22.912500000824,-43.764166666667002,VP Operações e Segurança,Operações,PS.O - SUP DE PRODUÇÃO SUDESTE,DRR.O - DEP DE PRODUCAO RIO,DOSN.O - DIV.OPER. SANTA CRUZ E ANGRA,,,3,0,Não,0,45188,Escada - Queda,Luxação,Partes Múltiplas,Médio,4,Alto,2 - Percepção de Risco,,,,,,,,,45188,
1,Terceiro,Típico sem afastamento,,Sim,Eletrobras,Transmissão,Masculino,49,1 a 3 anos,Sexta-feira,8,12,2023,15:00 - 16:00,Empresa,Dupla,Rio de Janeiro,RJ,SE Grajaú,-22.927500000824999,-43.264722222221998,VP Operações e Segurança,Operações,OOOP.F - Estudos e Plan. Elétrico Oper.,OOPT.F - Sistemas de Telecomunicações,OOPTS.F - Centro de Supervisão de Telec,,,0,N/A,Não,N/A,,,,,Baixo,11,Médio,2 - Percepção de Risco,(em investigação),,,,,,,,45268,
1,Próprio,Típico sem afastamento,,Sim,CGT Eletrosul,Transmissão,Masculino,53,Acima de 10 anos,Terça- feira,14,3,2023,09:00 - 10:00,Empresa,Equipe,Rio Fortuna,SC,LT,-28.133981200000001,-49.12435,VP Operações e Segurança,Operações,DMO Departamento de Operação e Apoio a  Manutenção ,RMSC,CRCAP,,,0,0,Não,0,,Animal,Lesão,Mão Direita,Médio,13,Médio,3 - Trabalho em Altura,Sistêmica ,Humana,Sistêmica ,,,,,,44999,
1,Próprio,Típico com afastamento,,Sim,CHESF,Transmissão,Masculino,42,10 a 15 anos,Quarta - feira,12,4,2023,09:00 - 10:00,Empresa,Dupla,Rio Largo,AL,SE Rio Largo,-9.5038599999999995,-35.837539999999997,VP Operações e Segurança,Operações,Superintendência Regional Norte,Departamento de Operação Regional de Recife,Divisão regional de Manutenção da Transmissão de Maceió,45028,45030,2,0,Não,,45049,Outros,Traumatismo,Face,Baixo,14,Baixo,2 - Percepção de Risco,Içamento manual de carga,Postura para o içamento,Falta de luvas,,,,,,45028,
1,Próprio,Típico com afastamento,,Sim,CHESF,Transmissão,Masculino,43,10 a 15 anos,Sexta-feira,8,9,2023,11:00 - 12:00,Via pública,Dupla,Rio Largo,AL,SE Rio Largo,-9.4855,-35.817340000000002,VP Operações e Segurança,Operações,Superintendência Regional Norte,Departamento de Operação Regional de Recife,Divisão Regional de Manutenção da Transmissão de Maceió ,45177,45181,4,0,Não,0,45184,Carro - Colisão ,Sem Lesões,Tórax,Baixo,15,Baixo,8 - Veículos e Equipamentos Móveis,Em análise,,,,,,,,45177,
1,Próprio,Quase Acidente,,Não,CGT Eletrosul,Transmissão,,,6 meses a 1 ano,Terça- feira,5,9,2023,00:00 - 01:00 ,Área rural,,Roca Sales,RS,"LT 525 kV Ita - Nova Santa Rita - Torres 474,475 e 476 ",,,VP Operações e Segurança,Operações,DMO Departamento de Operação e Apoio a  Manutenção ,,,,,N/A,,,,,Outros,Sem Lesões,Não se Aplica,,15,Baixo,11 - Não se Aplica,,,,,,,,,45174,
1,Próprio,Quase Acidente,,Sim,Eletronorte,Transmissão,Masculino,> 60,Acima de 10 anos,Quinta - feira,28,9,2023,12:00- 13:00,,Individual,Rondonópolis,MT,SE Rondonópolis,-16.472049999999999,-54.599159999999998,VP Operações e Segurança,Operações,Superintendência de Produção da Transmissão,Departamento Regional de Produção e Transmissão do Mato Grosso,Divisão de Produção da Transmissão de Rondonópolis,,,,0,Não,0,,Queda mesmo nível,Sem Lesões,,Baixo,15,Baixo,2 - Percepção de Risco,,,,,,,,,45197,
1,Próprio,Típico sem afastamento,,Sim,Eletronorte,Transmissão,Masculino,55,Acima de 10 anos,Segunda - feira,13,11,2023,08:00 - 09:00,Empresa,Individual,Rondonópolis,MT,SE Rondonópolis,-16.472049999999999,-54.599159999999998,VP Operações e Segurança,Operações,Superintendência de Produção da Transmissão,Departamento Regional de Produção e Transmissão do Mato Grosso,Divisão de Produção da Transmissão de Rondonópolis,,,,0,Não,0,,Outros,"Laceração, Corte",Mão Direita,Baixo,11,Médio,2 - Percepção de Risco,,,,,,,,,45243,
1,Terceiro,Trajeto sem afastamento,,Não,CGT Eletrosul,Adm,Masculino,53,Até 6 meses,Quarta - feira,12,4,2023,12:00- 13:00,Via pública,Individual,Roque Gonzales,RS,UHPJ ,-28.141939099999998,55.055308199999999,"VP Gente, Gestão e Cultura",Outros,Produtividade Qualidade,,,,,0,,,,,Moto - Queda,"Laceração, Corte",Mão Direita,Médio,4,Alto,8 - Veículos e Equipamentos Móveis,,,,,,,,,45028,
1,Próprio,Quase Acidente,,Sim,CGT Eletrosul,Geração - Hidráulica,Masculino,,Acima de 10 anos,Quinta - feira,16,11,2023,16:00 - 17:00,Empresa,Dupla,Roque Gonzales,RS,UHPJ ,-28.100130145289999,-55.027078580000001,VP Operações e Segurança,Operações,Produção da Geração,,,,,N/A,,,,,Outros,Sem Lesões,Não se Aplica,,16,Baixo,11 - Não se Aplica,,,,,,,,,45246,
1,Próprio,Trajeto com afastamento,,Sim,Eletronorte,Transmissão,Masculino,> 60,Acima de 10 anos,Segunda - feira,12,6,2023,13:00 - 14:00,Via pública,Individual,Ruropólis ,PA,Via Pública,-4.0426729999999997,-54.912075999999999,VP Operações e Segurança,Operações,Superintendência de Produção da Transmissão,Departamento Regional de Produção e Transmissão do Pará,Divisão de Produção e Trasmissão de Altamira,45089,45099,10,0,Não,0,45098,Queda mesmo nível,"Distensão, Torção",Pé Esquerdo,Baixo,15,Baixo,2 - Percepção de Risco,-,-,-,-,-,-,-,-,45089,
1,Terceiro,Fatalidade Trajeto,,Sim,CHESF,Transmissão,Masculino,> 60,6 meses a 1 ano,Quinta - feira,14,9,2023,04:00 - 05:00,Via pública,Equipe,Salgueiro,PE,BR 316 km 252,-8.6769279899999994,-38.97145038,VP Engenharia de Expansão,Engenharia,Superintendência de Gestão de Projetos e Empreendimentos,Departamento de Construção de Linhas de Transmissão ,,45183,51183,6000,0,Não,0,45183,Carro - Capotamento,Traumatismo,Cabeça,Alto,2,Crítico,8 - Veículos e Equipamentos Móveis,Em análise,,,,,,,,45183,
1,Terceiro,Trajeto com afastamento,,Sim,CHESF,Transmissão,Masculino,57,Até 6 meses,Quinta - feira,14,9,2023,04:00 - 05:00,Via pública,Equipe,Salgueiro,PE,BR 316 km 252,-8.6769279899999994,-38.97145038,VP Engenharia de Expansão,Engenharia,Superintendência de Gestão de Projetos e Empreendimentos,Departamento de Construção de Linhas de Transmissão ,,45183,45193,10,0,Não,0,45183,Carro - Capotamento,Lesão,Braço Direito,Alto,2,Crítico,8 - Veículos e Equipamentos Móveis,Em análise,,,,,,,,45183,
1,Terceiro,Trajeto com afastamento,,Sim,CHESF,Transmissão,Masculino,34,6 meses a 1 ano,Quinta - feira,14,9,2023,04:00 - 05:00,Via pública,Equipe,Salgueiro,PE,BR 316 km 252,-8.6769279899999994,-38.97145038,VP Engenharia de Expansão,Engenharia,Superintendência de Gestão de Projetos e Empreendimentos,Departamento de Construção de Linhas de Transmissão ,,45183,45185,2,0,Não,0,45183,Carro - Capotamento,Lesão,Tórax,Alto,2,Crítico,8 - Veículos e Equipamentos Móveis,Em análise,,,,,,,,45183,
1,Terceiro,Trajeto com afastamento,,Sim,CHESF,Transmissão,Masculino,33,6 meses a 1 ano,Quinta - feira,14,9,2023,04:00 - 05:00,Via pública,Equipe,Salgueiro,PE,BR 316 km 252,-8.6769279899999994,-38.97145038,VP Engenharia de Expansão,Engenharia,Superintendência de Gestão de Projetos e Empreendimentos,Departamento de Construção de Linhas de Transmissão ,,45184,45191,7,0,Não,0,45184,Carro - Capotamento,"Laceração, Corte",Pé Direito,Alto,2,Crítico,8 - Veículos e Equipamentos Móveis,Em análise,,,,,,,,45183,
1,Terceiro,Trajeto com afastamento,,Sim,CHESF,Transmissão,Masculino,50,6 meses a 1 ano,Quinta - feira,14,9,2023,04:00 - 05:00,Via pública,Equipe,Salgueiro,PE,BR 316 km 252,-8.6769279899999994,-38.97145038,VP Engenharia de Expansão,Engenharia,Superintendência de Gestão de Projetos e Empreendimentos,Departamento de Construção de Linhas de Transmissão ,,45183,45190,7,0,Não,0,45183,Carro - Capotamento,Fratura,Cabeça,Alto,2,Crítico,8 - Veículos e Equipamentos Móveis,Em análise,,,,,,,,45183,
1,Terceiro,Trajeto sem afastamento,,Sim,CHESF,Transmissão,Masculino,32,,Quinta - feira,14,9,2023,04:00 - 05:00,Via pública,Equipe,Salgueiro,PE,BR 316 km 252,-8.6769279899999994,-38.97145038,VP Engenharia de Expansão,Engenharia,Superintendência de Gestão de Projetos e Empreendimentos,Departamento de Construção de Linhas de Transmissão ,,45184,45184,0,0,Não,0,45184,Carro - Capotamento,Traumatismo,Pé Direito,Alto,2,Crítico,8 - Veículos e Equipamentos Móveis,Em análise,,,,,,,,45183,
1,Próprio,Típico com afastamento,,Sim,CHESF,Geração - Hidráulica,Masculino,38,10 a 15 anos,Quarta - feira,5,4,2023,10:00 - 11:00,Via pública,Dupla,Saloá,PE,Via Pública,-8.9610900000000004,-36.741410000000002,VP Operações e Segurança,Operações,Superintendência de Gestão da Manutenção do Sistema,Departamento de Manutenção da Geração,,45021,45034,13,0,Não,,45049,Carro - Colisão ,Fratura,Face,Alto,4,Alto,8 - Veículos e Equipamentos Móveis,Colisão de veículos,Trânsito em rodovias,Ação de Terceiros,,,,,,45021,
1,Próprio,Típico com afastamento,,Sim,CHESF,Geração - Hidráulica,Masculino,> 60,35 a 40 anos,Quarta - feira,5,4,2023,10:00 - 11:00,Via pública,Dupla,Saloá,PE,Via Pública,-8.9610900000000004,-36.741410000000002,VP Operações e Segurança,Operações,Superintendência de Gestão da Manutenção do Sistema,Departamento de Manutenção da Geração,,45021,45034,13,0,Não,,45049,Carro - Colisão ,Luxação,Coluna,Alto,4,Alto,8 - Veículos e Equipamentos Móveis,Colisão de veículos,Trânsito em rodovias,Ação de Terceiros,,,,,,45021,
1,Próprio,Típico sem afastamento,,Sim,CHESF,Adm,Feminino,52,10 a 15 anos,Terça- feira,17,1,2023,10:00 - 11:00,Empresa,Individual,Salvador,BA,Sede Salvador,-12.939439999999999,-38.420859999999998,"VP Gente, Gestão e Cultura",Outros,Superintendência de Gestão de Pessoas,"Departamento de Saúde, Segurança e Bem-Estar no Trabalho","Divisão de Saúde, Segurança e Bem-Estar no Trabalho Sul",44951,44951,0,0,Não,,44951,Escorregou/Desequilibrou,Luxação,Partes Múltiplas,Baixo,11,Médio,2 - Percepção de Risco,Piso molhado,,,,,,,,44943,
1,Terceiro,Típico com afastamento,,Sim,Eletrobras,Adm,Masculino,36,Até 6 meses,Quinta - feira,16,11,2023,09:00 - 10:00,Empresa,Individual,Samambaia,DF,SE Brasília Sul,-15.862222222827,-48.068333333333001,VP Suprimentos e Serviços,VSS,CS.G - SUP COORD REGIONAL CSC SUDESTE,CSI.G - DEP INFRA E SERV GERAIS,CSGO.G - DIV INFRA SERV GERAIS GO,,,3,0,Não,0,45261,Golpeado por (atingido por objeto em movimento),Lesão,Pé Direito,Baixo,14,Baixo,2 - Percepção de Risco,APR incompleta,Ausência de rotina de inspeção,Ausência de procedimento para troca de filtros,,,,,,45246,
1,Terceiro,Típico com afastamento,,Sim,Eletrobras,CSC,Masculino,43,1 a 3 anos,Domingo,19,11,2023,11:00 - 12:00,Empresa,Individual,Samambaia,DF,SE Brasília Sul,-15.86,-48.07,VP Suprimentos e Serviços,VSS,CS.G - SUP COORD REGIONAL CSC SUDESTE,CSI.G - DEP INFRA E SERV GERAIS,CSSE.G - DIV SEGURANCA PATRIMONIAL,,,7,0,Não,0,45258,Golpeado por (atingido por objeto em movimento),Queimadura Térmica ,Partes Múltiplas,Médio,11,Médio,2 - Percepção de Risco,(em investigação),,,,,,,,45249,
1,Próprio,Trajeto sem afastamento,,Sim,Eletrobras,Transmissão,Masculino,57,Acima de 10 anos,Sexta-feira,1,12,2023,11:00 - 12:00,Empresa,Individual,Santa Cruz,RJ,UTE Santa Cruz,-22.914444445269002,-43.765833333332999,VP Operações e Segurança,Operações,OOL.F - Produção Leste,OOLR.F - Produção Rio,OOLRS.F - Operação de Santa Cruz e Angra,,,0,,,,,,,,Baixo,14,Baixo,8 - Veículos e Equipamentos Móveis,(em investigação),,,,,,,,45261,
1,Próprio,Quase Acidente,,Não,CHESF,Transmissão,Masculino,47,10 a 15 anos,Sexta-feira,27,1,2023,15:00 - 16:00,Via pública,Dupla,Santa Rita,PB,Via Pública,-7.1479699999999999,-35.003019999999999,VP Operações e Segurança,Operações,Superintendência Regional Norte,Departamento de Operação Regional de Natal,Divisão Regional de Manutenção da Transmissão de Campina Grande,,,,NA,Não,,NA,Carro - Colisão ,Sem Lesões,Não se Aplica,Baixo,11,Médio,8 - Veículos e Equipamentos Móveis,Colisão de veículos,Trânsito em rodovias,Ação de Terceiros,,,,,,44953,
1,Terceiro,Típico com afastamento,,Sim,CGT Eletrosul,Adm,Masculino,32,Até 6 meses,Terça- feira,14,2,2023,12:00- 13:00,Empresa,Equipe,Santana do Livramento,RS,Parque Eólico Coxilha Negra,-30.867154930000002,-55.83162025,VP Engenharia de Expansão,Engenharia,Divisão de Construção do Sistema,-,-,,,60,0,Não,0,,Queda mesmo nível,Lesão,,Médio,4,Alto,2 - Percepção de Risco,-,-,-,-,-,-,-,-,44971,
1,Terceiro,Típico com afastamento,,Sim,CGT Eletrosul,Adm,Masculino,56,Até 6 meses,Segunda - feira,27,2,2023,11:00 - 12:00,Empresa,Equipe,Santana do Livramento,RS,Parque Eólico Coxilha Negra,-30.85715493,-55.806202499999998,VP Engenharia de Expansão,Engenharia,DEG Departamento Engenharia de Geração,"Divisão de Gestão e Manutenção Predial, Segurança Patrimonial e de Bens Patrimoniais","Gestão de Infraestrutura descentralizada das instalações de Candiota, São Jerônimo, São Leopoldo, Gravataí e Porto Alegre ",,,4,0,Não,0,44664,Moto - Queda,"Laceração, Corte",Braço Direito,Médio,11,Médio,2 - Percepção de Risco,-,-,-,-,-,-,-,-,44984,
1,Terceiro,Típico com afastamento,,Sim,CGT Eletrosul,Adm,Masculino,21,Até 6 meses,Terça- feira,30,5,2023,15:00 - 16:00,Empresa,Equipe,Santana do Livramento,RS,Parque Eólico Coxilha Negra,-30.871549300000002,-55.816202500000003,VP Engenharia de Expansão,Engenharia,DEG Departamento Engenharia de Geração,-,-,,,2,0,Não,0,,Golpeado por (atingido por objeto em movimento),Lesão,Cabeça,Médio,13,Médio,2 - Percepção de Risco,-,-,-,-,-,-,-,-,45076,
1,Terceiro,Típico com afastamento,,Sim,CGT Eletrosul,Geração - Eólica,Masculino,36,Até 6 meses,Quarta - feira,14,6,2023,11:00 - 12:00,Area rural,Individual,Santana do Livramento,RS,Parque Eólico Coxilha Negra,-30.871549300000002,-55.816202500000003,VP Engenharia de Expansão,Engenharia,DEG Departamento Engenharia de Geração,,,,,5,,Não,,45096,Queda diferente nivel,Luxação,Joelho,Médio,11,Médio,11 - Não se Aplica,,,,,,,,,45091,
1,Terceiro,Trajeto com afastamento,,Sim,CGT Eletrosul,Geração - Eólica,Masculino,29,Até 6 meses,Segunda - feira,10,7,2023,07:00 - 08:00,Via pública,Individual,Santana do Livramento,RS,Parque Eólico Coxilha Negra,-30.871549300000002,-55.816202500000003,VP Engenharia de Expansão,Engenharia,DES Departamento de engenharia do sistema,,,,,10,,Não,,45118,Moto - Queda,Lesão,,Médio,11,Médio,8 - Veículos e Equipamentos Móveis,,,,,,,,,45117,
1,Terceiro,Quase Acidente,,Não,CGT Eletrosul,Geração - Eólica,,,6 meses a 1 ano,Segunda - feira,24,7,2023,10:00 - 11:00,Área rural,Equipe,Santana do Livramento,RS,Parque Eólico Coxilha Negra,-30.872099200000001,-55.562031300000001,VP Engenharia de Expansão,Engenharia,DEG Departamento Engenharia de Geração,,,,,N/A,-,,,-,Outros,,,,4,Alto,2 - Percepção de Risco,Perpecção de risco,Descumprimento de procedimento,,,,,,,45131,
1,Terceiro,Típico com afastamento,,Sim,CGT Eletrosul,Expansão,Masculino,31,6 meses a 1 ano,Sábado,14,10,2023,15:00 - 16:00,Área rural,Individual,Santana do Livramento,RS,Parque Eólico Coxilha Negra,-30.872099200000001,-55.56203,VP Engenharia de Expansão,Engenharia,DEG Departamento Engenharia de Geração,,,,,2,,,,,Outros,Lesão,Cabeça,Médio,11,Médio,8 - Veículos e Equipamentos Móveis,,,,,,,,,45213,
1,Terceiro,Típico com afastamento,,Sim,CGT Eletrosul,Expansão,Masculino,48,6 meses a 1 ano,Quinta - feira,19,10,2023,08:00 - 09:00,Área rural,Individual,Santana do Livramento,RS,Parque Eólico Coxilha Negra,-30.872099200000001,-55.56203,VP Engenharia de Expansão,Engenharia,DEG Departamento Engenharia de Geração,,,,,8,,,,,Outros,"Distensão, Torção",Não se Aplica,Médio,11,Médio,2 - Percepção de Risco,"Ausência de local sinalizado, isolado e adequado para patolamento do caminhão munck.",,,,,,,,45218,
1,Terceiro,Quase Acidente,,Não,CGT Eletrosul,Expansão,Masculino,28,Até 6 meses,Quinta - feira,26,10,2023,11:00 - 12:00,Área rural,Individual,Santana do Livramento,RS,Parque Eólico Coxilha Negra,-30.872099200000001,-55.56203,VP Engenharia de Expansão,Engenharia,DEG Departamento Engenharia de Geração,,,,,N/A,,,,,Golpeado por (atingido por objeto em movimento),"Escoriação, Abrasão",Pé Esquerdo,Baixo,15,Baixo,8 - Veículos e Equipamentos Móveis,Perda do controle do equipamento por fadiga do operador.,,,,,,,,45225,
1,Terceiro,Quase Acidente,,Não,CGT Eletrosul,Expansão,Masculino,40,Até 6 meses,Sexta-feira,27,10,2023,19:00 - 20:00 ,Área rural,Equipe,Santana do Livramento,RS,Parque Eólico Coxilha Negra,-30.872099200000001,-55.56203,VP Engenharia de Expansão,Engenharia,DEG Departamento Engenharia de Geração,,,,,N/A,,,,,Outros,Sem Lesões,Não se Aplica,Baixo,15,Baixo,8 - Veículos e Equipamentos Móveis,,,,,,,,,45226,
1,Terceiro,Típico com afastamento,,Sim,CGT Eletrosul,Expansão,Masculino,38,Até 6 meses,Quinta - feira,30,10,2023,11:00 - 12:00,Outros,Individual,Santana do Livramento,RS,Parque Eólico Coxilha Negra,-30.872099200000001,-55.56203,VP Engenharia de Expansão,Engenharia,DEG Departamento Engenharia de Geração,,,,,9,,,,,Escorregou/Desequilibrou,"Distensão, Torção",Pé Direito,Médio,11,Médio,11 - Não se Aplica,,,,,,,,,45229,
1,Terceiro,Típico sem afastamento,,Sim,CGT Eletrosul,Expansão,Masculino,,6 meses a 1 ano,Quinta - feira,28,12,2023,11:00 - 12:00,Área rural,Equipe,Santana do Livramento,RS,Parque Eólico Coxilha Negra,-31.02365,-55.904620000000001,VP Engenharia de Expansão,Engenharia,VEE Engenharia Expansão Transmissão Sul,EEIT Implantação da Transmissão ,EEITS Implantação da Transmissão CGT Eletrosul,,,0,,,,,Transporte manual de carga,Lesão,Mão Esquerda,Baixo,11,Médio,8 - Veículos e Equipamentos Móveis,,,,,,,,,45288,
1,Terceiro,Típico com afastamento,,Sim,CGT Eletrosul,Geração - Eólica,Masculino,50,1 a 3 anos,Quarta - feira,12,4,2023,17:00 - 18:00,Via pública,Individual,Santana do Livramento,RS,Parque Eólico Coxilha Negra,-30.872099200000001,-55.562031300000001,VP Engenharia de Expansão,Engenharia,DEG Departamento Engenharia de Geração,,,,,10,0,,10,45056,Carro - Capotamento,"Escoriação, Abrasão",Não se Aplica,Médio,11,Médio,8 - Veículos e Equipamentos Móveis,,,,,,,,,45028,
1,Terceiro,Típico com afastamento,,Sim,CGT Eletrosul,Geração - Eólica,Masculino,27,1 a 3 anos,Segunda - feira,24,4,2023,09:00 - 10:00,Outros,Equipe,Santana do Livramento,RS,Parque Eólico Coxilha Negra,-30.872099200000001,-55.562031300000001,VP Engenharia de Expansão,Engenharia,DEG Departamento Engenharia de Geração,,,,,98,0,,98,45063,Queda mesmo nível,Fratura,Pé Esquerdo,Médio,13,Médio,11 - Não se Aplica,,,,,,,,,45040,
1,Terceiro,Típico com afastamento,,Sim,CGT Eletrosul,Geração - Eólica,Masculino,30,1 a 3 anos,Segunda - feira,22,5,2023,09:00 - 10:00,Outros,Equipe,Santana do Livramento,RS,Parque Eólico Coxilha Negra,-30.872099200000001,-55.562031300000001,VP Engenharia de Expansão,Engenharia,DEG Departamento Engenharia de Geração,,,,,7,0,Não,7,45071,Queda com diferença de nível,Luxação,Pé Direito,Médio,11,Médio,2 - Percepção de Risco,,,,,,,,,45068,
1,Terceiro,Típico sem afastamento,,Não,CGT Eletrosul,Geração - Hidráulica,Masculino,27,6 meses a 1 ano,Quarta - feira,2,8,2023,07:00 - 08:00,Área rural,Individual,Santana do Livramento,RS,Parque Eólico Coxilha Negra,-30.872099200000001,-55.562031300000001,VP Engenharia de Expansão,Engenharia,DEG Departamento Engenharia de Geração,,,,,0,,,,,Atingido por (pontos agudos ou cortantes),"Laceração, Corte",Joelho,Baixo,15,Baixo,2 - Percepção de Risco,,,,,,,,,45140,
1,Terceiro,Típico sem afastamento,,Não,CGT Eletrosul,Geração - Hidráulica,Masculino,19,Até 6 meses,Quarta - feira,3,8,2023,07:00 - 08:00,Área rural,Dupla,Santana do Livramento,RS,Parque Eólico Coxilha Negra,-30.872099200000001,-55.562031300000001,VP Engenharia de Expansão,Engenharia,DEG Departamento Engenharia de Geração,,,,,0,,,,,Atingido por (pontos agudos ou cortantes),"Laceração, Corte",Face,Baixo,15,Baixo,2 - Percepção de Risco,,,,,,,,,45141,
1,Terceiro,Típico sem afastamento,,Sim,CGT Eletrosul,Expansão,Masculino,31,6 meses a 1 ano,Terça- feira,22,8,2023,08:00 - 09:00,Empresa,Individual,Santana do Livramento,RS,Parque Eólico Coxilha Negra,-30.872099200000001,-55.56203,VP Engenharia de Expansão,Engenharia,DEG Departamento Engenharia de Geração,,,,,0,0,Não,,,Outros,"Laceração, Corte",Mão Direita,Baixo,15,Baixo,2 - Percepção de Risco,,,,,,,,,45160,
1,Terceiro,Típico sem afastamento,,Sim,CGT Eletrosul,Expansão,Masculino,31,Até 6 meses,Terça- feira,22,8,2023,16:00 - 17:00,Via pública,Individual,Santana do Livramento,RS,Parque Eólico Coxilha Negra,-30.872099200000001,-55.56203,VP Engenharia de Expansão,Engenharia,DEG Departamento Engenharia de Geração,,,,,0,0,Não,,,Outros,"Laceração, Corte",Braço Direito,Baixo,15,Baixo,2 - Percepção de Risco,,,,,,,,,45160,
1,Terceiro,Quase Acidente,,Não,CGT Eletrosul,Expansão,Feminino,38,6 meses a 1 ano,Segunda - feira,28,8,2023,10:00 - 11:00,Via pública,Individual,Santana do Livramento,RS,Parque Eólico Coxilha Negra,-30.872099200000001,-55.562031300000001,VP Engenharia de Expansão,Engenharia,DEG Departamento Engenharia de Geração,,,,,N/A,N/A,Não,,,Outros,,,,4,Alto,8 - Veículos e Equipamentos Móveis,,,,,,,,,45166,
1,Terceiro,Típico com afastamento,,Sim,CGT Eletrosul,Expansão,Feminino,39,6 meses a 1 ano,Terça- feira,29,8,2023,06:00 - 07:00,Empresa,Equipe,Santana do Livramento,RS,Parque Eólico Coxilha Negra,-30.872099200000001,-55.562031300000001,VP Engenharia de Expansão,Engenharia,DEG Departamento Engenharia de Geração,,,,,2,2,Não,,45168,Queimadura,"Escoriação, Abrasão",Cabeça,Médio,4,Alto,Outros,,,,,,,,,45167,
1,Terceiro,Quase Acidente,,Não,CGT Eletrosul,Geração - Eólica,Feminino,,6 meses a 1 ano,Sábado,2,9,2023,10:00 - 11:00,Via pública,Individual,Santana do Livramento,RS,Parque Eólico Coxilha Negra,-29.4536145,-51.164112799999998,VP Engenharia de Expansão,Engenharia,DEG Departamento Engenharia de Geração,,,,,N/A,-,Não,-,-,Carro - Colisão ,Outros,Não se Aplica,,15,Baixo,8 - Veículos e Equipamentos Móveis,,,,,,,,,45171,
1,Terceiro,Típico sem afastamento,,Sim,CGT Eletrosul,Geração - Eólica,Masculino,21,Até 6 meses,Segunda - feira,4,9,2023,16:00 - 17:00,Empresa,Equipe,Santana do Livramento,RS,Parque Eólico Coxilha Negra,-29.4536145,-51.164112799999998,VP Engenharia de Expansão,Engenharia,DEG Departamento Engenharia de Geração,,,,,0,-,Não,-,-,Transporte manual de carga,Esmagamento,Dedo da mão Direita,Baixo,13,Médio,2 - Percepção de Risco,,,,,,,,,45173,
1,Terceiro,Quase Acidente,,Não,CGT Eletrosul,Geração - Eólica,Masculino,,Até 6 meses,Terça- feira,5,9,2023,07:00 - 08:00,Empresa,Equipe,Santana do Livramento,RS,Parque Eólico Coxilha Negra,-29.4536145,-51.164112799999998,VP Engenharia de Expansão,Engenharia,DEG Departamento Engenharia de Geração,,,,,N/A,-,Não,-,-,Outros,Outros,,,15,Baixo,8 - Veículos e Equipamentos Móveis,,,,,,,,,45174,
1,Terceiro,Quase Acidente,,Não,CGT Eletrosul,Geração - Eólica,Masculino,,6 meses a 1 ano,Terça- feira,5,9,2023,13:00 - 14:00,Empresa,Equipe,Santana do Livramento,RS,Parque Eólico Coxilha Negra,-29.4536145,-51.164112799999998,VP Engenharia de Expansão,Engenharia,DEG Departamento Engenharia de Geração,,,,,N/A,-,Não,-,-,Incêndio,,,,15,Baixo,9 - Trabalho a Quente,,,,,,,,,45174,
1,Terceiro,Quase Acidente,,Não,CGT Eletrosul,Expansão,Masculino,27,Até 6 meses,Quarta - feira,6,9,2023,10:00 - 11:00,Empresa,Individual,Santana do Livramento,RS,Parque Eólico Coxilha Negra,-29.4536145,-51.164112799999998,VP Engenharia de Expansão,Engenharia,DEG Departamento Engenharia de Geração,,,,,N/A,-,Não,,,Atingido por (pontos agudos ou cortantes),"Escoriação, Abrasão",Mão Direita,,15,Baixo,2 - Percepção de Risco,,,,,,,,,45175,
1,Terceiro,Quase Acidente,,Não,CGT Eletrosul,Geração - Eólica,,,6 meses a 1 ano,Sexta-feira,8,9,2023,10:00 - 11:00,Empresa,Dupla,Santana do Livramento,RS,Parque Eólico Coxilha Negra,-30.872099200000001,-55.562031300000001,VP Engenharia de Expansão,Engenharia,DEG Departamento Engenharia de Geração,,,,,N/A,-,,,-,Outros,,,,13,Médio,9 - Trabalho a Quente,Perpecção de risco,Descumprimento de procedimento,,,,,,,45177,
1,Terceiro,Quase Acidente,,Não,CGT Eletrosul,Geração - Eólica,Masculino,36,6 meses a 1 ano,Terça- feira,12,9,2023,13:00 - 14:00,Empresa,Individual,Santana do Livramento,RS,Parque Eólico Coxilha Negra,-30.872099200000001,-55.562031300000001,VP Engenharia de Expansão,Engenharia,DEG Departamento Engenharia de Geração,,,,,N/A,-,,,-,Golpeado por (atingido por objeto em movimento),"Escoriação, Abrasão",Mão Direita,,15,Baixo,8 - Veículos e Equipamentos Móveis,,,,,,,,,45181,
1,Terceiro,Quase Acidente,,Não,CGT Eletrosul,Geração - Eólica,Masculino,39,6 meses a 1 ano,Terça- feira,12,9,2023,13:00 - 14:00,Empresa,Individual,Santana do Livramento,RS,Parque Eólico Coxilha Negra,-30.872099200000001,-55.562031300000001,VP Engenharia de Expansão,Engenharia,DEG Departamento Engenharia de Geração,,,,,N/A,-,,,-,Queda mesmo nível,"Escoriação, Abrasão",Cabeça,,15,Baixo,2 - Percepção de Risco,,,,,,,,,45181,
1,Terceiro,Quase Acidente,,Não,CGT Eletrosul,Expansão,Masculino,36,6 meses a 1 ano,Domingo,17,9,2023,20:00 - 21:00 ,Área rural,Individual,Santana do Livramento,RS,Parque Eólico Coxilha Negra,-30.872099200000001,-55.56203,VP Engenharia de Expansão,Engenharia,DEG Departamento Engenharia de Geração,,,,,N/A,-,,-,-,Carro - Colisão ,Sem Lesões,Não se Aplica,,7,Alto,8 - Veículos e Equipamentos Móveis,,,,,,,,,45186,
1,Terceiro,Típico sem afastamento,,Não,CGT Eletrosul,Expansão,Feminino,21,Até 6 meses,Segunda - feira,18,9,2023,08:00 - 09:00,Empresa,Individual,Santana do Livramento,RS,Parque Eólico Coxilha Negra,-30.872099200000001,-55.56203,VP Engenharia de Expansão,Engenharia,DEG Departamento Engenharia de Geração,,,,,0,-,,-,-,Escorregou/Desequilibrou,"Distensão, Torção",Pé Direito,Baixo,11,Médio,2 - Percepção de Risco,,,,,,,,,45187,
1,Terceiro,Típico com afastamento,,,CGT Eletrosul,Expansão,Masculino,35,Até 6 meses,Terça- feira,19,9,2023,12:00- 13:00,Área rural,Individual,Santana do Livramento,RS,Parque Eólico Coxilha Negra,-30.872099200000001,-55.56203,VP Engenharia de Expansão,Engenharia,DEG Departamento Engenharia de Geração,,,,,7,7,,-,,Golpeado por (atingido por objeto em movimento),"Laceração, Corte",,Baixo,14,Baixo,2 - Percepção de Risco,,,,,,,,,45188,
1,Terceiro,Quase Acidente,,Não,CGT Eletrosul,Expansão,Masculino,38,6 meses a 1 ano,Sábado,23,9,2023,16:00 - 17:00,Área rural,Individual,Santana do Livramento,RS,Parque Eólico Coxilha Negra,-30.872099200000001,-55.56203,VP Engenharia de Expansão,Engenharia,DEG Departamento Engenharia de Geração,,,,,N/A,,,,,Outros,"Laceração, Corte",Pé Direito,,15,Baixo,2 - Percepção de Risco,,,,,,,,,45192,
1,Terceiro,Quase Acidente,,Não,CGT Eletrosul,Expansão,Masculino,30,6 meses a 1 ano,Segunda - feira,25,9,2023,15:00 - 16:00,Área rural,Individual,Santana do Livramento,RS,Parque Eólico Coxilha Negra,-30.872099200000001,-55.56203,VP Engenharia de Expansão,Engenharia,DEG Departamento Engenharia de Geração,,,,,N/A,,,,,Golpeado por (atingido por objeto em movimento),"Distensão, Torção",Face,,15,Baixo,2 - Percepção de Risco,,,,,,,,,45194,
1,Terceiro,Trajeto sem afastamento,,Não,CGT Eletrosul,Expansão,Masculino,30,Até 6 meses,Terça- feira,26,9,2023,06:00 - 07:00,Área rural,Equipe,Santana do Livramento,RS,Parque Eólico Coxilha Negra,-30.872099200000001,-55.56203,VP Engenharia de Expansão,Engenharia,DEG Departamento Engenharia de Geração,,,,,0,,,,,Carro - Colisão ,Outros,Outros,Médio,2,Crítico,8 - Veículos e Equipamentos Móveis,,,,,,,,,45195,
1,Terceiro,Típico sem afastamento,,Não,CGT Eletrosul,Expansão,Masculino,38,Até 6 meses,Segunda - feira,2,10,2023,14:00 - 15:00,Área rural,Individual,Santana do Livramento,RS,Parque Eólico Coxilha Negra,-30.872099200000001,-55.56203,VP Engenharia de Expansão,Engenharia,DEG Departamento Engenharia de Geração,,,,,0,,,,,Atingido por (pontos agudos ou cortantes),"Laceração, Corte",Pé Direito,Baixo,15,Baixo,2 - Percepção de Risco,,,,,,,,,45201,
1,Terceiro,Quase Acidente,,Não,CGT Eletrosul,Expansão,Masculino,30,Até 6 meses,Segunda - feira,2,10,2023,08:00 - 09:00,Área rural,Individual,Santana do Livramento,RS,Parque Eólico Coxilha Negra,-30.872099200000001,-55.56203,VP Engenharia de Expansão,Engenharia,DEG Departamento Engenharia de Geração,,,,,N/A,,,,,Golpeado por (atingido por objeto em movimento),Sem Lesões,Sem Lesões,,15,Baixo,2 - Percepção de Risco,Porteiras com dispositivo inadequado de travamento.,,,,,,,,45201,
1,Terceiro,Típico sem afastamento,,Não,CGT Eletrosul,Expansão,Masculino,31,Até 6 meses,Sexta-feira,6,10,2023,09:00 - 10:00,Empresa,Dupla,Santana do Livramento,RS,Parque Eólico Coxilha Negra,-30.872099200000001,-55.56203,VP Engenharia de Expansão,Engenharia,DEG Departamento Engenharia de Geração,,,,,0,,,,,Golpeado por (atingido por objeto em movimento),Lesão,Pé Direito,Baixo,11,Médio,2 - Percepção de Risco,Falta de procedimento para troca da lâmina de motoniveladora,Ausência de dispositivo de escoramento da peça a ser retirada.,,,,,,,45205,
1,Terceiro,Típico sem afastamento,,Não,CGT Eletrosul,Expansão,Masculino,49,Até 6 meses,Quarta - feira,11,10,2023,10:00 - 11:00,Área rural,Equipe,Santana do Livramento,RS,Parque Eólico Coxilha Negra,-30.872099200000001,-55.56203,VP Engenharia de Expansão,Engenharia,DEG Departamento Engenharia de Geração,,,,,0,,,,,Golpeado por (atingido por objeto em movimento),Lesão,,Baixo,11,Médio,8 - Veículos e Equipamentos Móveis,,,,,,,,,45210,
1,Terceiro,Quase Acidente,,Não,CGT Eletrosul,Expansão,Masculino,27,6 meses a 1 ano,Terça- feira,17,10,2023,07:00 - 08:00,Área rural,Individual,Santana do Livramento,RS,Parque Eólico Coxilha Negra,-30.872099200000001,-55.56203,VP Engenharia de Expansão,Engenharia,DEG Departamento Engenharia de Geração,,,,,N/A,,,,,Outros,Sem Lesões,Sem Lesões,,11,Médio,8 - Veículos e Equipamentos Móveis,,,,,,,,,45216,
1,Terceiro,Quase Acidente,,Não,CGT Eletrosul,Expansão,Masculino,37,Até 6 meses,Sexta-feira,20,10,2023,13:00 - 14:00,Área rural,Individual,Santana do Livramento,RS,Parque Eólico Coxilha Negra,-30.872099200000001,-55.56203,VP Engenharia de Expansão,Engenharia,DEG Departamento Engenharia de Geração,,,,,N/A,,,,,Atingido por (pontos agudos ou cortantes),"Laceração, Corte",Não se Aplica,,13,Médio,8 - Veículos e Equipamentos Móveis,,,,,,,,,45219,
1,Terceiro,Quase Acidente,,Não,CGT Eletrosul,Expansão,Masculino,49,Até 6 meses,Domingo,22,10,2023,03:00 - 04:00,Área rural,Dupla,Santana do Livramento,RS,Parque Eólico Coxilha Negra,-30.872099200000001,-55.56203,VP Engenharia de Expansão,Engenharia,DEG Departamento Engenharia de Geração,,,,,N/A,,,,,Queda com diferença de nível,Sem Lesões,Não se Aplica,,15,Baixo,2 - Percepção de Risco,Desnível entre a carroceria de dois caminhões quando a carga era movimentada.,,,,,,,,45221,
1,Terceiro,Típico sem afastamento,,Sim,CGT Eletrosul,Expansão,Masculino,32,6 meses a 1 ano,Quinta - feira,16,11,2023,09:00 - 10:00,Área rural,Equipe,Santana do Livramento,RS,Parque Eólico Coxilha Negra,-30.872099200000001,-55.56203,VP Engenharia de Expansão,Engenharia,VEE Engenharia Expansão Transmissão Sul,,,,,0,,,,,Outros,"Distensão, Torção",Pé Direito,Baixo,15,Baixo,2 - Percepção de Risco,Tropeção durante caminhada na frente de serviço.,,,,,,,,45246,
1,Terceiro,Típico sem afastamento,,Sim,CGT Eletrosul,Expansão,Masculino,49,Até 6 meses,Sábado,9,12,2023,14:00 - 15:00,Área rural,Equipe,Santana do Livramento,RS,Parque Eólico Coxilha Negra,-31.02365,-55.904620000000001,VP Engenharia de Expansão,Engenharia,Engenharia de Geração,,,,,0,,,,,Produto ou Substância Química,Sem Lesões,Não se Aplica,Baixo,11,Médio,2 - Percepção de Risco,,,,,,,,,45269,
1,Próprio,Trajeto com afastamento,,Sim,Eletronorte,Adm,Masculino,18,6 meses a 1 ano,Terça- feira,12,12,2023,07:00 - 08:00,,Individual,Santarém,PA,UHE Curuá-Una,-2.81,-54.29,VP Operações e Segurança,Operações,Superintendência de Produção da Geração Hidraulica,Departamento de Manutenção da Geração Hidráulica Oeste,,45241,45291,50,0,Não,0,45281,Moto - Queda,,,Médio,11,Médio,8 - Veículos e Equipamentos Móveis,,,,,,,,,45272,
1,Terceiro,Típico com afastamento,,Sim,Eletrobras,Transmissão,Masculino,33,Até 6 meses,Quinta - feira,24,8,2023,08:00 - 09:00,Área rural,Equipe,Santo André,SP,SE Tijuco Preto,-23.806321000000001,-46.490603,VP Engenharia de Expansão,Engenharia,ET.E - SUP. DE ENGENHARIA DE TRANSMISSAO,DIT.E - DEP DE IMPLANT PROJETOS TRANSM,DOSU.E - DIV. DE OBRAS SUL,,,17,0,Não,0,45167,Eletricidade,Choque Elétrico,Mão Direita,Médio,4,Alto,4 - Eletricidade,Ausência de luvas isolantes,,,,,,,,45162,
1,Terceiro,Típico sem afastamento,,Não,CGT Eletrosul,Adm,Masculino,56,1 a 3 anos,Sexta-feira,27,10,2023,10:00 - 11:00,Empresa,Individual,Santo Ângelo,RS,Regional de Manutenção,-28.141939099999998,55.055308199999999,VP Operações e Segurança,Operações,Divisão Manutensão Regional Oeste,,,,,0,,,,,Atingido entre ou abaixo (esmagado ou amputado),Sem Lesões,Não se Aplica,Baixo,11,Médio,2 - Percepção de Risco,,,,,,,,,45226,
1,Terceiro,Típico com afastamento,,Sim,Eletrobras,Expansão,Masculino,32,Até 6 meses,Sábado,8,7,2023,10:00 - 11:00,Área urbana,Equipe,São Bernardo do Campo,SP,SE Tijuco Preto,-23.806425000000001,-46.490794444443999,VP Engenharia de Expansão,Engenharia,Superintendência de Engenharia de Transmissão,DIT.E - DEP DE IMPLANT PROJETOS TRANSM,DOSU.E - DIV. DE OBRAS SUL,,,34,0,Não,0,45117,Atingido entre ou abaixo (esmagado ou amputado),"Laceração, Corte",Mão direita,Médio,9,Médio,2 - Percepção de Risco,Falha do Montador ao deslocar o estropo que prendia o cabo condutor,,,,,,,,45115,
1,Terceiro,Quase Acidente,,Não,Eletrobras,Transmissão,Masculino,23,6 meses a 1 ano,Sexta-feira,1,12,2023,14:00 - 15:00,Área rural,Equipe,São Bernardo do Campo,SP,LT 750kV Itaberá-Tijuco Preto II,,,VP Operações e Segurança,Operações,EEI - Diretoria de Implantação,EEIT.F - Gerência de Implantação de Transmissão de Furnas,,,,N/A,N/A,,N/A,N/A,,,,,7,Alto,8 - Veículos e Equipamentos Móveis,(em investigação),,,,,,,,45261,
1,Próprio,Quase Acidente,,Não,CHESF,Transmissão,Masculino,48,20 a 25 anos,Quinta - feira,9,3,2023,11:00 - 12:00,Empresa,Equipe,São João do Piauí,PI,SE São João do Piauí,-8.3564790000000002,-42.229387000000003,VP Operações e Segurança,Operações,Superintendência Regional Norte,Departamento de Operação Regional de Teresina,Divisão Regional de Manutenção da Transmissão de Teresina,,,,NA,Não,,NA,Golpeado por (atingido por objeto em movimento),Sem Lesões,Não se Aplica,Baixo,11,Médio,8 - Veículos e Equipamentos Móveis,Falha planejamento,,,,,,,,44994,
1,Próprio,Típico com afastamento,,Sim,CGT Eletrosul,Transmissão,Masculino,32,6 a 10 anos,Terça- feira,21,11,2023,16:00 - 17:00,Empresa,Equipe,São Jorge d'Oeste ,PR,SE Salto Osório,-25.449200000000001,-52.910200000000003,VP Operações e Segurança,Operações,Produção da Transmissão,,,,,15,0,Não,15,45252,Eletricidade,Queimadura Arco-elétrico,Mão Direita,Alto,2,Crítico,4 - Eletricidade,,,,,,,,,45251,
1,Próprio,Trajeto com afastamento,,Sim,CGT Eletrosul,Adm,Masculino,55,Acima de 10 anos,Segunda - feira,13,2,2023,06:00 - 07:00,Via pública,Individual,São José,SC,SE Sertão Maruim,-27.583458,-48.617223099999997,"VP Gente, Gestão e Cultura",Outros,Departamento de Gestão de Pessoas,,,,,88,15,Não,73,44986,Moto - Queda,"Escoriação, Abrasão",Partes Múltiplas,Médio,4,Alto,8 - Veículos e Equipamentos Móveis,,,,,,,,,44970,
1,Terceiro,Típico com afastamento,,Sim,CGT Eletrosul,Adm,Feminino,> 60,Até 6 meses,Terça- feira,25,4,2023,07:00 - 08:00,Empresa,Individual,São José,SC,SE Sertão Maruim,-27.583458,-48.617223099999997,"VP Gente, Gestão e Cultura",Outros,Departamento de Produtividade e Qualidade da Unidade Sul,"Divisão de Gestão e Manutenção Predial, Segurança Patrimonial e de Bens Patrimoniais","Gestão de Infraestrutura descentralizada das instalações de Candiota, São Jerônimo, São Leopoldo, Gravataí e Porto Alegre ",,,1,0,Não,0,44775,Golpeado por (atingido por objeto em movimento),Outros,Tórax,Médio,13,Médio,2 - Percepção de Risco,-,-,-,-,-,-,-,-,45041,
1,Próprio,Quase Acidente,,Sim,CGT Eletrosul,Transmissão,Masculino,,Acima de 10 anos,Sexta-feira,24,11,2023,10:00 - 11:00,Empresa,Equipe,São José,SC,SE Sertão Maruim,-27.366,-48.4026,VP Operações e Segurança,Operações,Manutenção ,,,,,N/A,,,,,Transporte manual de carga,Sem Lesões,Não se Aplica,,12,Médio,8 - Veículos e Equipamentos Móveis,,,,,,,,,45254,
1,Terceiro,Típico sem afastamento,,Sim,Eletrobras,Adm,Masculino,29,Até 6 meses,Sábado,12,8,2023,06:00 - 07:00,Empresa,Individual,São José da Barra,MG,UHE Furnas,-20.674444445203999,-46.330555555556003,VP Suprimentos e Serviços,VSS,CS.G - SUP COORD REGIONAL CSC SUDESTE,CSI.G - DEP INFRA E SERV GERAIS,CSMG.G - DIV INFRA SERV GERAIS MINAS GERAIS,,,0,0,Não,0,45159,Queda com diferença de nível,"Escoriação, Abrasão",Perna Direita,Médio,11,Médio,11 - Não se Aplica,Fechamento inadequado da tampa,,,,,,,,45150,
1,Próprio,Típico sem afastamento,,Sim,Eletrobras,Geração - Hidráulica,Masculino,46,Acima de 10 anos,Sexta-feira,15,9,2023,10:00 - 11:00,Empresa,Dupla,São José da Barra,MG,UHE Furnas,-20.666388889648001,-46.318611111110997,VP Operações e Segurança,Operações,PO.O - SUP DE PRODUÇÃO OESTE,DRM.O - DEP DE PRODUCAO MINAS,DMEM.O - DIV MANUT ELETROMECANICA MINAS,,,0,0,Não,N/A,45187,Queda com diferença de nível,"Escoriação, Abrasão",Cabeça,Médio,11,Médio,2 - Percepção de Risco,Empregado desatento ao layout do ambiente,,,,,,,,45184,
1,Próprio,Quase Acidente,,Não,Eletrobras,Geração - Hidráulica,,,6 meses a 1 ano,Segunda - feira,9,10,2023,15:00 - 16:00,Empresa,Individual,São José da Barra,MG,UHE Furnas,-20.66648,-46.318489999999997,VP Operações e Segurança,Operações,PO.O - SUP DE PRODUÇÃO OESTE,DRM.O - DEP DE PRODUCAO MINAS,DOFU.O - DIV DE OPERACAO DE FURNAS,,,N/A,N/A,Não,N/A,N/A,,,,,6,Alto,Outros,Desprendimento de rocha no talude.,,,,,,,,45208,
1,Terceiro,Quase Acidente,,Não,Eletrobras,Transmissão,Masculino,50,3 a 6 anos,Sábado,14,10,2023,10:00 - 11:00,Área rural,Dupla,São José do Barreiro,SP,Emergência LT 500kV Angra - Cachoeira Paulista,-22.651944445261002,-44.499722222221997,VP Operações e Segurança,Operações,PS.O - SUP DE PRODUÇÃO SUDESTE,DRN.O - DEP DE PRODUCAO NOVA IGUACU,DMEN.O - DIV MANUT ELETROMECAN N.IGUAÇU,,,N/A,N/A,Não,N/A,N/A,,,,,6,Alto,8 - Veículos e Equipamentos Móveis,(em investigação),,,,,,,,45213,
1,Terceiro,Quase Acidente,,Não,Eletrobras,Transmissão,Masculino,35,3 a 6 anos,Sábado,14,10,2023,10:00 - 11:00,Área rural,Dupla,São José do Barreiro,SP,Emergência LT 500kV Angra - Cachoeira Paulista,-22.651944445261002,-44.499722222221997,VP Operações e Segurança,Operações,PS.O - SUP DE PRODUÇÃO SUDESTE,DRN.O - DEP DE PRODUCAO NOVA IGUACU,DMEN.O - DIV MANUT ELETROMECAN N.IGUAÇU,,,N/A,N/A,Não,N/A,N/A,,,,,6,Alto,8 - Veículos e Equipamentos Móveis,(em investigação),,,,,,,,45213,
1,Próprio,Quase Acidente,,Sim,CGT Eletrosul,Geração - Hidráulica,Masculino,45,Acima de 10 anos,Quinta - feira,7,12,2023,07:00 - 08:00,Área rural,Individual,São José do Cerrito,SC,SE Itararé,-29.690359999999998,-50.626759999999997,VP Operações e Segurança,Operações,Produção da Geração,,,,,N/A,,,,,Carro - Colisão ,Sem Lesões,Não se Aplica,,13,Médio,8 - Veículos e Equipamentos Móveis,,,,,,,,,45267,
1,Próprio,Quase Acidente,Sim,Não,CHESF,Geração - Hidráulica,Masculino,46,10 a 15 anos,Segunda - feira,8,5,2023,14:00 - 15:00,Via pública,Dupla,São José do Egito,PE,Via Pública,-7.1631242999999998,-37.391409400000001,VP Operações e Segurança,Operações,Superintendência Regional Sul,Departamento de Operação Regional de Paulo Afonso,"Divisão Regional de Telecomunicação, proteção e automação de Paulo Afonso",,,,NA,Não,,NA,Outros,Sem Lesões,Não se Aplica,Baixo,7,Alto,8 - Veículos e Equipamentos Móveis,Falha no veículo,Condições precárias da via,,,,,,,45054,
1,Terceiro,Típico com afastamento,,Sim,Eletrobras,Adm,Masculino,41,1 a 3 anos,Sexta-feira,25,8,2023,11:00 - 12:00,Empresa,Equipe,São José dos Campos,SP,UHE Jaguari,-23.195555556388001,-46.021111111110997,VP Suprimentos e Serviços,VSS,CS.G - SUP COORD REGIONAL CSC SUDESTE,CSI.G - DEP INFRA E SERV GERAIS,CSSP.G - DIV INFRA SERV GERAIS SP,,,11,0,Não,0,45166,Ferramenta Manual,"Laceração, Corte",Mão Esquerda,Médio,7,Alto,9 - Trabalho a Quente,Compressão da barra sobre o disco,Ausência de luva de raspa ou vaqueta,,,,,,,45163,
1,Terceiro,Típico sem afastamento,,Sim,Eletronorte,Transmissão,Masculino,19,Até 6 meses,Quinta - feira,20,10,2023,11:00 - 12:00,Empresa,Dupla,São Luís,MA,SE São Luís II,-2.56,-44.25,VP Operações e Segurança,Operações,Superintendência de Produção da Transmissão,Departamento de Produção e Trasmissão do Maranhão e Tocantins,Divisão da Produção da Transmissão de São Luís I,,,,0,Não,0,,Escada - Não amarrada,Sem Lesões,,Baixo,11,Médio,3 - Trabalho em Altura,Não amarração de escada,Escada sob piso escorregadio,,,,,,,45219,
1,Terceiro,Trajeto sem afastamento,,Sim,Eletronorte,Adm,Masculino,57,6 meses a 1 ano,Quarta - feira,27,12,2023,07:00 - 08:00,Via pública,Individual,São Luís,MA,SE São Luís I,-2.56,-44.25,VP Suprimentos e Serviços,VSS,Superintendência de Coordenação Regional do CSC Norte,Departamento de Infraestrutura de Serviços Gerais CSC,Departamento de Infraestrutura de Serviços Gerais CSC,,,,0,Não,0,,Transporte Publico Regular - Queda,"Escoriação, Abrasão",Braço Direito,Baixo,13,Médio,8 - Veículos e Equipamentos Móveis,,,,,,,,,45287,
1,Próprio,Típico com afastamento,,Sim,Eletrobras,Transmissão,Masculino,48,Acima de 10 anos,Sexta-feira,1,9,2023,14:00 - 15:00,Empresa,Individual,Serra,ES,SE Vitória,-20.194444445188999,-40.293888888889001,VP Operações e Segurança,Operações,PS.O - SUP DE PRODUÇÃO SUDESTE,DRV.O - DEP DE PRODUCAO VITORIA,DMEV.O - DIV MAN ELETROMECANICA VITÓRIA,,,15,0,Não,69,45175,Queda mesmo nível,Traumatismo,Pé Direito,Baixo,11,Médio,2 - Percepção de Risco,Falta de atenção ao caminhar,,,,,,,,45170,
1,Terceiro,Típico com afastamento,,Sim,Eletrobras,Transmissão,Masculino,35,1 a 3 anos,Quarta - feira,6,12,2023,13:00 - 14:00,Empresa,Individual,Serra,ES,SE Vitória,-20.194444445188999,-40.293888888889001,VP Operações e Segurança,Operações,OOL.F - Produção Leste,OOLV.F - Produção Vitoria,OOLVS.F - Operação de Espirito Santo,,,2,0,Não,0,45272,Golpeado por (atingido por objeto em movimento),Lesão,Cabeça,Baixo,14,Baixo,11 - Não se Aplica,(em investigação),,,,,,,,45266,
1,Próprio,Quase Acidente,Sim,Não,CHESF,Transmissão,Feminino,46,20 a 25 anos,Segunda - feira,10,7,2023,09:00 - 10:00,Via pública,Dupla,Simões Filho,BA,Via Pública,-12.7942,-38.422069999999998,VP Operações e Segurança,Operações,Superitendência Regional Sul,Departamento de Operação Regional de Salvador,"Divisão Regional de Telecomunicações, Proteção e Automação de Salvador",,,,NA,Não,,NA,Carro - Colisão ,Sem Lesões,Não se Aplica,Baixo,15,Baixo,8 - Veículos e Equipamentos Móveis,Condutor do veículo terceiro utilizada o celular ao conduzir a moto,,,,,,,,45117,
1,Próprio,Quase Acidente,Sim,Não,CHESF,Transmissão,Masculino,> 60,40 a 50 anos,Segunda - feira,10,7,2023,09:00 - 10:00,Via pública,Dupla,Simões Filho,BA,Via Pública,-12.7942,-38.422069999999998,VP Operações e Segurança,Operações,Superitendência Regional Sul,Departamento de Operação Regional de Salvador,"Divisão Regional de Telecomunicações, Proteção e Automação de Salvador",,,,NA,Não,,NA,Carro - Colisão ,Sem Lesões,Não se Aplica,Baixo,15,Baixo,8 - Veículos e Equipamentos Móveis,Condutor do veículo terceiro utilizada o celular ao conduzir a moto,,,,,,,,45117,
1,Terceiro,Típico com afastamento,,Sim,Eletronorte,Transmissão,Masculino,39,,Sexta-feira,24,3,2023,16:00 - 17:00,Via pública,Individual,Sinop,MT,Via Pública,-11.845190000000001,-55.509160000000001,VP Suprimentos e Serviços,VSS,Superintendência de Coordenação Regional do CSC Norte,-,-,45014,45019,5,0,Não,0,45014,Carro - Colisão ,Luxação,Coluna,Médio,14,Baixo,8 - Veículos e Equipamentos Móveis,-,-,-,-,-,-,-,-,45009,
1,Terceiro,Quase Acidente,Sim,Sim,Eletronorte,Adm,Masculino,33,1 a 3 anos,Quarta - feira,11,10,2023,09:00 - 10:00,Via pública,Individual,Sinop,MT,Via Pública,-11.845190000000001,-55.509160000000001,VP Suprimentos e Serviços,VSS,Superintendência de Coordenação Regional do CSC Norte,Departamento de Infraestrutura de Serviços Gerais CSC,,,,,0,Não,0,,Carro - Colisão ,Sem Lesões,,Médio,14,Baixo,8 - Veículos e Equipamentos Móveis,,,,,,,,,45210,
1,Terceiro,Típico com afastamento,,Sim,CHESF,Adm,Masculino,29,Até 6 meses,Segunda - feira,17,7,2023,16:00 - 17:00,Empresa,Individual,Sobradinho,BA,UHE Sobradinho,-9.4379000000000008,-40.830379999999998,VP Operações e Segurança,Operações,,,,45125,45140,15,,Não,,45125,Golpeado por (atingido por objeto em movimento),Fratura,Pé Direito,Médio,11,Médio,2 - Percepção de Risco,Aguardando análise,,,,,,,,45124,
1,Próprio,Típico com afastamento,,Sim,CHESF,Geração - Hidráulica,Masculino,> 60,40 a 50 anos,Quinta - feira,5,1,2023,10:00 - 11:00,Empresa,Equipe,Sobradinho,BA,UHE Sobradinho,-9.4336300000000008,-40.829149999999998,VP Operações e Segurança,Operações,Superintendência Regional Sul,Departamento de Operação Regional de Sobradinho,Divisão Regional de Manutenção de Usina Sobradinho,44931,44933,2,0,Não,,44939,Carro - Colisão ,Outros,Face,Médio,10,Médio,7 - Bloqueio e Proteção,Falta de uso de EPI adequado,Abertura da Janela,,,,,,,44931,
1,Próprio,Quase Acidente,,Não,CHESF,Adm,Masculino,54,15 a 20 anos,Terça- feira,21,3,2023,13:00 - 14:00,Empresa,Individual,Sobradinho,BA,UHE Sobradinho,-9.4688809999999997,-40.831597799999997,"VP Gente, Gestão e Cultura",Outros,Superintendência de Gestão de Pessoas,"Departamento de Saúde, Segurança e Bem-Estar no Trabalho","Divisão de Saúde, Segurança e Bem-Estar Norte",,,,NA,Não,,NA,Outros,Sem Lesões,Não se Aplica,Baixo,16,Baixo,11 - Não se Aplica,Falta de Manutenção,,,,,,,,45006,
1,Terceiro,Quase Acidente,,Não,CHESF,Geração - Hidráulica,,,,Segunda - feira,10,4,2023,16:00 - 17:00,Empresa,Equipe,Sobradinho,BA,UHE Sobradinho,-9.4316616999999994,-40.830352900000001,VP Operações e Segurança,Operações,Superintendência de Operação,Departamento de Manutenção da Geração,-,,,,NA,Não,,NA,Outros,Sem Lesões,Não se Aplica,Baixo,4,Alto,11 - Não se Aplica,Falta de planejamento e/ou manutenção,,,,,,,,45026,
1,Próprio,Quase Acidente,,Não,CHESF,Geração - Hidráulica,Masculino,> 60,35 a 40 anos,Sexta-feira,21,4,2023,08:00 - 09:00,Empresa,Equipe,Sobradinho,BA,UHE Sobradinho,-9.4316669999999991,-40.827778000000002,VP Operações e Segurança,Operações,Superintendência Regional Sul,Departamento de Operação Regional de Sobradinho,Divisão Regional Operação de Sobradinho,,,,NA,Não,,NA,Escada - Queda,Outros,Perna Direita,Baixo,11,Médio,3 - Trabalho em Altura,Falha supervisão,,,,,,,,45037,
1,Próprio,Quase Acidente,,Não,CHESF,Geração - Hidráulica,Masculino,> 60,40 a 50 anos,Segunda - feira,24,4,2023,15:00 - 16:00,Empresa,Individual,Sobradinho,BA,UHE Sobradinho,-9.4343699999999995,-40.828510000000001,VP Operações e Segurança,Operações,Superintendência Regional Sul,Departamento de Operação Regional de Sobradinho,Divisão de Manutenção da Usina de Sobradinho,,,,NA,Não,,NA,Atingido por (pontos agudos ou cortantes),"Escoriação, Abrasão",Perna Esquerda,Baixo,11,Médio,11 - Não se Aplica,FRAGILIDADE ESTRUTURAL da mesa,PESO EXCESSIVO na mesa,CONDIÇÕES DE USO,,,,,,45040,
1,Próprio,Quase Acidente,,Não,CHESF,Geração - Hidráulica,Masculino,49,10 a 15 anos,Segunda - feira,22,5,2023,07:00 - 08:00,Via pública,Individual,Sobradinho,BA,Via Pública,-9.4316669999999991,-40.830352900000001,VP Operações e Segurança,Operações,Superintendência Regional Sul,Departamento de Operação Regional de Sobradinho,"Divisão de Barragens e Manutenção Civil, Geração e Transmissão de Sobradinho",,,,NA,Não,,NA,Animal,Sem Lesões,Não se Aplica,Baixo,11,Médio,8 - Veículos e Equipamentos Móveis,Acidente de trânsito,Falta de atenção,,,,,,,45068,
1,Próprio,Típico com afastamento,,Sim,CHESF,Geração - Hidráulica,Masculino,> 60,40 a 50 anos,Segunda - feira,26,6,2023,10:00 - 11:00,Empresa,Individual,Sobradinho,BA,UHE Sobradinho,-9.4336900000000004,-40.828749999999999,VP Operações e Segurança,Operações,Superintendência Regional Sul,Departamento de Operação Regional de Sobradinho,Divisão Regional de Operação de Instalações de Sobradinho,45106,45108,2,0,Não,,45106,Outros,Outros,Face,Médio,10,Médio,2 - Percepção de Risco,Ambiente sem ventilação,Falta de isolamento local da pintura,Falta de uso do EPI (óculos de proteção),,,,,,45103,
1,Próprio,Típico sem afastamento,,Sim,CHESF,Geração - Hidráulica,Masculino,53,6 a 10 anos,Sexta-feira,30,6,2023,14:00 - 15:00,Empresa,Individual,Sobradinho,BA,UHE Sobradinho,-9.4336900000000004,-40.828749999999999,VP Operações e Segurança,Operações,Superintendência Regional Sul,Departamento de Operação Regional de Sobradinho,Divisão de Manutenção da Usina de Sobradinho,45107,45107,0,0,Não,,45111,Outros,Outros,Face,Baixo,10,Médio,2 - Percepção de Risco,Infestação de aranhas e teias no vertedouro," Falta do uso dos óculos de proteção, somente óculos de grau pessoal",,,,,,,45107,
1,Próprio,Quase Acidente,,Não,CHESF,Geração - Hidráulica,Masculino,> 60,40 a 50 anos,Segunda - feira,7,8,2023,16:00 - 17:00,Empresa,Individual,Sobradinho,BA,UHE Sobradinho,-9.4316672199999996,-40.827778809999998,VP Operações e Segurança,Operações,Superitendência Regional Sul,Departamento de Operação Regional de Sobradinho,Divisão Regional de Operação de Sobradinho,,,,,,,,Queda com diferença de nível,Sem Lesões,,Baixo,6,Alto,2 - Percepção de Risco,Defeito do equipamento,,,,,,,,45145,
1,Terceiro,Típico sem afastamento,,Sim,CHESF,Adm,Feminino,32,3 a 6 anos,Sexta-feira,1,9,2023,09:00 - 10:00,Empresa,Individual,Sobradinho,BA,UHE Sobradinho,-9.4751964900000001,-40.819649439999999,"VP Gente, Gestão e Cultura",Outros,,,Divisão de Gestão de Contratos,0,0,0,0,Não,0,,Queda mesmo nível,Sem Lesões,,Baixo,11,Médio,2 - Percepção de Risco,Piso molhado,,,,,,,,45170,
1,Próprio,Quase Acidente,,Não,CHESF,Geração - Hidráulica,,,,Quinta - feira,4,10,2023,08:00 - 09:00,Empresa,,Sobradinho,BA,UHE Sobradinho,-9.4130438299999994,-40.634221859999997,VP Operações e Segurança,Operações,,Departamento de Operação Regional de Sobradinho,,0,0,0,0,Não,0,,Incêndio,Sem Lesões,,Baixo,14,Baixo,11 - Não se Aplica,,,,,,,,,45203,
1,Terceiro,Típico com afastamento,,Sim,CHESF,Geração - Hidráulica,Masculino,27,6 meses a 1 ano,Terça- feira,12,12,2023,13:00 - 14:00,Empresa,Equipe,Sobradinho,BA,UHE Sobradinho,-9.4130438299999994,-40.634221859999997,VP Operações e Segurança,Operações,,MANUT DA USINA DE SOBRADINHO,,45273,45274,1,0,Não,0,45273,Outros,Lombalgia de Esforço,Coluna,Baixo,14,Baixo,11 - Não se Aplica,,,,,,,,,45272,
1,Terceiro,Típico com afastamento,,Sim,CHESF,Geração - Hidráulica,Masculino,40,Até 6 meses,Terça- feira,26,12,2023,22:00 - 23:00 ,Empresa,Individual,Sobradinho,BA,UHE Sobradinho,-9.4130438299999994,-40.634221859999997,VP Engenharia de Expansão,Engenharia,,PARCEIROS DE NEGÓCIO ENGENHARIA CHESF,,0,4,4,0,Não,0,,Golpeado por (atingido por objeto em movimento),Lesão,Mão Direita,Médio,11,Médio,2 - Percepção de Risco,,,,,,,,,45286,
1,Terceiro,Típico com afastamento,,Sim,CHESF,Expansão,Masculino,28,Até 6 meses,Quarta - feira,6,12,2023,08:00 - 09:00,Empresa,Equipe,Sobral,CE,SE Sobral II,-3690901044903540,-4029863083652290,VP Engenharia de Expansão,Engenharia,,PARCEIROS DE NEGÓCIO ENGENHARIA CHESF,,45266,45273,7,0,Não,0,45266,Atingido por (pontos agudos ou cortantes),Lesão,Perna Direita,Médio,11,Médio,2 - Percepção de Risco,,,,,,,,,45266,
1,Terceiro,Típico com afastamento,,Sim,CHESF,Expansão,Masculino,22,Até 6 meses,Terça- feira,28,11,2023,09:00 - 10:00,Empresa,Equipe,Teresina,PI,SE Teresina III,-5084942770808420,-4268907198978990,VP Engenharia de Expansão,Engenharia,,PARCEIROS DE NEGÓCIO ENGENHARIA CHESF,,0,3,3,0,Não,0,,Outros,Luxação,Perna Direita,Médio,11,Médio,2 - Percepção de Risco,,,,,,,,,45258,
1,Terceiro,Quase Acidente,,Não,CHESF,Transmissão,Masculino,,,Quarta - feira,1,3,2023,11:00 - 12:00,Área rural,Equipe,Teresina,PI,Próximo a LT Teresina II - Teresina III 230 kV,-5.1313199999999997,-42.810344000000001,VP Operações e Segurança,Operações,Superintendência Regional Norte ,Departamento de Operação Regional de Teresina,Divisão Regional de Manutenção da Transmissão de Teresina,,,,NA,Não,,NA,Animal,Outros,Não se Aplica,Baixo,10,Médio,11 - Não se Aplica,Ataque animal peçonhento,Falha de supervisão,,,,,,,44986,
1,Próprio,Trajeto sem afastamento,,Sim,CHESF,Adm,Masculino,45,15 a 20 anos,Quarta - feira,22,3,2023,08:00 - 09:00,Via pública,Individual,Teresina,PI,Via Pública,-5.1234799999999998,-42.796729999999997,VP Suprimentos e Serviços,VSS,Superintendência de Coordenação Regional do CSC Nordeste,Departamento de Infraestrutura e Serviços Gerais do CSC,Divisão de Infraestrutura e Serviços Gerais Fortaleza e Teresina,45015,45015,0,0,Não,,45015,Moto - Queda,Sem Lesões,Não se Aplica,Baixo,5,Alto,8 - Veículos e Equipamentos Móveis,Colisão de veículos,Trânsito em via pública,Ação de Terceiros,,,,,,45007,
1,Terceiro,Quase Acidente,,Não,CHESF,Transmissão,Masculino,,,Quarta - feira,19,4,2023,16:00 - 17:00,Via pública,Equipe,Teresina,PI,Próximo a LT Teresina II - Teresina III 230 kV,-5.1313199999999997,-42.810344000000001,VP Operações e Segurança,Operações,Superintendência de Operação,Derpartamento de Manutenção de Linhas,,,,,NA,Não,,NA,Atingido entre ou abaixo (esmagado ou amputado),Sem Lesões,Não se Aplica,Baixo,4,Alto,8 - Veículos e Equipamentos Móveis,Falta de atenção,,,,,,,,45035,
1,Próprio,Quase Acidente,Sim,Não,CHESF,Adm,Masculino,38,,Segunda - feira,7,8,2023,11:00 - 12:00,Via pública,Individual,Teresina,PI,Via Pública,-5.1266872799999996,-42.799485060000002,VP Suprimentos e Serviços,VSS,Coordenação Regional do CSC Nordeste,departamento de Infra Estrutura e Serviços Gerais do CSC,Divisão de Infra Estrutura e Serviços Gerais de Fortaleza e Teresina,,,,,,,,Carro - Colisão ,Sem Lesões,,Baixo,11,Médio,8 - Veículos e Equipamentos Móveis,Risco do trânsito,,,,,,,,45145,
1,Próprio,Quase Acidente,,Não,CHESF,Transmissão,,,,Sexta-feira,22,9,2023,11:00 - 12:00,Empresa,,Teresina,PI,Sede Teresina,-5.1266872799999996,-42.799485060000002,VP Operações e Segurança,Operações,Superintendência Regional Norte,Departamento de Operação Regional de Teresina,,0,0,0,0,Não,0,,Incêndio,Sem Lesões,,Baixo,11,Médio,11 - Não se Aplica,Em análise,,,,,,,,45191,
1,Terceiro,Quase Acidente,,Não,CHESF,Transmissão,Masculino,45,1 a 3 anos,Domingo,19,11,2023,15:00 - 16:00,Área rural,Equipe,Teresina,PI,LT Teresina II/Tinguá II,-5084942770808420,-4268907198978990,VP Operações e Segurança,Operações,Gerência PRODUÇÃO NORTE,GERÊNCIA DA MANUT DA TRANS DE TERESINA,DIVISÃO DA MANUT DA TRANS DE TERESINA,,,,0,Não,0,NA,Eletricidade,Sem Lesões,Não se Aplica,Baixo,11,Médio,4 - Eletricidade,,,,,,,,,45249,
1,Próprio,Típico com afastamento,,Sim,Eletronorte,Geração - Hidráulica,Masculino,47,Acima de 10 anos,Sexta-feira,24,2,2023,07:00 - 08:00,Via pública,Individual,Tucuruí,PA,Via Pública,-3.83196,-49.642740000000003,VP Operações e Segurança,Operações,Superintendência de Produção da Geração Hidraulica,Departamento de Manutenção da Geração Hidráulica Oeste,,44981,44996,15,0,Não,0,44985,Moto - Queda,Fratura,,Médio,14,Baixo,8 - Veículos e Equipamentos Móveis,,,,,,,,,44981,
1,Terceiro,Típico com afastamento,,Sim,Eletronorte,Geração - Hidráulica,Masculino,36,,Terça- feira,14,3,2023,16:00 - 17:00,Empresa,Equipe,Tucuruí,PA,UHE Tucuruí,-3.83196,-49.642740000000003,VP Operações e Segurança,Operações,Superintendência de Produção da Geração Hidraulica,-,-,45000,45005,5,0,Não,0,45000,Golpeado por (atingido por objeto em movimento),"Laceração, Corte",Mão Direita,Médio,14,Baixo,9 - Trabalho a Quente,-,-,-,-,-,-,-,-,44999,
1,Terceiro,Típico com afastamento,,Sim,Eletronorte,Geração - Hidráulica,Masculino,29,1 a 3 anos,Sexta-feira,19,5,2023,11:00 - 12:00,Via pública,Equipe,Tucuruí,PA,UHE Tucuruí,-3.83196,-49.642740000000003,VP Operações e Segurança,Operações,Superintendência de Produção da Geração Hidraulica,Departamento de Meio Ambiente da  Geração Hidraulica,,45070,45114,44,,Não,0,45070,Golpeado por (atingido por objeto em movimento),"Laceração, Corte",Mão Esquerda,Médio,11,Médio,2 - Percepção de Risco,,,,,,,,,45065,
1,Terceiro,Quase Acidente,,Sim,Eletronorte,Geração - Hidráulica,Masculino,31,6 meses a 1 ano,Segunda - feira,5,6,2023,16:00 - 17:00,Empresa,Individual,Tucuruí,PA,UHE Tucuruí,-3.83196,-49.642740000000003,VP Operações e Segurança,Operações,Superintendência de Produção da Geração Hidraulica,-,-,,,,0,Não,0,45103,Golpeado por (atingido por objeto em movimento),"Escoriação, Abrasão",Cabeça,Médio,5,Alto,6 - Linha de Perigo,-,-,-,-,-,-,-,-,45082,
1,Terceiro,Típico com afastamento,,Sim,Eletronorte,Geração - Hidráulica,Masculino,31,6 meses a 1 ano,Terça- feira,20,6,2023,08:00 - 09:00,Área rural,Individual,Tucuruí,PA,UHE Tucuruí,-3.83196,-49.642740000000003,VP Operações e Segurança,Operações,Superintendência de Produção da Geração Hidraulica,Departamento de Meio Ambiente da  Geração Hidraulica,-,45098,45100,2,0,Não,0,45098,Atingido por (pontos agudos ou cortantes),"Escoriação, Abrasão",Perna Esquerda,Médio,14,Baixo,2 - Percepção de Risco,-,-,-,-,-,-,-,-,45097,
1,Próprio,Quase Acidente,,Sim,Eletronorte,Geração - Hidráulica,,,,Domingo,30,7,2023,14:00 - 15:00,Empresa,,Tucuruí,PA,UHE Tucuruí,-3.83196,-49.642740000000003,VP Operações e Segurança,Operações,Superintendência de Produção da Geração Hidráulica,Departamento de Manutenção da Geração Hidráulica Oeste,,,,,0,Não,0,,Eletricidade,,,Médio,4,Alto,11 - Não se Aplica,,,,,,,,,45137,
1,Terceiro,Típico com afastamento,,Sim,Eletronorte,Geração - Hidráulica,Masculino,45,6 meses a 1 ano,Quarta - feira,14,9,2023,15:00 - 16:00,Empresa,Dupla,Tucuruí,PA,UHE Tucuruí,-3.83196,-49.642740000000003,VP Operações e Segurança,Operações,Superintendência de Produção da Geração Hidraulica,Departamento de Manutenção da Geração Hidráulica Oeste,Divisão Manutenção Mecânica e Auxiliares da UHE Tucuruí,45184,45198,14,0,Não,0,45184,Outros,Outros,Dedo da mão Esquerda,Médio,7,Alto,11 - Não se Aplica,,,,,,,,,45183,
1,Terceiro,Quase Acidente,,Sim,Eletronorte,Geração - Hidráulica,Masculino,48,6 meses a 1 ano,Terça- feira,10,10,2023,10:00 - 11:00,Empresa,Equipe,Tucuruí,PA,UHE Tucuruí,-3.83196,-49.642740000000003,VP Operações e Segurança,Operações,Superintendência de Produção da Geração Hidraulica,Departamento de Manutenção da Geração Hidráulica Oeste,,,,,0,Não,0,,Golpeado por (atingido por objeto em movimento),Sem Lesões,Pé Direito,Baixo,11,Médio,2 - Percepção de Risco,,,,,,,,,45209,
1,Terceiro,Trajeto sem afastamento,,Sim,Eletronorte,Geração - Hidráulica,Masculino,> 60,6 meses a 1 ano,Terça- feira,24,10,2023,17:00 - 18:00,,Equipe,Tucuruí,PA,Via Pública,-3.83196,-49.642740000000003,VP Operações e Segurança,Operações,Superintendência de Produção da Geração Hidraulica,Departamento de Manutenção da Geração Hidráulica Oeste,,,,,0,Não,0,,Moto - Queda,"Escoriação, Abrasão",Dedo da mão Direita,Médio,7,Alto,8 - Veículos e Equipamentos Móveis,,,,,,,,,45223,
1,Terceiro,Típico sem afastamento,,Sim,Eletronorte,Expansão,Masculino,38,6 meses a 1 ano,Sábado,25,10,2023,17:00 - 18:00,,Equipe,Tucuruí,PA,UHE Tucuruí,-3.83196,-49.642740000000003,VP Engenharia de Expansão,Engenharia,Superintendência de Engenharia de Geração,Departamento de Implamntação de Implatação de Empreendimentos da Geração,,,,,0,,0,,Atingido por (pontos agudos ou cortantes),,Cabeça,Baixo,11,Médio,2 - Percepção de Risco,,,,,,,,,45224,
1,Terceiro,Típico com afastamento,,Sim,Eletronorte,Geração - Hidráulica,Masculino,40,6 meses a 1 ano,Terça- feira,14,11,2023,13:00 - 14:00,Empresa,Individual,Tucuruí,PA,UHE Tucuruí,-3.83196,-49.642740000000003,VP Operações e Segurança,Operações,Superintendência de Produção da Geração Hidraulica,Departamento de Manutenção da Geração Hidráulica Oeste,OOHTE.N,45246,45247,2,0,Não,0,45244,Outros,"Escoriação, Abrasão",Cabeça,Médio,8,Alto,3 - Trabalho em Altura,Falta de Comunicação do empregado a empresa sobre a doença preexistente,Empregado trabalhando sozinho na área da usina.,Relação de exames diferentes das terceirizadas em relação com o PCMSO da Eletronorte.,NA,NA,NA,NA,NA,45244,
1,Terceiro,Típico com afastamento,,Sim,Eletrobras,Adm,Masculino,43,Até 6 meses,Quarta - feira,7,6,2023,10:00 - 11:00,Área rural,Individual,Tupaciguara,MG,LT,-18.406912510000002,-49.098156830000001,VP Suprimentos e Serviços,VSS,CS.G - SUP COORD REGIONAL CSC SUDESTE,CSI.G,CSGO.G,,,54,0,Não,54,45084,Atingido entre ou abaixo (esmagado ou amputado),Fratura,Perna Direita,Alto,2,Crítico,7 - Bloqueio e Proteção,,,,,,,,,45084,
1,Próprio,Quase Acidente,,Não,CHESF,Geração - Hidráulica,Masculino,43,10 a 15 anos,Sexta-feira,10,3,2023,09:00 - 10:00,Empresa,Equipe,Ubaitaba,BA,UHE Funil,-14.227425500000001,-39.465781800000002,VP Operações e Segurança,Operações,Superintendência Regional Sul,Departamento de Operação Regional de Salvador,"Divisão de Telecom, Proteção e Automação de Salvador",,,,NA,Não,,NA,Incêndio,Sem Lesões,Não se Aplica,Baixo,15,Baixo,11 - Não se Aplica,Falha planejamento,,,,,,,,44995,
1,Próprio,Quase Acidente,Sim,Não,CHESF,Transmissão,Masculino,46,Acima de 10 anos,Quinta - feira,23,11,2023,11:00 - 12:00,Área rural,Equipe,Ubajara,CE,LT 05V5 TGD/SBT,-5084942770808420,-4268907198978990,VP Operações e Segurança,Operações,Gerência PRODUÇÃO NORTE,GERÊNCIA DA MANUT DA TRANS DE TERESINA,DIVISÃO DA MANUT DA TRANS DE TERESINA,,,,0,Não,0,NA,Carro - Colisão ,Sem Lesões,,Baixo,16,Baixo,8 - Veículos e Equipamentos Móveis,,,,,,,,,45253,
1,Próprio,Quase Acidente,Sim,Não,CHESF,Transmissão,Masculino,56,Acima de 10 anos,Quinta - feira,23,11,2023,11:00 - 12:00,Área rural,Equipe,Ubajara,CE,LT 05V5 TGD/SBT,-5084942770808420,-4268907198978990,VP Operações e Segurança,Operações,Gerência PRODUÇÃO NORTE,GERÊNCIA DA MANUT DA TRANS DE TERESINA,DIVISÃO DA MANUT DA TRANS DE TERESINA,,,,0,Não,0,NA,Carro - Colisão ,Sem Lesões,,Baixo,16,Baixo,8 - Veículos e Equipamentos Móveis,,,,,,,,,45253,
1,Próprio,Típico sem afastamento,,Sim,Eletrobras,Expansão,Masculino,45,Acima de 10 anos,Quinta - feira,12,1,2023,16:00 - 17:00,Empresa,Equipe,Uberlândia,MG,LT,-18.406912510000002,-49.098156830000001,VP Engenharia de Expansão,Engenharia,EG.E - SUP. DE ENGENHARIA DE GERACAO,DSB.E,DTEC.E,,,0,0,Não,0,44957,"Apanhado em (agarrado, pendurado)","Escoriação, Abrasão",Mão Direita,Baixo,15,Baixo,11 - Não se Aplica,,,,,,,,,44938,
1,Próprio,Quase Acidente,,Sim,CGT Eletrosul,Adm,,,6 meses a 1 ano,Quinta - feira,14,12,2023,16:00 - 17:00,Empresa,Equipe,Xanxerê,SC,SE Xanxerê,-27.586580000000001,-48.606960000000001,"VP Gente, Gestão e Cultura",Outros,FR.SDepartamento de Produtividade e Qualidade da Unidade Sul,DPS,DIOL Divisão de materiais e operação logistica,,,N/A,,,,,Outros,Sem Lesões,Não se Aplica,,13,Baixo,2 - Percepção de Risco,,,,,,,,,45274,
1,Terceiro,Quase Acidente,,Sim,CGT Eletrosul,Transmissão,Masculino,,Até 6 meses,Sexta-feira,3,11,2023,21:00 - 22:00 ,Área urbana,Individual,Xanxerê,SC,Via Pública,-26.88261,-52.421210000000002,VP Operações e Segurança,Operações,Departamento de Manutenção e Apoio à Operação,,,,,N/A,,,,,Carro - Colisão ,Sem Lesões,Não se Aplica,,15,Baixo,8 - Veículos e Equipamentos Móveis,,,,,,,,,45233,
1,Terceiro,Quase Acidente,,Sim,CGT Eletrosul,Transmissão,,,6 meses a 1 ano,Segunda - feira,13,11,2023,13:00 - 14:00,Área rural,Equipe,Xavantina,SC,LT Salto Santiago/Ita 525kV. Vão 330/331,-27.066700000000001,-52.343000000000004,VP Operações e Segurança,Operações,Produção da Transmissão,,,,,N/A,,,,,Outros,Sem Lesões,Não se Aplica,,2,Crítico,Outros,"Ausência de APR para atividade, descrumprimentos das orientações da integração e técnicas do contrato.",,,,,,,,45243,
1,Próprio,Quase Acidente,,Sim,CHESF,Transmissão,Masculino,51,Acima de 10 anos,Sábado,18,5,2024,10:00 - 11:00,Área rural,Equipe, Guaiúba,CE,LT AQDBNB 04C8 ,-4.0406444438673601,-38.633872589859202,VP Operações e Segurança,Operações,OOT.C,OOTF.C,OOTFB.C,,,,,,,,"Impacto sofrido por pessoa, de objeto que cai",Sem Lesões,,,15,Baixo,4 - Eletricidade,,,,,,,,,45430,
1,Terceiro,Típico com afastamento,,Sim,CHESF,Transmissão,Masculino,,6 meses a 1 ano,Quarta - feira,29,5,2024,10:00 - 11:00,Área rural,Equipe, Jaguarari,BA,estrutura 78/2 LT 04N2 JZDSNB  – 230 kV,-10.257909070071699,-40.195187662714297,VP Operações e Segurança,Operações,OOT.C,OOTB.C,OOTBA.C,45441,45444,3,0,Não,,45449,Eletricidade,Choque Elétrico,Mão Esquerda,Médio,7,Alto,4 - Eletricidade,,,,,,,,,45441,
1,Terceiro,Típico com afastamento,,Sim,CHESF,Transmissão,Masculino,39,1 a 3 anos,Quarta - feira,29,5,2024,10:00 - 11:00,Área rural,Equipe, Jaguarari,BA,estrutura 78/2 LT 04N2 JZDSNB  – 230 kV,-10.257909070071699,-40.195187662714297,VP Operações e Segurança,Operações,OOT.C,OOTB.C,OOTBA.C,45441,45502,60,0,Não,,45443,Eletricidade,Choque Elétrico,Braço Esquerdo,Médio,7,Alto,4 - Eletricidade,,,,,,,,,45441,
1,Terceiro,Quase Acidente,,Sim,CHESF,Transmissão,Masculino,39,1 a 3 anos,Terça- feira,17,12,2024,12:00- 13:00,Área rural,Equipe, Jaguarari,BA,LT 04N2 Juazeiro II / Senhor do Bonfim - 230 kV,-10.257909070071699,-40.195187662714297,VP Operações e Segurança,Operações,OOT.C,OOTB.C,OOTBA.C,,,,,,,,Outros,Sem Lesões,,,13,Médio,3 - Trabalho em Altura,,,,,,,,,45643,
1,Próprio,Quase Acidente,,Sim,CHESF,Logistica,,,,Quarta - feira,20,11,2024,13:00 - 14:00,Empresa,,Abreu e Lima,PE,Almoxarifado Abreu e Lima,-7.8889795578967901,-34.9025711939505,VP Suprimentos e Serviços,VSS,SSLG,SSLGA,SSLGP.C,,,,,,,,Incêndio,Sem Lesões,,,15,Baixo,Outros,,,,,,,,,45616,
1,Terceiro,Quase Acidente,,Sim,CHESF,Logistica,Masculino,28,1 a 3 anos,Quarta - feira,18,9,2024,15:00 - 16:00,Empresa,Individual,Abreu e Lima,PE,Almoxarifado Abreu e Lima,-7.8889795578967901,-34.9025711939505,VP Suprimentos e Serviços,VSS,,,SSLGP.C,,,,,,,,Impacto de pessoa contra objeto parado,Sem Lesões,Pé Direito,,15,Baixo,Outros,,,,,,,,,45553,
1,Terceiro,Quase Acidente,,Sim,CHESF,CSC,Masculino,26,1 a 3 anos,Segunda - feira,25,11,2024,11:00 - 12:00,Empresa,Empresa,Abreu e Lima,PE,Almoxarifado Abreu e Lima,-7.9057424552485402,-34.903874050718798,VP Suprimentos e Serviços,VSS,CSC,CSC,CSC,,,,,,,,Outros,Sem Lesões,,,15,Baixo,2 - Percepção de Risco,,,,,,,,,45621,
1,Terceiro,Típico com afastamento,,Sim,Eletronorte,CSC,Masculino,50,6 meses a 1 ano,Sexta-feira,22,3,2024,15:00 - 16:00,Via pública,Individual,Acrelândia,RO,SE Abunã,-9.6,-66.849999999999994,VP Suprimentos e Serviços,VSS,Superintendência de Coordenação Regional do CSC Norte,,,45374,45386,13,0,Não,0,45385,Carro - Colisão ,Luxação,Partes Múltiplas,Médio,4,Alto,8 - Veículos e Equipamentos Móveis,,,,,,,,,45373,
1,Terceiro,Desvio Crítico,,Sim,CHESF,Transmissão,Masculino,48,Até 6 meses,Terça- feira,5,11,2024,10:00 - 11:00,Empresa,Individual,Açu,RN,SE Açu,-5.5760738014639699,-37.030092419157803,VP Operações e Segurança,Operações,OOT.C,OOTR.C,,,,,,,,,Outros,Sem Lesões,,,11,Médio,3 - Trabalho em Altura,,,,,,,,,45601,
1,Terceiro,Quase Acidente,,Não,Eletrobras,CSC,Masculino,49,Até 6 meses,Sexta-feira,9,8,2024,12:00- 13:00,Via pública,Individual,Aguaí,SP,SE Campinas,-22.061012999999999,-47.026285000000001,VP Suprimentos e Serviços,VSS,CS.G - SUP COORD REGIONAL CSC SUDESTE,CSI.G - DEP INFRA E SERV GERAIS,CSFV.G - DIV GESTAO FROTAS E VIAGENS,N/A,N/A,N/A,N/A,,N/A,N/A,,,,Baixo,15,Baixo,8 - Veículos e Equipamentos Móveis,(em investigação),,,,,,,,45513,
1,Próprio,Típico sem afastamento,,Sim,Eletrobras,Transmissão,Masculino,28,6 meses a 1 ano,Segunda - feira,19,8,2024,15:00 - 16:00,Área rural,Dupla,Águas Lindas,DF,LT 500kV Serra da Mesa - Samambaia 2,-15.804622,-48.242356000000001,VP Operações e Segurança,Operações,OOT.F - Produção da Transmissão,OOTG.F - Gerência Goiás,OOTGA.F - Man. Eletromec Brasília,N/A,N/A,N/A,N/A,Não,N/A,45539,Animal,Lesão,Partes Múltiplas,Baixo,11,Médio,2 - Percepção de Risco,(em investigação),,,,,,,,45523,
1,Próprio,Típico sem afastamento,,Sim,Eletrobras,Transmissão,Masculino,41,Até 6 meses,Segunda - feira,19,8,2024,15:00 - 16:00,Área rural,Dupla,Águas Lindas,DF,LT 500kV Serra da Mesa - Samambaia 2,-15.804622,-48.242356000000001,VP Operações e Segurança,Operações,OOT.F - Produção da Transmissão,OOTG.F - Gerência Goiás,OOTGA.F - Man. Eletromec Brasília,N/A,N/A,N/A,N/A,Não,N/A,45539,Animal,Lesão,Partes Múltiplas,Baixo,11,Médio,2 - Percepção de Risco,(em investigação),,,,,,,,45523,
1,Terceiro,Típico com afastamento,,Sim,Eletrobras,Expansão,Masculino,46,6 meses a 1 ano,Terça- feira,16,4,2024,07:00 - 08:00,Empresa,Dupla,Além Paraíba,MG,UHE Simplício,-21.955680556352998,-42.882252777778,VP Engenharia de Expansão,Engenharia,EEIG - Implantação da Geração,EEIGH - Hidro,-,45399,45399,1,0,Não,,45427,Golpeado por (atingido por objeto em movimento),Luxação,Coluna,Médio,11,Médio,2 - Percepção de Risco,Falha/falta de comunicação entre membros da equipe,Falha na metodologia de transporte dos sacos de solo cimento,Falha no processo de checagem da liberação da área de lançamento,,,,,,45398,Geração
1,Terceiro,Típico com afastamento,,Sim,Eletrobras,Expansão,Masculino,46,6 meses a 1 ano,Terça- feira,16,4,2024,07:00 - 08:00,Empresa,Dupla,Além Paraíba,MG,UHE Simplício,-21.827619299999999,-42.763167410999998,VP Engenharia de Expansão,Engenharia,EEIG - Implantação da Geração,EEIGH - Hidro,-,45399,45399,1,0,Não,0,,,,,,11,Médio,Outros,,,,,,,,,45398,Geração
1,Terceiro,Típico sem afastamento,,Sim,Eletronorte,CSC,Masculino,45,1 a 3 anos,Quinta - feira,8,2,2024,15:00 - 16:00,,Individual,Altamira,PA,SE Altamira,-3.2,-52.2,VP Suprimentos e Serviços,VSS,Superintendência de Coordenação Regional do CSC Norte,,,,,0,0,Não,0,45331,Atingido por (pontos agudos ou cortantes),Lesão,Pé Direito,Baixo,11,Médio,2 - Percepção de Risco,,,,,,,,,45330,
1,Próprio,Quase Acidente,,Sim,Eletronorte,Transmissão,Masculino,49,Acima de 10 anos,Terça- feira,27,8,2024,15:00 - 16:00,Empresa,Dupla,Altamira,PA,SE Altamira,-3.2,-52.2,VP Operações e Segurança,Operações,Superintendência de Produção da Transmissão,Departamento Regional de Produção e Transmissão do Pará,,,,,,Não,0,,,,,Baixo,16,Baixo,2 - Percepção de Risco,,,,,,,,,45531,
1,Próprio,Quase Acidente,,Sim,Eletronorte,Transmissão,Masculino,38,6 meses a 1 ano,Terça- feira,27,8,2024,15:00 - 16:00,Empresa,Dupla,Altamira,PA,SE Altamira,-3.2,-52.2,VP Operações e Segurança,Operações,Superintendência de Produção da Transmissão,Departamento Regional de Produção e Transmissão do Pará,,,,,,Não,0,,,,,Baixo,16,Baixo,2 - Percepção de Risco,,,,,,,,,45531,
1,Terceiro,Típico sem afastamento,,Sim,Eletronorte,CSC,Masculino,44,1 a 3 anos,Sexta-feira,2,8,2024,11:00 - 12:00,Empresa,Equipe,Altamira,PA,Se Altamira,-3.2,-52.2,VP Suprimentos e Serviços,VSS,Superintendência de Coordenação Regional do CSC Norte,,,,,,,Não,0,45520,,,Face,Baixo,15,Baixo,8 - Veículos e Equipamentos Móveis,,,,,,,,,45506,
1,Próprio,Quase Acidente,,Não,CGT Eletrosul,Transmissão,Masculino,42,Até 6 meses,Domingo,24,11,2024,11:00 - 12:00,,Equipe,Antônio Prado,RS,SE Farroupilha,-28.85812,-51.288690000000003,VP Operações e Segurança,Operações,OOG.S - Produção de Geração e Transmissão,OOGS.S - Produção de transmissão gerência sul,OOGSF.S - Divisão de produção de transmissão Farroupilha,N/A,N/A,N/A,Não,Não,N/A,N/A,,,,,11,Médio,6 - Linha de Perigo,,,,,,,,,45620,
1,Próprio,Quase Acidente,,Não,Eletrobras,CSC,,,,Quinta - feira,22,8,2024,13:00 - 14:00,Empresa,Equipe,Aparecida de Goiânia,GO,Laboratório de Aparecida de Goiânia,-16.792969830000001,-49.234285700000001,VP Suprimentos e Serviços,VSS,CS.G - SUP COORD REGIONAL CSC SUDESTE,CSI.G - DEP INFRA E SERV GERAIS,CSGO.G - DIV INFRA SERV GERAIS GO,N/A,N/A,N/A,N/A,,N/A,N/A,,,,,11,Médio,11 - Não se Aplica,Clima árido e vegetação seca,,,,,,,,45526,
1,Terceiro,Trajeto com afastamento,,Sim,Eletrobras,CSC,Masculino,50,1 a 3 anos,Quarta - feira,23,10,2024,07:00 - 08:00,Via pública,Individual,Aparecida de Goiânia,GO,Laboratório de Aparecida de Goiânia,-16.791601,-49.230966000000002,VP Suprimentos e Serviços,VSS,CS.G - SUP COORD REGIONAL CSC SUDESTE,CSI.G - DEP INFRA E SERV GERAIS,CSGO.G - DIV INFRA SERV GERAIS GO,45588,45590,2,0,Não,,45589,Moto - colisão,"Laceração, Corte",Mão Direita,Médio,4,Alto,8 - Veículos e Equipamentos Móveis,Baixa percepção de risco,Ausência de habilitação (CNH) para conduzir veículo automotor,Projeto da via,,,,,,45588,
1,Terceiro,Típico sem afastamento,,Sim,Eletrobras,Geração - Hidráulica,Masculino,47,Até 6 meses,Quinta - feira,30,5,2024,17:00 - 18:00,Empresa,Equipe,Araporã,MG,UHE Itumbiara,-18.407222222910999,-49.099444444444003,VP Operações e Segurança,Operações,OOG.F - Produção da Geração,OOGG.F - Gerência de GO-DF,OOGGI.F - O&M Itumbiara,N/A,N/A,N/A,N/A,Não,N/A,45443,Atingido por (pontos agudos ou cortantes),"Escoriação, Abrasão",Pé Direito,Baixo,14,Baixo,2 - Percepção de Risco,(em investigação),,,,,,,,45442,
1,Próprio,Quase Acidente,,Não,Eletrobras,Geração - Hidráulica,,,,Terça- feira,24,9,2024,20:00 - 21:00 ,Empresa,Equipe,Araporã,MG,UHE Itumbiara,-18.414378056244999,-49.113875555556,VP Operações e Segurança,Operações,OOG.F - Produção da Geração,OOGG.F - Gerência de GO-DF,OOGGI.F - O&M Itumbiara,N/A,N/A,N/A,N/A,,N/A,N/A,,,,,11,Médio,11 - Não se Aplica,Curto circuito,,,,,,,,45559,
1,Próprio,Típico sem afastamento,,Sim,Eletrobras,Geração - Hidráulica,Masculino,45,10 a 15 anos,Terça- feira,3,9,2024,14:00 - 15:00,Empresa,Individual,Araporã,MG,UHE Itumbiara,-18.408033334022001,-49.099938888889,VP Operações e Segurança,Operações,OOG.F - Produção da Geração,OOGG.F - Gerência de GO-DF,OOGGI.F - O&M Itumbiara,N/A,N/A,N/A,N/A,Não,N/A,45539,"Golpeado contra (correndo em direção, tropeçando em)","Laceração, Corte",Perna Esquerda,Baixo,14,Baixo,2 - Percepção de Risco,Local de transposição inadequado,Inobservado o melhor acesso e riscos envolvidos na transposição,,,,,,,45538,
1,Próprio,Quase Acidente,,Não,Eletrobras,Geração - Hidráulica,,,,Segunda - feira,4,3,2024,10:00 - 11:00,Empresa,Equipe,Araporã,MG,UHE Itumbiara,-18.404912509999999,-49.09215683,VP Operações e Segurança,Operações,OOG.F - Produção da Geração,OOGG.F - Gerência de GO-DF,OOGGI.F - O&M Itumbiara,N/A,N/A,N/A,N/A,,N/A,N/A,,,,Baixo,11,Médio,6 - Linha de Perigo,(em investigação),,,,,,,,45355,
1,Terceiro,Quase Acidente,,Não,Eletrobras,CSC,Masculino,> 60,1 a 3 anos,Quinta - feira,11,4,2024,17:00 - 18:00,Via pública,Individual,Araporã,MG,UHE Itumbiara,-18.404912509999999,-49.09215683,VP Suprimentos e Serviços,VSS,CS.G - SUP COORD REGIONAL CSC SUDESTE,CSI.G - DEP INFRA E SERV GERAIS,CSFV.G - DIV GESTAO FROTAS E VIAGENS,N/A,N/A,N/A,N/A,,N/A,N/A,,,,Baixo,15,Baixo,11 - Não se Aplica,,,,,,,,,45393,
1,Próprio,Quase Acidente,,Não,Eletrobras,Geração - Hidráulica,Masculino,54,15 a 20 anos,Segunda - feira,8,4,2024,19:00 - 20:00 ,Empresa,Individual,Araporã,MG,UHE Itumbiara,-18.404912509999999,-49.09215683,VP Operações e Segurança,Operações,OOG.F - Produção da Geração,OOGG.F - Gerência de GO-DF,OOGGI.F - O&M Itumbiara,N/A,N/A,N/A,N/A,,N/A,N/A,,,,,15,Baixo,11 - Não se Aplica,Velocidade,,,,,,,,45390,
1,Terceiro,Típico sem afastamento,,Não,Eletrobras,Expansão,Masculino,31,1 a 3 anos,Quinta - feira,15,8,2024,12:00- 13:00,Empresa,Individual,Araraquara,SP,Mogi das Cruzes,-23.555575000000001,-46.516194599999999,VP Engenharia de Expansão,Engenharia,Gestão da Implantação de Transmissão,-,-,-,-,0,-,Não,-,45519,Atingido por (pontos agudos ou cortantes),"Laceração, Corte",Mão Esquerda,Médio,10,Médio,6 - Linha de Perigo,Corda de delimitação,"Peça sem fixação durante 
a execução da atividade ",,,,,,,45519,Transmissão
1,Terceiro,Típico com afastamento,,Sim,Eletrobras,CSC,Masculino,51,1 a 3 anos,Segunda - feira,26,2,2024,14:00 - 15:00,Empresa,Individual,Araraquara,SP,SE Araraquara,-21.773210247407398,-48.255584726556201,VP Suprimentos e Serviços,VSS,CS.G - SUP COORD REGIONAL CSC SUDESTE,CSI.G - DEP INFRA E SERV GERAIS,CSMG.G - DIV INFRA SERV GERAIS MG,45349,45353,5,0,Não,,45351,Escorregou/Desequilibrou,"Distensão, Torção",Perna Esquerda,Médio,11,Médio,2 - Percepção de Risco,Pendente,,,,,,,,45348,
1,Terceiro,Quase Acidente,,Não,CGT Eletrosul,CSC,Masculino,57,6 a 10 anos,Quinta - feira,14,11,2024,11:00 - 12:00,Via pública,Individual,Bagé,RS,SE Gravataí,-31.329370000000001,53.979399999999998,VP Suprimentos e Serviços,VSS,DPS - Departamento de produto e qualidade da unidade sul,DIMP - Divisão de Gestão de Manutenção Predial,,N/A,,,,,,,,,,,10,Médio,8 - Veículos e Equipamentos Móveis,,,,,,,,,45610,
1,Próprio,Desvio Crítico,Sim,Sim,CHESF,Transmissão,Masculino,52,Acima de 10 anos,Quinta - feira,12,9,2024,10:00 - 11:00,Área rural,Individual,Banabuiú,SE,LT 04C4 BNB-MSD EST 1/6,-5.30529012284829,-38.913008832545401,VP Operações e Segurança,Operações,OOT.C,OOTF.C,OOTFB.C,,,,,,,,,Sem Lesões,,,15,Baixo,8 - Veículos e Equipamentos Móveis,,,,,,,,,45547,
1,Terceiro,Quase Acidente,,Sim,CHESF,Transmissão,Masculino,29,Até 6 meses,Domingo,25,8,2024,10:00 - 11:00,Empresa,Equipe,Banabuiú,CE,SE Banabuiú,-5.30529012284829,-38.913008832545401,VP Operações e Segurança,Operações,OON.C,OONF.C,OONFT.C,,,,,,,,Eletricidade,Sem Lesões,,,15,Baixo,4 - Eletricidade,,,,,,,,,45529,
1,Terceiro,Quase Acidente,,Sim,Eletronorte,CSC,Masculino,26,1 a 3 anos,Domingo,17,3,2024,17:00 - 18:00,Via pública,Individual,Barcarena,PA,SE Vila do Conde,-1.57,-48.73,VP Suprimentos e Serviços,VSS,Superintendência de Coordenação Regional do CSC Norte,,,,,0,0,Não,0,,Carro - Colisão ,Sem Lesões,,Baixo,15,Baixo,8 - Veículos e Equipamentos Móveis,,,,,,,,,45368,
1,Terceiro,Quase Acidente,,Sim,Eletronorte,Transmissão,Masculino,49,1 a 3 anos,Terça- feira,26,11,2024,10:00 - 11:00,Empresa,Individual,Barcarena,PA,SE Vila do Conde,-1.57,-48.73,VP Suprimentos e Serviços,VSS,Superintendência de Coordenação Regional do CSC Norte,,,N/A,N/A,,,,,N/A,,,,Baixo,16,Baixo,2 - Percepção de Risco,,,,,,,,,45622,
1,Terceiro,Desvio Crítico,,Sim,Eletronorte,Transmissão,Masculino,37,6 meses a 1 ano,Quinta - feira,14,11,2024,14:00 - 15:00,Empresa,Equipe,Barcarena,PA,SE Vila do Conde,-1.57,-48.73,VP Suprimentos e Serviços,VSS,Superintendência de Coordenação Regional do CSC Norte,,,N/A,N/A,,,,,N/A,,,,Baixo,10,Médio,2 - Percepção de Risco,,,,,,,,,45610,
1,Terceiro,Desvio Crítico,,Sim,Eletronorte,Transmissão,Masculino,49,6 meses a 1 ano,Quinta - feira,14,11,2024,14:00 - 15:00,Empresa,Equipe,Barcarena,PA,SE Vila do Conde,-1.57,-48.73,VP Suprimentos e Serviços,VSS,Superintendência de Coordenação Regional do CSC Norte,,,N/A,N/A,,,,,N/A,,,,Baixo,10,Médio,2 - Percepção de Risco,,,,,,,,,45610,
1,Terceiro,Desvio Crítico,,Sim,Eletronorte,Transmissão,Masculino,44,1 a 3 anos,Quinta - feira,14,11,2024,14:00 - 15:00,Empresa,Equipe,Barcarena,PA,SE Vila do Conde,-1.57,-48.73,VP Suprimentos e Serviços,VSS,Superintendência de Coordenação Regional do CSC Norte,,,N/A,N/A,,,,,N/A,,,,Baixo,10,Médio,2 - Percepção de Risco,,,,,,,,,45610,
1,Terceiro,Típico com afastamento,,Sim,Eletronorte,CSC,Masculino,24,Até 6 meses,Sexta-feira,10,5,2024,08:00 - 09:00,Empresa,Individual,Belém,PA,SE Guamá,-1.46,-48.44,VP Suprimentos e Serviços,VSS,Superintendência de coordenação regional do Norte,Departamento de Infraestrutura de Serviços Gerais CSC,Divisão de Infraestrutura e serviços gerais regional leste ,45422,45423,1,0,Não,0,45425,Atingido por (pontos agudos ou cortantes),"Laceração, Corte",Dedo da mão Direita,Baixo,11,Médio,7 - Bloqueio e Proteção,,,,,,,,,45422,
1,Terceiro,Típico sem afastamento,,Sim,Eletronorte,CSC,Masculino,27,Até 6 meses,Quinta - feira,17,7,2024,12:00- 13:00,Empresa,Individual,Belém,PA,SE Guamá,-1.46,-48.44,VP Suprimentos e Serviços,VSS,Superintendência de coordenação regional do Norte,Departamento de Infraestrutura de Serviços Gerais CSC,Divisão de Infraestrutura e serviços gerais regional leste GSCIL,,,,,,,45491,Atingido por (pontos agudos ou cortantes),"Escoriação, Abrasão",Cabeça,Baixo,11,Médio,2 - Percepção de Risco,,,,,,,,,45490,
1,Terceiro,Trajeto com afastamento,,Sim,Eletronorte,CSC,Masculino,21,6 meses a 1 ano,Quinta - feira,22,8,2024,07:00 - 08:00,Via pública,Individual,Belém,PA,SE Guamá,-1.46,-48.44,VP Suprimentos e Serviços,VSS,Superintendência de coordenação regional do Norte,Departamento de Infraestrutura de Serviços Gerais CSC,Divisão de Infraestrutura e serviços gerais regional leste GSCIL,45526,45529,3,0,Não,,45527,Queda com diferença de nível,"Escoriação, Abrasão",Tórax,Baixo,15,Baixo,8 - Veículos e Equipamentos Móveis,,,,,,,,,45526,
1,Terceiro,Típico sem afastamento,,Sim,Eletronorte,CSC,Masculino,28,Até 6 meses,Sexta-feira,2,8,2024,09:00 - 10:00,Empresa,Individual,Belém,PA,SE Guamá,-1.46,-48.44,VP Suprimentos e Serviços,VSS,Superintendência de coordenação regional do Norte,Departamento de Infraestrutura de Serviços Gerais CSC,Divisão de Infraestrutura e serviços gerais regional leste GSCIL,,,,,,,45506,Animal,"Escoriação, Abrasão",Dedo da mão Direita,Baixo,11,Médio,2 - Percepção de Risco,,,,,,,,,45506,
1,Terceiro,Típico sem afastamento,,Sim,Eletronorte,CSC,Masculino,24,Até 6 meses,Segunda - feira,24,6,2024,14:00 - 15:00,Empresa,Individual,Belém,PA,SE Guamá,-1.46,-48.44,VP Suprimentos e Serviços,VSS,Superintendência de coordenação regional do Norte,Departamento de Infraestrutura de Serviços Gerais CSC,,NA,NA,NA,NA,Não,0,,,,,Baixo,11,Médio,2 - Percepção de Risco,,,,,,,,,45467,
1,Próprio,Típico com afastamento,,Sim,Eletronorte,Transmissão,Masculino,59,Acima de 10 anos,Sábado,30,11,2024,11:00 - 12:00,Empresa,Equipe,Belém,PA,SE Guamá,-1.46,-48.44,VP Operações e Segurança,Operações,Superintendência de Produção da Transmissão,Departamento Regional de Produção e Transmissão do Pará,,45626,45874,248,0,Não,,45630,Eletricidade,Queimadura Arco-elétrico,Partes Múltiplas,Alto,2,Crítico,4 - Eletricidade,,,,,,,,,45626,
1,Terceiro,Quase Acidente,,Não,Eletrobras,CSC,Masculino,38,Até 6 meses,Quinta - feira,13,11,2024,16:00 - 17:00,Via pública,Individual,Belford Roxo,RJ,SE São José,-22.696020000000001,-43.33793,VP Suprimentos e Serviços,VSS,CS.G - SUP COORD REGIONAL CSC SUDESTE,CSI.G - DEP INFRA E SERV GERAIS,CSFV.G - DIV GESTAO FROTAS E VIAGENS,N/A,N/A,N/A,N/A,,N/A,N/A,,,,,14,Baixo,8 - Veículos e Equipamentos Móveis,Possível falha técnica no sistema de alarme do veículo,Falta de barreiras físicas de contenção próximas à cerca,,,,,,,45609,
1,Terceiro,Quase Acidente,,Sim,CHESF,CSC,Masculino,26,1 a 3 anos,Segunda - feira,2,9,2024,09:00 - 10:00,Empresa,Equipe,Paulo Afonso,BA,Almoxarifado Paulo Afonso,-9.3838906246710998,-38.211397642628299,VP Suprimentos e Serviços,VSS,CSC,DGCI,DGCIA,,,,,,,,Incêndio,Sem Lesões,,,15,Baixo,Outros,,,,,,,,,45537,
1,Próprio,Quase Acidente,,Não,CGT Eletrosul,Transmissão,Masculino,55,Acima de 10 anos,Quarta - feira,19,6,2024,14:00 - 15:00,Área rural,Individual,Biguaçu,SC,SE Capivari de Baixo,-27.461729999999999,-48.732329999999997,VP Operações e Segurança,Operações,OOG.S - Produção de Geração e Transmissão,OOGN.S - Produção de transmissão gerência norte,OOGNB.S - Divisão de produção de transmissão Capivari de Baixo,N/A,N/A,N/A,Não,Não,N/A,N/A,,,,,10,Médio,8 - Veículos e Equipamentos Móveis,,,,,,,,,45462,
1,Próprio,Típico sem afastamento,,Sim,CGT Eletrosul,Transmissão,Masculino,46,Acima de 10 anos,Sábado,27,3,2024,10:00 - 11:00,Área rural,Equipe,Bituruna,PR,SE Areia,-26.123691999999998,-51.589396999999998,VP Operações e Segurança,Operações,OOG.S - Produção de transmissão,OOGN.S - Produção de transmissão gerência norte,OOGNA.S - Divisão de produção de transmissão Areia,N/A,N/A,0,N/A,Não,N/A,45383,Escorregou/Desequilibrou,"Distensão, Torção",Partes Múltiplas,Baixo,11,Médio,3 - Trabalho em Altura,,,,,,,,,45378,
1,Terceiro,Típico com afastamento,,Sim,CGT Eletrosul,Transmissão,Masculino,51,Até 6 meses,Quinta - feira,25,4,2024,14:00 - 15:00,Área rural,Equipe,Bituruna,PR,SE Areia,-26.159838499999999,-51.549016000000002,VP Operações e Segurança,Operações,OOG.S - Produção de transmissão,OOGN.S - Produção de transmissão gerência norte,OOGNA.S - Divisão de produção de transmissão Areia,45412,45502,89,Não,Não,N/A,45411,Golpeado por (atingido por objeto em movimento),Fratura,Tórax,Médio,4,Alto,6 - Linha de Perigo,,,,,,,,,45407,
1,Próprio,Quase Acidente,,Não,CGT Eletrosul,Transmissão,Masculino,57,Acima de 10 anos,Terça- feira,12,3,2024,09:00 - 10:00,Via pública,Individual,Blumenau,SC,SE Joinville,-26.91235,-49.077669999999998,VP Operações e Segurança,Operações,OOG.S - Produção de transmissão,OOGN.S - Produção de transmissão gerência norte,OOGNJ.S - Divisão de produção de transmissão Joinvile,N/A,N/A,N/A,Não,Não,,,,,,Médio,11,Médio,11 - Não se Aplica,,,,,,,,,45363,
1,Próprio,Quase Acidente,,Não,CGT Eletrosul,Transmissão,,,Acima de 10 anos,Terça- feira,25,6,2024,07:00 - 08:00,Via pública,Individual,Blumenau,SC,SE Sertão Maruim,-26.801970000000001,-49.088920000000002,VP Operações e Segurança,Operações,OOG.S - Produção de Geração e Transmissão,OOGN.S - Produção de transmissão gerência norte,OOGNS.S - Divisão de produção de transmissão São José,N/A,N/A,N/A,Não,Não,N/A,N/A,,,,,15,Baixo,8 - Veículos e Equipamentos Móveis,,,,,,,,,45468,
1,Próprio,Quase Acidente,,Não,CGT Eletrosul,Transmissão,Masculino,40,6 meses a 1 ano,Quarta - feira,31,7,2024,11:00 - 12:00,Área rural,Individual,Blumenau,SC,SE Curitiba,-26.78472,-49.016109999999998,VP Operações e Segurança,Operações,OOG.S - Produção de Geração e Transmissão,OOGN.S - Produção de transmissão gerência norte,,N/A,N/A,N/A,Não,Não,N/A,N/A,,,,,15,Baixo,8 - Veículos e Equipamentos Móveis,,,,,,,,,45504,
1,Terceiro,Quase Acidente,,Não,CGT Eletrosul,CSC,Masculino,54,6 a 10 anos,Quarta - feira,18,9,2024,15:00 - 16:00,Via pública,Individual,Blumenau,SC,SE Sertão Maruim,-26782462,"
-49.080237",VP Suprimentos e Serviços,VSS,"DTS -Tecnologia da Informação, Suprimentos e Infraestrutura - CGT Eletrosul",DGSI - Divisão de Planejamento e Gestão de Suprimentos e Infraestrutura – CGT Eletrosul ,,N/A,N/A,N/A,Não,Não,N/A,N/A,,,,,13,Médio,8 - Veículos e Equipamentos Móveis,,,,,,,,,45553,
1,Próprio,Trajeto sem afastamento,,Sim,Eletronorte,Transmissão,Masculino,48,Acima de 10 anos,Segunda - feira,27,5,2024,07:00 - 08:00,Via pública,Individual,Boa Vista,RR,SE Boa Vista,2.82,-60.67,VP Operações e Segurança,Operações,Superintendência de Produção da Transmissão,Departamento Regional de Produção da transmissão Norte,Divisão de produção da transmissão de Manaus e Boa Vista,45439,45439,0,0,Não,0,45440,Moto - Colisão,"Escoriação, Abrasão",Pé Esquerdo,Baixo,11,Médio,8 - Veículos e Equipamentos Móveis,Acidente de trânsito,Falta de atenção do condutor que atingiu o empregado,,,,,,,45439,
1,Terceiro,Trajeto com afastamento,,Sim,Eletronorte,CSC,Masculino,40,1 a 3 anos,Quarta - feira,26,6,2024,16:00 - 17:00,Via pública,Individual,Boa Vista,RR,SE Boa Vista,2.82,-60.67,VP Suprimentos e Serviços,VSS,Superintendência de Coordenação Regional do CSC Norte,Departamento de Infraestrutura de Serviços Gerais CSC,Divisão de gestão de frotas e viagens,45469,45474,5,0,Não,0,45509,Moto - Queda,"Escoriação, Abrasão",Partes Múltiplas,Médio,10,Médio,8 - Veículos e Equipamentos Móveis,Falha mecânica,,,,,,,,45469,
1,Terceiro,Trajeto com afastamento,,Sim,Eletronorte,CSC,Masculino,34,1 a 3 anos,Segunda - feira,1,7,2024,07:00 - 08:00,Via pública,Individual,Boa vista,RR,SE Boa Vista,2.82,-60.67,VP Suprimentos e Serviços,VSS,Superintendência de Coordenação Regional do CSC Norte,Departamento de Infraestrutura de Serviços Gerais CSC,Departamento de Infraestrutura de Serviços Gerais CSC,45474,45476,2,0,Não,0,45491,Moto - Queda,"Escoriação, Abrasão",Perna Esquerda,Médio,7,Alto,8 - Veículos e Equipamentos Móveis,,,,,,,,,45474,
1,Terceiro,Trajeto sem afastamento,,Sim,Eletronorte,CSC,Masculino,37,1 a 3 anos,Terça- feira,17,12,2024,07:00 - 08:00,Via pública,Individual,Boa Vista,RR,SE Boa Vista,2.82,-60.67,VP Suprimentos e Serviços,VSS,Superintendência de Coordenação Regional do CSC Norte,Departamento de Infraestrutura de Serviços Gerais CSC,Divisão de gestão de frotas e viagens,45643,45643,0,,,,45659,Animal,"Escoriação, Abrasão",Face,Baixo,14,Baixo,8 - Veículos e Equipamentos Móveis,,,,,,,,,45643,
1,Próprio,Típico sem afastamento,,Sim,Eletrobras,Transmissão,Masculino,48,25 a 30 anos,Quarta - feira,17,7,2024,08:00 - 09:00,Área rural,Dupla,Bom Jesus,GO,LT Itumbiara - Rio Verde I / Torre 349,-17.921303999999999,-50.386192999999999,VP Operações e Segurança,Operações,OOT.F - Produção da Transmissão,OOTG.F - Gerência Goiás,OOTGC.F - O&M de Goiás,N/A,N/A,N/A,N/A,,N/A,,,,,Baixo,11,Médio,6 - Linha de Perigo,(em investigação),,,,,,,,45490,
1,Próprio,Quase Acidente,,Não,Eletrobras,Transmissão,Masculino,46,25 a 30 anos,Quarta - feira,7,8,2024,08:00 - 09:00,Via pública,Equipe,Bom Jesus da Penha,MG,SE Poços de Caldas,-20.918166670000002,-46.579555560000003,VP Operações e Segurança,Operações,OOT.F - Produção da Transmissão,OOTM.F - Gerência Minas e Vitória,OOTMC.F - Man. Minas,N/A,N/A,N/A,N/A,,N/A,N/A,,,,,11,Médio,8 - Veículos e Equipamentos Móveis,(em investigação),,,,,,,,45511,
1,Terceiro,Quase Acidente,,Sim,CHESF,Transmissão,Masculino,,1 a 3 anos,Quinta - feira,31,10,2024,10:00 - 11:00,Área rural,Equipe,Branquinha,AL,LT 04M9 - AGL/MSI,-9.2477077241305992,-36.013163200555503,VP Operações e Segurança,Operações,OOT.C,OOTR.C,OOTRM.C,,,,,,,,Animal,Sem Lesões,,,13,Médio,Outros,,,,,,,,,45596,
1,Terceiro,Típico com afastamento,,Sim,Eletrobras,CSC,Masculino,32,1 a 3 anos,Quinta - feira,27,6,2024,09:00 - 10:00,Empresa,Individual,Brasília,DF,SE Brasília Geral,-15.809841,-47.953538000000002,VP Suprimentos e Serviços,VSS,CS.G - SUP COORD REGIONAL CSC SUDESTE,CSI.G - DEP INFRA E SERV GERAIS,CSGO.G - DIV INFRA SERV GERAIS GO,45470,45474,3,0,Não,,45475,Animal,Lesão,Perna Direita,Médio,11,Médio,11 - Não se Aplica,A APR não abordava o risco de mordida de cachorro,Trabalhador não percebeu a presença do cachorro,Cachorro solto e sem focinheira,,,,,,45470,
1,Próprio,Quase Acidente,,Não,Eletrobras,Transmissão,Masculino,48,20 a 25 anos,Segunda - feira,24,6,2024,08:00 - 09:00,Empresa,Dupla,Brasília,DF,SE Brasília Geral,-15.862222222827,-48.068333333333001,VP Operações e Segurança,Operações,OOT.F - Produção da Transmissão,OOTG.F - Gerência Goiás,OOTGD.F - Op. De Brasília,N/A,N/A,N/A,N/A,,N/A,N/A,,,,,11,Médio,4 - Eletricidade,Falha no Disjuntor DJ2114,Quebra do Dispositivo Restritor de Arco Elétrico,Obsolescência dos Equipamentos do Serviço Auxiliar 13.8kV,,,,,,45467,
1,Próprio,Típico sem afastamento,,Sim,Eletronorte,Adm,Feminino,48,Acima de 10 anos,Quinta - feira,9,5,2024,09:00 - 10:00,Empresa,Individual,Brasília,DF,SE Brasília Geral,-15.77,-47.84,"VP Governança, Riscos, Compliance e Sustentabilidade",Outros,Gerência Executiva Compliance ,,,,,0,0,Não,0,45435,Queda mesmo nível,Sem Lesões,Pé Direito,Baixo,15,Baixo,6 - Linha de Perigo,Piso desnivelado,,,,,,,,45421,
1,Terceiro,Desvio Crítico,,Sim,Eletronorte,CSC,Feminino,45,Até 6 meses,Sexta-feira,20,9,2024,07:00 - 08:00,Empresa,Individual,Brasília,DF,SE Brasília Geral,-15.77,-47.84,VP Suprimentos e Serviços,VSS,Superintendência de Produção da Transmissão,Departamento de Infraestrutura de Serviços Gerais CSC,Divisão de gestão de frotas e viagens,N/A,N/A,N/A,N/A,,,N/A,,,,Baixo,15,Baixo,2 - Percepção de Risco,,,,,,,,,45555,
1,Próprio,Típico com afastamento,,Sim,Eletronorte,Telecomunicação,Masculino,43,Acima de 10 anos,Quinta - feira,5,12,2024,10:00 - 11:00,Empresa,Individual,Brasília,DF,SE Brasília Geral,-15.77,-47.84,VP Operações e Segurança,Operações,"Gerência de SPCS, Estudos e Telecomunicação",Departamento de O&M de Telecomunicação,,45631,45633,3,0,Não,0,45637,Ferramenta Manual,"Escoriação, Abrasão",Dedo da mão Esquerda,Baixo,11,Médio,2 - Percepção de Risco,,,,,,,,,45631,
1,Próprio,Desvio Crítico,,Sim,CHESF,Transmissão,,,,Terça- feira,20,8,2024,11:00 - 12:00,Empresa,Equipe,Cabo de Santo Agostinho,PE,SE Pirapama II,-8.2727682338734105,-35.025394625146703,VP Operações e Segurança,Operações,OOT.C,OOTR.C,OOTRA.C,,,,,,,,Passarela/ plataforma permanentes - superfície utilizada para sustentar pessoas,,,,10,Médio,3 - Trabalho em Altura,,,,,,,,,45524,
1,Terceiro,Típico com afastamento,,Sim,Eletrobras,Expansão,Masculino,47,6 meses a 1 ano,Terça- feira,16,4,2024,10:00 - 11:00,Empresa,Dupla,Cachoeira Paulista,SP,SE Cachoeira Paulista,-22.630962350000001,-45.035328819999997,VP Engenharia de Expansão,Engenharia,EEIT - Implantação da Transmissão,EEITF - Transmissão Furnas,-,45399,45405,7,0,Não,0,45404,Ferramenta Manual,"Laceração, Corte",Mão Esquerda,Baixo,11,Médio,2 - Percepção de Risco,(em investigação),,,,,,,,45398,Transmissão
1,Terceiro,Quase Acidente,,Sim,CHESF,Transmissão,Masculino,,,Sexta-feira,3,5,2024,16:00 - 17:00,Empresa,Individual,Caetité,BA,SE Igaporã III ,-13.7753772211022,-42.579440925505203,VP Operações e Segurança,Operações,OOT.C,OOTB.C,OOTBA.C,,,,,,,,Outros,Sem Lesões,,,15,Baixo,Outros,,,,,,,,,45415,
1,Próprio,Quase Acidente,,Não,Eletrobras,Transmissão,Masculino,52,20 a 25 anos,Segunda - feira,15,4,2024,16:00 - 17:00,Via pública,Dupla,Cajati,SP,Rod. Regis Bittencourt km 503 sul,-24.776575699999999,-48.210479800000002,VP Operações e Segurança,Operações,OOT.F - Produção da Transmissão,OOTM.F - Gerência Minas e Vitória,OOTME.F - Op. Minas,N/A,N/A,N/A,N/A,,N/A,N/A,,,,,4,Alto,8 - Veículos e Equipamentos Móveis,Excesso de velocidade,,,,,,,,45397,
1,Próprio,Quase Acidente,Sim,Sim,CHESF,Transmissão,Masculino,43,Acima de 10 anos,Terça- feira,23,4,2024,07:00 - 08:00,Empresa,Individual,Camaçari,BA,SE Camaçari,-12.5983242027919,-38.345544059159899,VP Operações e Segurança,Operações,OOT.C ,OOTS.C ,OOTSE.C,,,,,,,,Carro - Colisão ,Sem Lesões,,,15,Baixo,8 - Veículos e Equipamentos Móveis,,,,,,,,,45405,
1,Terceiro,Quase Acidente,Sim,Sim,CHESF,Transmissão,Masculino,40,Até 6 meses,Quinta - feira,14,3,2024,18:00 - 19:00 ,Via pública,Dupla,Camaçari,BA,BR 324,-12.6191282674377,-38.343580665051697,VP Operações e Segurança,Operações, OOT.C ,OOTS.C , OOTSE.C,45365,45365,0,0,Não,0,,Carro - Colisão ,Sem Lesões,,Baixo,11,Médio,8 - Veículos e Equipamentos Móveis,,,,,,,,,45365,
1,Terceiro,Quase Acidente,,Não,CGT Eletrosul,Expansão,Masculino,41,1 a 3 anos,Sábado,16,11,2024,15:00 - 16:00,Área rural,Equipe,Camaqua,RS,LT nova Santa Rita - Santa Vitória do Palmar - Torre 221,-30.852595000000001,-51.847101100000003,VP Engenharia de Expansão,Engenharia,Gestão da Implantação da Transmissão,EETIS,-,-,-,-,-,Não,-,-,Golpeado por (atingido por objeto em movimento),Sem Lesões,Cabeça,,5,Alto,6 - Linha de Perigo,Em Investigação,,,,,,,,45612,Transmissão
1,Terceiro,Quase Acidente,,Não,Eletrobras,Adm,Feminino,56,1 a 3 anos,Segunda - feira,11,11,2024,11:00 - 12:00,Empresa,Individual,Campinas,SP,SE Campinas,-22.776899,-47.002862999999998,VP Suprimentos e Serviços,VSS,CS.G - SUP COORD REGIONAL CSC SUDESTE,CSL.G - DEP LOGISTICA,CSLS.G - DIV OPER LOGIST ALMOX SP,N/A,N/A,N/A,N/A,,N/A,N/A,,,,,15,Baixo,2 - Percepção de Risco,(em investigação),,,,,,,,45607,
1,Terceiro,Típico com afastamento,,Sim,Eletrobras,Adm,Masculino,32,1 a 3 anos,Terça- feira,5,11,2024,09:00 - 10:00,Empresa,Equipe,Campinas,SP,SE Campinas,-22.770527999999999,-47.001455999999997,VP Suprimentos e Serviços,VSS,CS.G - SUP COORD REGIONAL CSC SUDESTE,CSL.G - DEP LOGISTICA,CSLS.G - DIV OPER LOGIST ALMOX SP,45601,45614,14,0,Não,,45618,Golpeado por (atingido por objeto em movimento),Fratura,Pé Direito,Baixo,11,Médio,2 - Percepção de Risco,Falha no planejamento da Atividade,Inexistência de procedimentos para carregamento e descarregamento de materiais nos aumoxarifados da Eletrobras,Ausência do treinamento referente a NR6 – equipamento de proteção individual,"Falha na supervisão - monitoramento insuficiente, ausência de controle ",Falha de gestão no controle e entrega do EPI,,,,45601,
1,Terceiro,Típico com afastamento,,Sim,CGT Eletrosul,CSC,Masculino,38,1 a 3 anos,Terça- feira,21,5,2024,10:00 - 11:00,Empresa,Individual,Campo Belo do Sul,SC,PCH João Borges,-27.71611,-50.658029999999997,VP Suprimentos e Serviços,VSS,DPS - Departamento de produto e qualidade da unidade sul,DIMP - Divisão de Gestão de Manutenção Predial,SEGIC - Setor de Gestão de Infraestrutura ,45433,45447,15,Não,Não,N/A,45440,Ferramenta Manual,Fratura,Dedo da mão Direita,Médio,11,Médio,11 - Não se Aplica,,,,,,,,,45433,
1,Próprio,Quase Acidente,,Não,CGT Eletrosul,Geração - Hidráulica,Masculino,53,Até 6 meses,Terça- feira,2,7,2024,08:00 - 09:00,Empresa,Equipe,Campo Belo do Sul,RS,UHPJ,-28.1309,-55.054459999999999,VP Operações e Segurança,Operações,OOG.S - Produção de Geração e Transmissão,OOGR.S - Produção de Geração Renovável,,N/A,N/A,N/A,Não,Não,N/A,N/A,,,,,10,Médio,2 - Percepção de Risco,,,,,,,,,45475,
1,Próprio,Típico sem afastamento,,Sim,CGT Eletrosul,Geração - Hidráulica,Masculino,31,6 meses a 1 ano,Quinta - feira,31,10,2024,15:00 - 16:00,Empresa,Equipe,Campo Belo do Sul,SC,UHJB,-27.715901500000001,"	
-50,7190712",VP Operações e Segurança,Operações,OOG.S - Produção de Geração e Transmissão,OOGR.S - Produção de Geração Renovável,,N/A,N/A,N/A,Não,Não,N/A,45601,Outros,Outros,Perna Direita,Baixo,15,Baixo,2 - Percepção de Risco,,,,,,,,,45596,
1,Terceiro,Típico sem afastamento,,Sim,CGT Eletrosul,CSC,Masculino,44,Até 6 meses,Segunda - feira,15,1,2024,15:00 - 16:00,Empresa,Dupla,Campo Grande,MS,SE Campo Grande,-20.469639999999998,-54.528399999999998,VP Suprimentos e Serviços,VSS,FR.S Administrativa e Financeira,DPS Departamento de Produtividade e Qualidade da Unidade Sul.,"DIMP - Divisão  de Gestão e Manutenção Predial, Segurança Patrimonial e de Bens Patrimoniais.",,,0,Não,Não,N/A,,Animal,Sem Lesões,Não se Aplica,Baixo,11,Médio,2 - Percepção de Risco,,,,,,,,,45306,
1,Terceiro,Típico sem afastamento,,Sim,CGT Eletrosul,CSC,Feminino,46,6 meses a 1 ano,Sexta-feira,26,1,2024,09:00 - 10:00,Empresa,Individual,Campo Grande,MS,SE Campo Grande,-20.469639999999998,-54.528399999999998,VP Suprimentos e Serviços,VSS,FR.S Administrativa e Financeira,DPS Departamento de Produtividade e Qualidade da Unidade Sul.,"DIMP - Divisão  de Gestão e Manutenção Predial, Segurança Patrimonial e de Bens Patrimoniais.",,,0,Não,Não,N/A,,Animal,Lesão,Partes Múltiplas,Baixo,11,Médio,11 - Não se Aplica,,,,,,,,,45317,
1,Próprio,Desvio Crítico,,Não,CGT Eletrosul,Transmissão,,,N/A,Quinta - feira,16,5,2024,17:00 - 18:00,Empresa,Equipe,Campo Grande,MS,SE Campo Grande,-20.406948,-54.528419999999997,VP Operações e Segurança,Operações,OOG.S - Produção de transmissã,OOGN.S - Produção de transmissão gerência norte,OOGNC.S - Divisão de produção de transmissão Campo Grande ,N/A,N/A,N/A,Não,Não,N/A,N/A,,,,,4,Alto,4 - Eletricidade,,,,,,,,,45428,
1,Próprio,Quase Acidente,Sim,Sim,CHESF,Transmissão,Masculino,48,Acima de 10 anos,Quinta - feira,12,9,2024,16:00 - 17:00,Via pública,Individual,Campo Maior,PI,SE Teresina,-5.1258011325578297,-42.799752221017798,VP Operações e Segurança,Operações,OO.C,OOT.C,OOTFA.C,,,,,,,,,Sem Lesões,,,15,Baixo,8 - Veículos e Equipamentos Móveis,,,,,,,,,45547,
1,Terceiro,Quase Acidente,,Sim,CHESF,Transmissão,Masculino,24,Até 6 meses,Quinta - feira,26,9,2024,09:00 - 10:00,Área rural,Equipe,Campo Maior,PI,LT 04S1 TSA/PRI - Estrutura 84/1,-4.8228347893565102,-42.167380431626398,VP Operações e Segurança,Operações,OO.C,OOT.C,OOTF.C,,,,,,,,Eletricidade,Sem Lesões,,,15,Baixo,4 - Eletricidade,,,,,,,,,45561,
1,Terceiro,Quase Acidente,,Não,Eletrobras,Transmissão,,,,Quinta - feira,23,5,2024,14:00 - 15:00,Área rural,Equipe,Campos dos Goytacazes,RJ,"LT 345kV Campos - Macaé Merchant, C. 2",-21.722626000000002,-41.357796,VP Operações e Segurança,Operações,OOT.F - Produção da Transmissão,OOTM.F - Gerência Minas e Vitória,OOTMF.F - Man. Campos e Macaé,N/A,N/A,N/A,N/A,,N/A,N/A,,,,,11,Médio,3 - Trabalho em Altura,Falha no sistema de sustentação ,Número elevado de materiais içados simultaneamente,,,,,,,45435,
1,Terceiro,Quase Acidente,,Não,Eletrobras,Transmissão,,,,Quinta - feira,12,9,2024,14:00 - 15:00,Área rural,Equipe,Campos dos Goytacazes,RJ,LT 345kV CMSRNS1 - T.99,-21.367675999999999,-41.356014000000002,VP Operações e Segurança,Operações,OOT.F - Produção da Transmissão,OOTM.F - Gerência Minas e Vitória,OOTMF.F - Man. Campos e Macaé,N/A,N/A,N/A,N/A,,N/A,N/A,,,,,4,Alto,3 - Trabalho em Altura,(em investigação),,,,,,,,45547,
1,Próprio,Trajeto com afastamento,,Sim,Eletrobras,Transmissão,Masculino,> 60,10 a 15 anos,Quarta - feira,21,2,2024,06:00 - 07:00,,Individual,Campos dos Goytacazes,RJ,SE Campos,-21.718611111901001,-41.337499999999999,VP Operações e Segurança,Operações,OOL.F - Produção Leste,OOLV.F - Produção Vitoria,OOLVC.F - Operação de Campos e Macaé,45344,45358,15,0,Não,,45350,Moto - Queda,Fratura,Tórax,Médio,7,Alto,8 - Veículos e Equipamentos Móveis,Obstáculo recém implementado e ausência de sinalização,Condições climáticas,,,,,,,45343,
1,Terceiro,Trajeto com afastamento,,Não,CGT Eletrosul,CSC,Feminino,48,1 a 3 anos,Sexta-feira,4,10,2024,06:00 - 07:00,Via pública,Individual,Campos Novos,SC,SE Campos Novos,-27.373989999999999,-51.203119999999998,VP Suprimentos e Serviços,VSS,DPS - Departamento de produto e qualidade da unidade sul,DIMP - Divisão de Gestão de Manutenção Predial,SEGIC - Setor de Gestão de Infraestrutura,45570,45573,3,Não,Não,N/A,45569,Carro - Capotamento,"Escoriação, Abrasão",Cabeça,Médio,11,Médio,8 - Veículos e Equipamentos Móveis,,,,,,,,,45569,
1,Terceiro,Quase Acidente,,Sim,CHESF,Transmissão,,,,Terça- feira,6,2,2024,09:00 - 10:00,Área rural,Equipe,Canapi,AL,LT 04Z9 STN/AGL  EST. 22-6 ,-9.1110466331426299,-37.604512522513403,VP Operações e Segurança,Operações,OOS.C - PRODUÇÃO SUL,OOSP.C - OPER REGIONAL DE PAULO AFONSO,OOSPT.C - MANUT DA TRANS DE PAULO AFONSO,,,,,,,,Ferramenta Manual,Sem Lesões,,,16,Baixo,3 - Trabalho em Altura,Utilização inadequada do olhal.,Ausência de identificação do risco na APR.,,,,,,,45328,
1,Terceiro,Quase Acidente,,Sim,Eletronorte,Geração - Hidráulica,Masculino,33,6 meses a 1 ano,Quarta - feira,12,6,2024,18:00 - 19:00 ,Empresa,Individual,Candeias do Jamari,RO,UHE Samuel,-8.7618299999999998,-63.090200000000003,VP Operações e Segurança,Operações,Superintendência de Coordenação Regional do CSC Norte,Departamento de Manutenção da Geração Hidráulica Oeste,Divisão de Segurança Patrimonial - GSCIS,,,0,0,Não,0,,Ato de Agressão,Sem Lesões,Não se Aplica,Baixo,4,Alto,Outros,,,,,,,,,45455,
1,Terceiro,Típico sem afastamento,,Sim,CGT Eletrosul,Transmissão,Masculino,28,Até 6 meses,Segunda - feira,29,1,2024,10:00 - 11:00,Área rural,Equipe,Candiota,RS,LT Candiota,-31.575130000000001,-53.686799999999998,VP Operações e Segurança,Operações,OOG.S - Produção de transmissão,OOGS.S - produção de transmissão gerência sul,,,,0,Não,Não,N/A,45320,"303010900 - Ferramenta manual sem força motriz, NIC","702005000 - Escoriação, abrasão (ferimento superficial)","753070500 - Boca (inclusive lábios, dentes, língua, garganta e paladar)",Baixo,11,Médio,2 - Percepção de Risco,,,,,,,,,45320,
1,Próprio,Quase Acidente,,Não,CGT Eletrosul,Transmissão,Masculino,50,Acima de 10 anos,Domingo,21,1,2024,15:00 - 16:00,Área rural,Individual,Candiota,RS,LT Candiota,-31.560410600000001,-53.675587899999996,VP Operações e Segurança,Operações,OOG.S - Produção de transmissão,OOGS.S - produção de transmissão gerência sul,,,,N/A,Não,Não,N/A,,Golpeado por (atingido por objeto em movimento),,,,4,Alto,2 - Percepção de Risco,,,,,,,,,45312,
1,Terceiro,Quase Acidente,Sim,Sim,CHESF,Transmissão,Masculino,46,6 meses a 1 ano,Quarta - feira,7,8,2024,16:00 - 17:00,Empresa,Equipe,Canindé de São Francisco,SE,SE de Xingó,-9.6328535086347298,-37.795858616959997,VP Operações e Segurança,Operações,OOT.C,OOTB.C,OOTBB.C,,,,,,,,Carro - Colisão ,Sem Lesões,,,15,Baixo,8 - Veículos e Equipamentos Móveis,,,,,,,,,45511,
1,Terceiro,Quase Acidente,,Sim,CHESF,Geração - Hidráulica,Masculino,38,Até 6 meses,Quinta - feira,29,2,2024,11:00 - 12:00,Empresa,Equipe,Canindé de São Francisco,SE,UHE de Xingó,-9.6275109000000008,-37.798346299999999,VP Operações e Segurança,Operações,OOS.C - PRODUÇÃO SUL,OOSP.C - OPER REGIONAL DE PAULO AFONSO,OOSPX.C,,,,,,,,Outros,Sem Lesões,,,14,Baixo,Outros,,,,,,,,,45351,
1,Terceiro,Quase Acidente,,Sim,CHESF,Geração - Hidráulica,Masculino,42,1 a 3 anos,Terça- feira,22,10,2024,,Empresa,Individual,Canindé de São Francisco,SE,UHE de Xingó,-9.6203761653190707,-37.792745817155399,VP Operações e Segurança,Operações,OO.C , OOG.C , OOGXI.C ,,,,,,,,Passarela/ plataforma permanentes - superfície utilizada para sustentar pessoas,Sem Lesões,,,16,Baixo,8 - Veículos e Equipamentos Móveis,,,,,,,,,45587,
1,Próprio,Quase Acidente,,Não,Eletrobras,Transmissão,Masculino,34,6 meses a 1 ano,Segunda - feira,11,11,2024,13:00 - 14:00,Área rural,Equipe,Capitólio,MG,"LT 345 kV Furnas Pimenta, torre 80",-20.575189999999999,-46.108629999999998,VP Operações e Segurança,Operações,OOT.F - Produção da Transmissão,OOTM.F - Gerência Minas e Vitória,OOTMC.F - Man. Minas,N/A,N/A,N/A,N/A,,N/A,N/A,,,,,11,Médio,8 - Veículos e Equipamentos Móveis,"O relevo do local foi favorável ao acúmulo de lama, gerado pelas chuvas ocorridas nos dias anteriores.",,,,,,,,45607,
1,Próprio,Quase Acidente,,Não,Eletrobras,Transmissão,Masculino,48,Até 6 meses,Terça- feira,1,10,2024,14:00 - 15:00,Via pública,Individual,Cariacica,ES,"BR 101, km 285",-20.2504227573408,-40.3721258133059,VP Operações e Segurança,Operações,OOT.F - Produção da Transmissão,OOTM.F - Gerência Minas e Vitória,OOTMB.F - O&M Vitória,N/A,N/A,N/A,N/A,,N/A,N/A,,,,,4,Alto,8 - Veículos e Equipamentos Móveis,Não observou a distância segura do veículo a frente ,Velocidade incompatível (acima de 100 km/h),,,,,,,45566,
1,Terceiro,Quase Acidente,Sim,Sim,CHESF,CSC,Masculino,37,Até 6 meses,Terça- feira,25,6,2024,14:00 - 15:00,Via pública,Dupla,Casa Nova,BA,Via Pública,-9.27401739607037,-41.037229619094298,VP Suprimentos e Serviços,VSS,DF.C,SGC,DGCIA,,,,,,,,Incêndio,Sem Lesões,,,7,Alto,8 - Veículos e Equipamentos Móveis,,,,,,,,,45468,
1,Terceiro,Quase Acidente,Sim,Sim,CHESF,CSC,Masculino,46,Até 6 meses,Terça- feira,25,6,2024,14:00 - 15:00,Via pública,Dupla,Casa Nova,BA,Via Pública,-9.27401739607037,-41.037229619094298,VP Suprimentos e Serviços,VSS,DF.C,SGC,DGCIA,,,,,,,,Incêndio,Sem Lesões,,,7,Alto,8 - Veículos e Equipamentos Móveis,,,,,,,,,45468,
1,Terceiro,Quase Acidente,Sim,Sim,CHESF,Expansão,,,,Sexta-feira,19,4,2024,00:00 - 01:00 ,Empresa,Equipe,Casa Nova,BA,Parque Eólico Casa Nova A,-9.27401739607037,-41.037229619094298,VP Suprimentos e Serviços,VSS,VEE,EEIG,EEIGS,,,,,,,,Carro - Colisão ,Sem Lesões,,,11,Médio,8 - Veículos e Equipamentos Móveis,,,,,,,,,45401,
1,Terceiro,Típico sem afastamento,,Sim,CHESF,Transmissão,Masculino,26,6 meses a 1 ano,Domingo,3,3,2024,14:00 - 15:00,Área rural,Equipe,Catu,BA,"LT 126/2 Linha 04L1, 230kv",-12.3417577937768,-38.386281814662603,VP Operações e Segurança,Operações,OOS.C - PRODUÇÃO SUL,OOSS.C - OPERAÇÃO REGIONAL DE SALVADOR,OOSSC.C - MANUT DA TRANS DE CAMAÇARI,45354,45354,7,0,Sim,0,45355,Ferramenta Manual,"Laceração, Corte",Mão Esquerda,Baixo,11,Médio,4 - Eletricidade,,,,,,,,,45354,
1,Terceiro,Quase Acidente,,Sim,CHESF,Transmissão,,,,Quinta - feira,18,7,2024,18:00 - 19:00 ,Empresa,Equipe,Catu,BA,SE Catu,-12.399563630820399,-3.83618940785485,VP Operações e Segurança,Operações,OOT.C,OOTS.C,OOTSE.C,,,,,,,,Eletricidade,Sem Lesões,,,15,Baixo,4 - Eletricidade,,,,,,,,,45491,
1,Terceiro,Quase Acidente,,Sim,CHESF,Transmissão,Masculino,44,3 a 6 anos,Segunda - feira,15,7,2024,15:00 - 16:00,Empresa,Equipe,Catu,BA,SE Catu,-12.399563630820399,-3.83618940785485,VP Operações e Segurança,Operações,OOT.C,OOTS.C,OOTSE.C,,,,,,,,Eletricidade,Sem Lesões,,,15,Baixo,4 - Eletricidade,,,,,,,,,45488,
1,Próprio,Típico sem afastamento,,Sim,CHESF,Transmissão,Masculino,22,6 meses a 1 ano,Domingo,30,6,2024,13:00 - 14:00,Empresa,Individual,Caucaia,CE,SE Caucaia,-3.45859105286456,-38.902587801783497,VP Operações e Segurança,Operações,OO,,OOTFF.C,45473,45475,3,0,Sim,0,45477,Eletricidade,Outros,Face,Baixo,14,Baixo,4 - Eletricidade,,,,,,,,,45473,
1,Próprio,Quase Acidente,,Não,CGT Eletrosul,Transmissão,Masculino,48,Acima de 10 anos,Quarta - feira,10,4,2024,07:00 - 08:00,Via pública,Individual,Caxias do Sul,RS,Divisão Regional de Farroupilha,-29.179320000000001,-51.231319999999997,VP Operações e Segurança,Operações,OOG.S - Produção de transmissão,OOGS.S - Produção de transmissão gerência sul,OOGSF.S,N/A,N/A,N/A,Não,Não,N/A,N/A,Carro - Colisão ,Sem Lesões,Não se Aplica,,11,Médio,8 - Veículos e Equipamentos Móveis,,,,,,,,,45392,
1,Terceiro,Típico com afastamento,,Sim,Eletrobras,CSC,Feminino,22,Até 6 meses,Quinta - feira,26,9,2024,09:00 - 10:00,Empresa,Individual,Chapada dos Guimarães,MT,UHE Manso,-14.904713232200001,-55.738556846999998,VP Suprimentos e Serviços,VSS,CS.G - SUP COORD REGIONAL CSC SUDESTE,CSI.G - DEP INFRA E SERV GERAIS,CSGO.G - DIV INFRA SERV GERAIS GO,45562,45563,1,0,Não,,45580,Eletricidade,Choque Elétrico,Mão Esquerda,Médio,4,Alto,4 - Eletricidade,Transformador com cabo danificado,Baixa percepção de risco,Ausência de procedimentos para manipulação de equipamentos portáteis,Projeto do equipamento inadequado e ultrapassado,,,,,45561,
1,Próprio,Quase Acidente,,Sim,CHESF,Transmissão,Masculino,54,Acima de 10 anos,Sexta-feira,18,10,2024,09:00 - 10:00,Via pública,Individual,Chorozinho,CE,Via Pública,-4.2983947610208899,-38.499546044790399,VP Operações e Segurança,Operações,OOT.C,OOTF,OOTFB.C ,,,,,,,,Carro - Colisão ,Sem Lesões,,,10,Médio,8 - Veículos e Equipamentos Móveis,,,,,,,,,45583,
1,Terceiro,Quase Acidente,,Sim,CHESF,Transmissão,,,,Sábado,7,12,2024,07:00 - 08:00,Empresa,Equipe,Cícero Dantas,BA,Subestação Cícero Dantas,-10.5931940516351,-38.383312387211703,VP Operações e Segurança,Operações,OOT.C,OOTBB.C,OOTBB.C,,,,,,,,Eletricidade,Sem Lesões,,,15,Baixo,4 - Eletricidade,,,,,,,,,45633,
1,Terceiro,Típico com afastamento,,Sim,CHESF,Transmissão,Masculino,44,Até 6 meses,Quarta - feira,6,3,2024,07:00 - 08:00,Área rural,Equipe,Ibaretama ,CE,LT QUIXADÁ/FORTALEZA II 05V5,-4.8178093253456602,-38.8223787278801,VP Operações e Segurança,Operações,OOT.C,OOTF.C,OOTFB.C,45357,45362,5,0,Não,0,45357,Transporte manual de carga,Luxação,Joelho,Médio,11,Médio,8 - Veículos e Equipamentos Móveis,,,,,,,,,45357,
1,Terceiro,Quase Acidente,,Não,Eletrobras,CSC,Masculino,39,Até 6 meses,Segunda - feira,27,5,2024,16:00 - 17:00,Empresa,Equipe,Ibiraci,MG,UHE Mascarenhas de Moraes,-20.473113999999999,-47.132035999999999,VP Suprimentos e Serviços,VSS,CS.G - SUP COORD REGIONAL CSC SUDESTE,CSI.G - DEP INFRA E SERV GERAIS,CSMG.G - DIV INFRA SERV GERAIS MG,N/A,N/A,N/A,N/A,,N/A,N/A,,,,Baixo,15,Baixo,6 - Linha de Perigo,Distância inadequada: Operar a roçadeira sem manter uma distância segura de outras pessoas ou objetos,,,,,,,,45439,
1,Terceiro,Quase Acidente,,Não,Eletrobras,CSC,Masculino,> 60,Até 6 meses,Sexta-feira,13,9,2024,14:00 - 15:00,Empresa,Equipe,Ibiraci,MG,UHE Mascarenhas de Moraes,-20.337987200749001,-47.024405399999999,VP Suprimentos e Serviços,VSS,CS.G - SUP COORD REGIONAL CSC SUDESTE,CSI.G - DEP INFRA E SERV GERAIS,CSMG.G - DIV INFRA SERV GERAIS MG,N/A,N/A,N/A,N/A,,N/A,N/A,,,,,11,Médio,2 - Percepção de Risco,Material/galho solto nas árvores com vegetação densa (que não estão próximos à rede da Cemig),Material/galho solto e poda nas árvores que estão próximos à rede da Cemig,,,,,,,45548,
1,Terceiro,Quase Acidente,,Não,Eletrobras,Geração - Hidráulica,Masculino,23,1 a 3 anos,Quinta - feira,21,11,2024,04:00 - 05:00,Empresa,Individual,Ibiraci,MG,UHE Mascarenhas de Moraes,-20.28463,-47.067231,VP Operações e Segurança,Operações,OOG.F - Produção da Geração,OOGM.F - Gerência de Minas Gerais,OOGMA.F - Operação LCB M. Moraes,N/A,N/A,N/A,N/A,,N/A,N/A,,,,,15,Baixo,8 - Veículos e Equipamentos Móveis,(em investigação),,,,,,,,45617,
1,Terceiro,Trajeto com afastamento,,Sim,Eletrobras,CSC,Masculino,36,Até 6 meses,Quarta - feira,25,12,2024,05:00 - 06:00,Via pública,Individual,Ibiraci,MG,UHE Mascarenhas de Moraes,-20.367363999999998,-47.104160999999998,VP Suprimentos e Serviços,VSS,-,SSCIS - Gerência CSC Infraestrutura,SSCISS - Gestão de Segurança,45651,45655,4,0,Não,,,Carro - Capotamento,Fratura,Dedo do pé Direito,Médio,11,Médio,8 - Veículos e Equipamentos Móveis,Falta de atenção na condução do veículo,,,,,,,,45651,
1,Terceiro,Típico com afastamento,,Sim,Eletrobras,Geração - Hidráulica,Masculino,> 60,3 a 6 anos,Quarta - feira,10,1,2024,08:00 - 09:00,Empresa,Individual,Ibiraci,MG,UHE Mascarenhas de Moraes,-20.473113999999999,-47.132035999999999,VP Operações e Segurança,Operações,CS.G - SUP COORD REGIONAL CSC SUDESTE,CSI.G - DEP INFRA E SERV GERAIS,CSMG.G - DIV INFRA SERV GERAIS MG,45302,45302,1,0,Não,N/A,45303,Animal,Outros,Partes Múltiplas,Baixo,11,Médio,2 - Percepção de Risco,Arranjo Físico Inadequado,Falta de organização do local,,,,,,,45301,
1,Terceiro,Típico com afastamento,,Sim,Eletrobras,CSC,Masculino,19,6 meses a 1 ano,Quinta - feira,4,4,2024,08:00 - 09:00,Empresa,Individual,Ibiraci,MG,UHE Mascarenhas de Moraes,-20.473113999999999,-47.132035999999999,VP Suprimentos e Serviços,VSS,CS.G - SUP COORD REGIONAL CSC SUDESTE,CSI.G - DEP INFRA E SERV GERAIS,CSMG.G - DIV INFRA SERV GERAIS MG,45386,45395,10,0,Não,,45386,Ferramenta Manual,"Laceração, Corte",Braço Esquerdo,Médio,11,Médio,9 - Trabalho a Quente,Uso inadequado do equipamento ao tentar cortar material (mole),Falta de treinamento adequado,Melhorias nas APRs e DDS(s) ,Ato inseguro na execução das atividades,,,,,45386,
1,Terceiro,Quase Acidente,,Sim,CHESF,Transmissão,Masculino,45,,Quinta - feira,21,11,2024,10:00 - 11:00,Via pública,Equipe,Ibirapitanga,BA,LT STJ FNL U2 04F2,-14.160839534581999,-39.366594910335799,VP Operações e Segurança,Operações,OOT.C,OOTS.C,OOTSF.C,,,,,,,,Outros,Sem Lesões,,,11,Médio,Outros,,,,,,,,,45617,
1,Próprio,Típico sem afastamento,,Sim,Eletrobras,Transmissão,Masculino,49,6 a 10 anos,Segunda - feira,2,12,2024,15:00 - 16:00,Empresa,Individual,Ibiúna,SP,SE Ibiúna,-23.65775223,-47.10382748,VP Operações e Segurança,Operações,OOT.F - Produção da Transmissão,OOTP.F - Gerência Parana e São Roque,OOTPF.F - Man. Ibiúna,N/A,N/A,N/A,N/A,Não,N/A,45646,"Golpeado contra (correndo em direção, tropeçando em)","Laceração, Corte",Perna Direita,Médio,10,Médio,2 - Percepção de Risco,(em investigação),,,,,,,,45628,
1,Próprio,Quase Acidente,Sim,Sim,CHESF,Transmissão,Masculino,50,Acima de 10 anos,Segunda - feira,7,10,2024,09:00 - 10:00,Via pública,Individual,Icó,CE,SE Icó,-6.4069845388468503,-38.882385066101001,VP Operações e Segurança,Operações,OOT.C,OOTF.C,OOTFI.C,,,,,,,,Carro - Colisão ,Sem Lesões,,,13,Médio,8 - Veículos e Equipamentos Móveis,,,,,,,,,45572,
1,Terceiro,Típico com afastamento,,Sim,CGT Eletrosul,CSC,Masculino,39,Até 6 meses,Segunda - feira,19,8,2024,09:00 - 10:00,Empresa,Individual,Ijuí,RS,SE IJUI 2,-28.388110000000001,-53.92248,VP Suprimentos e Serviços,VSS,DPS - Departamento de produto e qualidade da unidade sul,DIMP - Divisão de Gestão de Manutenção Predial,SEGIC - Setor de Gestão de Infraestrutura ,45523,45543,20,Não,Não,N/A,45524,"Golpeado contra (correndo em direção, tropeçando em)",Luxação,Pé Esquerdo,Médio,11,Médio,11 - Não se Aplica,,,,,,,,,45523,
1,Terceiro,Quase Acidente,,Sim,Eletronorte,Transmissão,,,,Quinta - feira,28,11,2024,11:00 - 12:00,Empresa,Equipe,Imperatriz,MA,SE Imperatriz,-5.4243100000000002,-47.472909999999999,VP Suprimentos e Serviços,VSS,Superintendência de Produção da Transmissão,Departamento de Infraestrutura de Serviços Gerais CSC,,,,,,,,,,,,Baixo,7,Alto,2 - Percepção de Risco,,,,,,,,,45624,
1,Terceiro,Típico com afastamento,,Sim,Eletronorte,CSC,Masculino,40,Até 6 meses,Quinta - feira,5,12,2024,08:00 - 09:00,Empresa,Individual,Imperatriz,MA,SE Imperatriz,-5.4243100000000002,-47.472909999999999,VP Suprimentos e Serviços,VSS,Superintendência de Coordenação Regional do CSC Norte,Departamento de Infraestrutura de Serviços Gerais CSC,,45631,45657,14,,,,45632,Queda com diferença de nível,Fratura,Braço Esquerdo,Médio,8,Alto,2 - Percepção de Risco,,,,,,,,,45631,
1,Terceiro,Típico sem afastamento,,,CHESF,Expansão,Masculino,,Até 6 meses,Quinta - feira,12,9,2024,10:00 - 11:00,Empresa,Individual,Ipojuca,PE,SE Suape,,,VP Engenharia de Expansão,Engenharia,Gestão da Implantação da Transmissão,EETI.C,-,-,-,-,-,Não,-,45547,Ferramenta Manual,Sem Lesões,Braço Esquerdo,Baixo,16,Baixo,2 - Percepção de Risco,Procedimento não definia área considerada como distância de segurança (isolamento e sinalização).,"Velocidade excessiva no final de curso do desenrolamento do cabo Incorretamente. 
",,,,,,,45547,Transmissão
1,Próprio,Quase Acidente,Sim,Sim,CHESF,Geração - Hidráulica,Masculino,46,Acima de 10 anos,Sexta-feira,26,4,2024,15:00 - 16:00,Via pública,Individual,Irajuba,BA,UHE de Pedra,-13.8687337653633,-40.2355116785089,VP Operações e Segurança,Operações,OO.C,OOG.C,OOGBC.C,,,,,,,,Carro - Colisão ,Sem Lesões,,,4,Alto,8 - Veículos e Equipamentos Móveis,,,,,,,,,45408,
1,Terceiro,Quase Acidente,,Sim,CHESF,Transmissão,Masculino,41,6 meses a 1 ano,Quinta - feira,25,1,2024,08:00 - 09:00,Área rural,Equipe,Irauçuba,CE,"LT 230 KV, 04S2 SOBRAL II/ CAUÍPE",-3.74296441643718,-39.799518968405998,VP Operações e Segurança,Operações,OON.C - PRODUÇÃO NORTE,OONF.C - OPERAÇÃO REGIONAL DE FORTALEZA,OONFT.C - MANUT DA TRANS DE FORTALEZA,,,,0,Não,0,,Mal subito,Sem Lesões,,,15,Baixo,Outros,,,,,,,,,45316,
1,Próprio,Típico sem afastamento,,Sim,CGT Eletrosul,Transmissão,Masculino,31,Até 6 meses,Quinta - feira,9,5,2024,11:00 - 12:00,Empresa,Dupla,Itá,SC,SE Ita,-27.269939999999998,-52.397190000000002,VP Operações e Segurança,Operações,OOG.S - Produção de transmissão,OOGS.S - Produção de transmissão gerência sul,OOGSX.S - Divisão de produção de transmissão Xanxerê,N/A,N/A,0,Não,Não,N/A,45426,Outros,Esmagamento,Dedo da mão Direita,Baixo,11,Médio,2 - Percepção de Risco,,,,,,,,,45421,
1,Terceiro,Trajeto com afastamento,,Sim,CGT Eletrosul,CSC,Masculino,52,1 a 3 anos,Quarta - feira,17,7,2024,05:00 - 06:00,Via pública,Individual,Itá,SC,SE Ita,-27.273219999999998,-52.407330000000002,VP Suprimentos e Serviços,VSS,DPS - Departamento de produto e qualidade da unidade sul,DIMP - Divisão de Gestão de Manutenção Predial,SEGIC - Setor de Gestão de Infraestrutura ,45491,45492,1,Não,Não,N/A,45492,Moto - Queda,Lesão,Braço Esquerdo,Médio,2,Crítico,8 - Veículos e Equipamentos Móveis,,,,,,,,,45490,
1,Terceiro,Quase Acidente,,Sim,CHESF,Transmissão,Masculino,26,1 a 3 anos,Terça- feira,11,6,2024,09:00 - 10:00,Empresa,Individual,Itabaiana,SE,SE Itabaiana,-10.649128702518301,-37.456578930970799,VP Operações e Segurança,Operações,OOT.C,OOTS.C,OOTSA.C,,,,,,,,Animal,Sem Lesões,,,15,Baixo,Outros,,,,,,,,,45454,
1,Terceiro,Quase Acidente,Sim,Sim,CHESF,Transmissão,Masculino,> 60,Até 6 meses,Segunda - feira,30,9,2024,12:00- 13:00,Via pública,Individual,Itabaiana,SE,SE 235,-10.686627772302501,-37.428597755056998,VP Operações e Segurança,Operações,GCSS.C,GCSS.C,GCSST.C,,,,,,,,Carro - Colisão ,Sem Lesões,,,13,Médio,Outros,,,,,,,,,45565,
1,Terceiro,Típico com afastamento,,Sim,Eletrobras,Expansão,Masculino,44,6 meses a 1 ano,Sexta-feira,23,2,2024,09:00 - 10:00,Empresa,Equipe,Itatiaia,RJ,UHE Funil,-22.528611111924999,-44.568055555556001,VP Engenharia de Expansão,Engenharia,EECP - Planejamento e Controle Projetos,EECP.F - Parceiros de Negócio Engenharia,-,45345,45345,1,0,Não,,45345,Escorregou/Desequilibrou,Luxação,Perna Direita,Baixo,15,Baixo,2 - Percepção de Risco,Tipo de terreno,Condições climáticas,,,,,,,45345,Geração
1,Terceiro,Típico sem afastamento,,Sim,Eletrobras,Expansão,Masculino,> 60,1 a 3 anos,Quinta - feira,28,3,2024,08:00 - 09:00,Empresa,Dupla,Itumbiara,GO,SE Itumbiara,-,-,VP Engenharia de Expansão,Engenharia,Gestão da Implantação de Transmissão,-,-,-,-,0,-,Não,-,45383,Outros,"Escoriação, Abrasão",Pé esquerdo,Baixo,16,Baixo,2 - Percepção de Risco,Equipamento de proteção ineficaz,Tampa úmida,Método manual de retirada de tampa,Má interpretação de perigo na atividade,,,,,45379,Transmissão
1,Próprio,Típico sem afastamento,,Sim,CHESF,Transmissão,Masculino,58,Acima de 10 anos,Terça- feira,5,3,2024,15:00 - 16:00,Empresa,Individual,Jaboatão dos Guararapes,PE,SE Recife II,-8.1110930488618198,-35.039466493122497,VP Operações e Segurança,Operações,OON.C - PRODUÇÃO NORTE,OONR.C - OPERAÇÃO REGIONAL DE RECIFE,OONRT.C - MANUT DA TRANSMISSÃO DE RECIFE,45356,45356,3,0,Sim,0,45359,Animal,Outros,Face,Baixo,11,Médio,Outros,,,,,,,,,45356,
1,Próprio,Quase Acidente,,Sim,CHESF,CSC,Feminino,32,Até 6 meses,Quarta - feira,10,4,2024,07:00 - 08:00,Via pública,Individual,Jaboatão dos Guararapes,PE,"Av. Zequinha Barreto, Piedade, Jaboatão dos Guararapes ",-8.1568462048331103,-34.9159944479524,VP Suprimentos e Serviços,VSS,,DGCJ,,,,,,,,,Moto - Queda,"Escoriação, Abrasão",Braço Direito,Baixo,13,Médio,8 - Veículos e Equipamentos Móveis,,,,,,,,,45392,
1,Próprio,Quase Acidente,,Sim,CHESF,Geração - Hidráulica,Masculino,22,6 meses a 1 ano,Quarta - feira,29,5,2024,19:00 - 20:00 ,Via pública,Individual,Jaboatão dos Guararapes,PE,BR 232 - Manassu,-8.0945852749587495,-35.0340084270468,VP Operações e Segurança,Operações,OO.C,OOM.C,OOMG.C,,,,,,,,Moto - Colisão,"Escoriação, Abrasão",,,7,Alto,8 - Veículos e Equipamentos Móveis,,,,,,,,,45441,
1,Terceiro,Típico com afastamento,,Sim,CHESF,CSC,Masculino,51,Acima de 10 anos,Quinta - feira,1,2,2024,10:00 - 11:00,Empresa,Individual,Jaboatão dos Guararapes,PE,SE Recife II,-8.1110930488618198,-35.039466493122497,VP Suprimentos e Serviços,VSS,SGC-SUP COORD REGIONAL CSC NORDESTE,DGCI-DEP DE INFRA E SERV GERAIS DO CSC,DGCIV-DIV GES FROTAS VIAGENS SEG PATRIM,45323,45328,5,0,Não,0,45324,Moto - Queda,Traumatismo,Pé Esquerdo,Médio,11,Médio,8 - Veículos e Equipamentos Móveis,,,,,,,,,45323,
1,Terceiro,Típico com afastamento,,Sim,Eletrobras,Transmissão,Masculino,37,1 a 3 anos,Quarta - feira,26,6,2024,14:00 - 15:00,Área rural,Individual,Jaci,SP,LT 500kV Marimbondo - Assis / torre 188,-20.916944445211001,-49.642777777778001,VP Operações e Segurança,Operações,-,-,-,45470,45479,10,0,Não,,45470,Atingido por (pontos agudos ou cortantes),"Laceração, Corte",Perna Esquerda,Médio,4,Alto,2 - Percepção de Risco,Falha no planejamento da Atividade,Ineficácia do treinamento operacional e de segurança,Falha no procedimento - não contemplado das orientações de segurança,Falha na supervisão - monitoramento insuficiente,Falha na especificação técnica do EPI durante a aquisição e ou recebimento,Falha na gestão do EPI,,,45469,
1,Terceiro,Quase Acidente,,Sim,CHESF,Transmissão,,,,Terça- feira,23,1,2024,09:00 - 10:00,Empresa,Equipe,Jaguarari,BA,Subestação de Jaguarari,-10.258753656743499,-40.196603869101601,VP Operações e Segurança,Operações,OOS.C - PRODUÇÃO SUL,OOSB.C - OPERAÇÃO REGIONAL DE SOBRADINHO,OOSBS.C - MANUT DA TRANS DE SOBRADINHO,,,,0,Não,0,,Outros,Sem Lesões,,,15,Baixo,8 - Veículos e Equipamentos Móveis,,,,,,,,,45314,
1,Terceiro,Quase Acidente,,Sim,CHESF,Transmissão,,,,Quinta - feira,28,3,2024,09:00 - 10:00,Área rural,Equipe,Jaguaribe,BA,Estrutura 119/2  LT 04L1 JGRSNB – 230 kV,-10.257951299458799,-40.193986033052298,VP Operações e Segurança,Operações,OOT.C,OOTB.C,OOTBA.C,,,,,,,,Outros,Sem Lesões,,,11,Médio,3 - Trabalho em Altura,,,,,,,,,45379,
1,Terceiro,Quase Acidente,,Sim,CHESF,Transmissão,Masculino,39,1 a 3 anos,Sábado,23,11,2024,09:00 - 10:00,Empresa,Individual,Jaqueira,PE,LT AGLRCD,-8.7276493407032998,-35.795059197773597,VP Operações e Segurança,Operações,OOT.C,OOTR.C,OOTRM.C,,,,,,,,Ferramenta Manual,Lesão,Dedo da mão Direita,,15,Baixo,2 - Percepção de Risco,,,,,,,,,45619,
1,Terceiro,Quase Acidente,,Sim,CHESF,CSC,Masculino,39,6 meses a 1 ano,Sexta-feira,30,8,2024,05:00 - 06:00,Empresa,Individual,Jatobá,PE,Almoxarifado de Jatobá,-9.1835341376758493,-38.269556529245001,VP Suprimentos e Serviços,VSS, CSC ,SSCIS, SSCISS,,,,,,,,Animal,Sem Lesões,Perna Direita,Baixo,11,Médio,Outros,,,,,,,,,45534,
1,Terceiro,Quase Acidente,Sim,Sim,CHESF,CSC,Masculino,46,,Terça- feira,17,9,2024,09:00 - 10:00,Via pública,Individual,Jatobá,PE,Rodovia,-9.1835020402898095,-38.269127423262603,VP Suprimentos e Serviços,VSS,CSC,CSC,CSC,,,,,,,,Carro - Colisão ,Sem Lesões,,,16,Baixo,8 - Veículos e Equipamentos Móveis,,,,,,,,,45552,
1,Terceiro,Típico com afastamento,,Sim,CHESF,Geração - Hidráulica,Masculino,33,Até 6 meses,Sexta-feira,12,1,2024,10:00 - 11:00,Empresa,Equipe,Jequié ,BA,UHE de Pedra,-13.8686712689786,-40.235393661309899,VP Operações e Segurança,Operações,OOS.C - PRODUÇÃO SUL,OOSS.C - OPERAÇÃO REGIONAL DE SALVADOR,OOSSN.C - MANUT DAS USINA FUNIL E FEDRA,45303,45310,7,0,Não,0,45303,Ferramenta Manual,"Laceração, Corte",Mão Esquerda,Médio,11,Médio,Outros,,,,,,,,,45303,
1,Terceiro,Quase Acidente,,Sim,CHESF,Transmissão,,,,Quinta - feira,5,12,2024,10:00 - 11:00,Área rural,Equipe,Jeremoabo,BA,LT 05S5 PAQ/JER,-10.0731512145525,-38.3479307845272,VP Operações e Segurança,Operações,OOT.C,OOTB.C,OOTBB.C,,,,,,,,Eletricidade,Sem Lesões,,,15,Baixo,2 - Percepção de Risco,,,,,,,,,45631,
1,Próprio,Típico sem afastamento,Sim,Sim,CHESF,Transmissão,Masculino,31,Até 6 meses,Quinta - feira,16,5,2024,12:00- 13:00,Área rural,Dupla,João Dourado,BA,LT 04F1 OURIRE – 230 kV,-11.3437945446471,-41.654743696085603,VP Operações e Segurança,Operações,OOT.C,OOTB.C,OOTBA.C,45428,45433,5,0,Sim,0,45453,Carro - Capotamento,Lesão,Tórax,Médio,7,Alto,8 - Veículos e Equipamentos Móveis,,,,,,,,,45428,
1,Próprio,Típico sem afastamento,Sim,Sim,CHESF,Transmissão,Masculino,26,Até 6 meses,Quinta - feira,16,5,2024,12:00- 13:00,Área rural,Dupla,João Dourado,BA,LT 04F1 OURIRE – 230 kV,-11.3437945446471,-41.654743696085603,VP Operações e Segurança,Operações,OOT.C,OOTB.C,OOTBA.C,45428,45433,5,0,Sim,0,45453,Carro - Capotamento,Lesão,Joelho,Médio,7,Alto,8 - Veículos e Equipamentos Móveis,,,,,,,,,45428,
1,Próprio,Quase Acidente,Sim,Sim,CHESF,Transmissão,Masculino,38,Acima de 10 anos,Sexta-feira,25,9,2024,16:00 - 17:00,Via pública,Individual,João Pessoa,PB,BR 101 km90,-7.14515223070459,-34.9613819260477,VP Operações e Segurança,Operações,OOT.C,OOTR.C,OOTRC.C,,,,,,,,Carro - Colisão ,Sem Lesões,,,13,Médio,8 - Veículos e Equipamentos Móveis,,,,,,,,,45560,
1,Próprio,Típico sem afastamento,,Sim,CGT Eletrosul,Transmissão,Masculino,56,Acima de 10 anos,Quinta - feira,25,4,2024,09:00 - 10:00,Empresa,Individual,Joinville,SC,SE Joinville,-26.29213,-48.887999999999998,VP Operações e Segurança,Operações,OOG.S - Produção de transmissão,OOGN.S - Produção de transmissão gerência norte,OOGNJ.S - Divisão de produção de transmissão Joinvile,N/A,N/A,0,Não,Não,N/A,45408,Queda mesmo nível,Lesão,Braço Esquerdo,Baixo,11,Médio,2 - Percepção de Risco,,,,,,,,,45407,
1,Próprio,Trajeto com afastamento,,Sim,CGT Eletrosul,Transmissão,Masculino,43,6 meses a 1 ano,Terça- feira,2,7,2024,18:00 - 19:00 ,Via pública,Individual,Joinville,SC,SE Joinville,-26.263414600000001,-48.962881299999999,VP Operações e Segurança,Operações,OOG.S - Produção de Geração e Transmissão,OOGN.S - Produção de transmissão gerência norte,OOGNJ.S - Divisão de produção de transmissão Joinvile,45475,45477,2,Não,Não,N/A,45482,Carro - Colisão ,"Distensão, Torção",Coluna,Médio,10,Médio,8 - Veículos e Equipamentos Móveis,,,,,,,,,45475,
1,Terceiro,Quase Acidente,,Sim,CHESF,CSC,Masculino,46,Até 6 meses,Terça- feira,5,3,2024,13:00 - 14:00,Empresa,Equipe,Juazeiro,BA,SE Juazeiro II,-9.4799108389318203,-40.476853992530003,VP Suprimentos e Serviços,VSS,SGC,DGCI,DGCIS ,,,,,,,,,,,,11,Médio,4 - Eletricidade,,,,,,,,,45356,
1,Terceiro,Quase Acidente,,Sim,CHESF,Transmissão,Masculino,26,6 meses a 1 ano,Domingo,7,4,2024,08:00 - 09:00,Empresa,Equipe,Juazeiro,BA,SE Juazeiro II,-9.4799108389318203,-40.476853992530003,VP Operações e Segurança,Operações,,,OOTBA.C,,,,,,,,Outros,Sem Lesões,,,4,Alto,3 - Trabalho em Altura,,,,,,,,,45389,
1,Terceiro,Fatalidade,,Sim,CHESF,CSC,Masculino,32,Até 6 meses,Quarta - feira,31,1,2024,14:00 - 15:00,Empresa,Dupla,Abreu e Lima,PE,Almoxarifado Abreu e Lima,-7.8889795578967901,-34.9025711939505,VP Suprimentos e Serviços,VSS,SGC-SUP COORD REGIONAL CSC NORDESTE,DGCI-DEP DE INFRA E SERV GERAIS DO CSC,DGCIL-DIV DE INFRA E SERV GERAIS LESTE,45322,,,6000,Não,0,45323,Queda com diferença de nível,Traumatismo,Cabeça,Alto,2,Crítico,3 - Trabalho em Altura,,,,,,,,,45322,
1,Terceiro,Quase Acidente,,Sim,CHESF,Transmissão,,,,Sábado,14,9,2024,,Via pública,Individual,Lajedo,PE,LT 04M4-AGL/TAC,-8.6609770975323705,-36.3267265506841,VP Operações e Segurança,Operações,OOT.C,OOTR.C,OOTRM.C,,,,,,,,Carro - Colisão ,Sem Lesões,,,13,Médio,8 - Veículos e Equipamentos Móveis,,,,,,,,,45549,
1,Terceiro,Típico com afastamento,,Sim,Eletronorte,CSC,Masculino,> 60,1 a 3 anos,Terça- feira,9,7,2024,16:00 - 17:00,Empresa,Equipe,Macapá,AP,SE Macapá I,,,VP Operações e Segurança,Operações,Superintendência de Coordenação Regional do CSC Norte,Departamento de Infraestrutura de Serviços Gerais CSC,Divisão Infraestrutura Regional Norte - GSCIN,45483,45484,2,0,Não,,45484,Queda com diferença de nível,Traumatismo,Face,Baixo,14,Baixo,2 - Percepção de Risco,,,,,,,,,45482,
1,Terceiro,Quase Acidente,,Sim,CHESF,CSC,Masculino,49,6 a 10 anos,Terça- feira,3,9,2024,07:00 - 08:00,Via pública,Individual,Maceió,AL,SE Rio Largo,-9.5035212878352304,-35.836877592027299,VP Suprimentos e Serviços,VSS,CSC,SSCIS, SSCISS,,,,,,,,Outros,Sem Lesões,,,15,Baixo,8 - Veículos e Equipamentos Móveis,,,,,,,,,45538,
1,Próprio,Quase Acidente,,Não,CGT Eletrosul,Transmissão,Masculino,> 60,Acima de 10 anos,Quinta - feira,18,1,2024,10:00 - 11:00,Área rural,Equipe,Mallet,PR,SE Curitiba,-25.871895599999998,-50.848917800000002,VP Operações e Segurança,Operações,OOG.S - Produção de transmissão,OOGN.S - Produção de transmissão gerência norte,,,,N/A,Não,Não,N/A,,Carro - Colisão ,,,,16,Baixo,8 - Veículos e Equipamentos Móveis,,,,,,,,,45309,
1,Próprio,Trajeto com afastamento,,Sim,Eletronorte,Geração - Hidráulica,Masculino,53,Acima de 10 anos,Segunda - feira,4,3,2024,06:00 - 07:00,Via pública,Individual,Manaus,AM,UTE Mauá II,-3.0446620000000002,-59.967103899999998,VP Operações e Segurança,Operações,Superintendência de Produção da Geração Hidraulica,,OOEU.N - O&M,45356,45358,3,0,Não,0,45356,Queda mesmo nível,"Distensão, Torção",Perna Direita,Baixo,14,Baixo,2 - Percepção de Risco,,,,,,,,,45355,
1,Próprio,Quase Acidente,,Sim,Eletronorte,Transmissão,Masculino,43,3 a 6 anos,Sábado,13,4,2024,10:00 - 11:00,Empresa,Individual,Manaus,AM,SE Lechuga,-2.91,-60.01,VP Operações e Segurança,Operações,Gerência Executiva de Operação,Departamento de Normatização e Tempo Real,DIV. CEDIV. CENTRO DE OPERACAO GERACAO TERMICA - OOSRTNTRO DE OPERACAO GERACAO TERMICA - OOSRT,N/A,N/A,,,,,,Queda mesmo nível,Sem Lesões,,Baixo,11,Médio,2 - Percepção de Risco,,,,,,,,,45395,
1,Terceiro,Típico com afastamento,,Sim,Eletronorte,Geração - Térmica,Masculino,51,Até 6 meses,Terça- feira,25,6,2024,11:00 - 12:00,Empresa,Dupla,Manaus,AM,UTE Mauá II,-3.0446620000000002,-59.967103899999998,VP Suprimentos e Serviços,VSS,Superintendência de Coordenação Regional do CSC Norte,Departamento de Infraestrutura de Serviços Gerais CSC,SSC/GSCIA,45468,45498,30,0,Não,,45469,Transporte manual de carga,Fratura,Mão Esquerda,Médio,11,Médio,2 - Percepção de Risco,,,,,,,,,45468,
1,Terceiro,Típico com afastamento,,Sim,Eletronorte,Geração - Térmica,Masculino,37,Até 6 meses,Quarta - feira,19,6,2024,16:00 - 17:00,Empresa,Equipe,Manaus,AM,UTE Mauá II,-3.0446620000000002,-59.967103899999998,VP Suprimentos e Serviços,VSS,Superintendência de Coordenação Regional do CSC Norte,Departamento de Infraestrutura de Serviços Gerais CSC,Divisão de Gestão de materiais - GSCLM,45462,45492,30,0,Não,,45463,Golpeado por (atingido por objeto em movimento),Fratura,Pé Direito,Médio,11,Médio,2 - Percepção de Risco,,,,,,,,,45462,
1,Próprio,Típico com afastamento,,Sim,Eletronorte,Geração - Térmica,Feminino,46,Acima de 10 anos,Quarta - feira,7,8,2024,14:00 - 15:00,Empresa,Individual,Manaus,AM,UTE Mauá III,-3.0446620000000002,-59.967103899999998,VP Operações e Segurança,Operações,Gerência Executiva de Produção e Geração Térmica - OOE.N,Departamento de Operação e Manutenção da UTE Mauá III - OEEU.N,,45512,45513,2,0,Não,0,45516,Queda com diferença de nível,,Mão Direita,Médio,11,Médio,2 - Percepção de Risco,,,,,,,,,45511,
1,Terceiro,Típico sem afastamento,,Sim,Eletronorte,CSC,Masculino,32,Até 6 meses,Terça- feira,17,9,2024,09:00 - 10:00,Empresa,Equipe,Manaus,AM,UTE Mauá II,-3.0446620000000002,-59.967103899999998,VP Suprimentos e Serviços,VSS,Superintendencia Coordenação Regional do CSC Norte - GSC,Departamento de Logistica CSC - GSCL,Gerência de Gestão de Materiais - GSCLM,,,0,0,Sim,,,Transporte manual de carga,Lesão,Mão Esquerda,Médio,13,Médio,2 - Percepção de Risco,,,,,,,,,45552,
1,Terceiro,Quase Acidente,,Sim,Eletronorte,CSC,Masculino,47,1 a 3 anos,Quarta - feira,13,11,2024,14:00 - 15:00,Empresa,Individual,Manaus,AM,SE Lechuga,-2.91,-60.01,VP Suprimentos e Serviços,VSS,Superintendência de Coordenação Regional do CSC Norte,Departamento de Infraestrutura de Serviços Gerais CSC,Divisão de gestão de frotas e viagens,N/A,N/A,,,,,N/A,,,,Baixo,14,Baixo,8 - Veículos e Equipamentos Móveis,,,,,,,,,45609,
1,Terceiro,Típico com afastamento,,Sim,Eletrobras,Expansão,Masculino,38,1 a 3 anos,Quinta - feira,3,7,2024,15:00 - 16:00,Empresa,Equipe,Manoel Ribas,PR,SE Ivaipora,-24.243689199999999,-51.7150739,VP Engenharia de Expansão,Engenharia,Gerência de Implantação de Transmissão Furnas – EETI.F,,,45477,45480,3,-,Não,-,45477,Golpeado por (atingido por objeto em movimento),Sem Lesões,Cabeça,,7,Alto,6 - Linha de Perigo,Plano de Rigging elaborado sem análise de projeto.,Não foi realizado estai dos isoladores,Não houve análise dos desenhos dimensionais e construtivos,,,,,,45476,Transmissão
1,Terceiro,Típico com afastamento,,Sim,Eletronorte,CSC,Masculino,44,Até 6 meses,Segunda - feira,5,2,2024,10:00 - 11:00,,Individual,Marabá,PA,SE Marabá,-5.4,-49.07,VP Suprimentos e Serviços,VSS,Superintendência de Coordenação Regional do CSC Norte,Departamento de Infraestrutura de Serviços Gerais CSC,,45328,45332,4,0,Não,0,45328,Moto - Colisão,"Escoriação, Abrasão",Pé Direito,Médio,11,Médio,8 - Veículos e Equipamentos Móveis,,,,,,,,,45327,
1,Terceiro,Quase Acidente,,Não,CGT Eletrosul,CSC,Feminino,30,1 a 3 anos,Quarta - feira,3,7,2024,12:00- 13:00,Via pública,Individual,Maringá,PR,SE Londrina,-23.43515,-51.939309999999999,VP Suprimentos e Serviços,VSS,DPS - Departamento de produto e qualidade da unidade sul,DIMP - Divisão de Gestão de Manutenção Predial,SEGIC - Setor de Gestão de Infraestrutura,N/A,N/A,N/A,Não,Não,N/A,N/A,,,,,10,Médio,8 - Veículos e Equipamentos Móveis,,,,,,,,,45476,
1,Terceiro,Quase Acidente,,Sim,CHESF,Transmissão,Masculino,37,1 a 3 anos,Quinta - feira,8,2,2024,12:00- 13:00,Área rural,Equipe,Mata de São João,BA,"LT 05V7, estrutura 236/1",-12.517032633497699,-38.316216964250302,VP Operações e Segurança,Operações,OOS.C - PRODUÇÃO SUL,OOSS.C - OPERAÇÃO REGIONAL DE SALVADOR,OOSSC.C - MANUT DA TRANS DE CAMAÇARI,,,,,,,,Outros,Sem Lesões,,,15,Baixo,4 - Eletricidade,,,,,,,,,45330,
1,Terceiro,Quase Acidente,,Sim,CHESF,Transmissão,Masculino,24,6 meses a 1 ano,Segunda - feira,30,9,2024,09:00 - 10:00,Área rural,Equipe,Mata de São João,BA,Salvador/Camaçari,-12.6995492784053,-38.326709984924797,VP Operações e Segurança,Operações, OOT.C, OOTS.C ,OOTSE.C,,,,,,,,Outros,Sem Lesões,,,7,Alto,4 - Eletricidade,,,,,,,,,45565,
1,Próprio,Quase Acidente,,Sim,CHESF,Transmissão,Masculino,39,Acima de 10 anos,Quinta - feira,29,8,2024,09:00 - 10:00,Empresa,Individual,Milagres,CE,SE Milagres,-7.3076958357575696,-38.938778736491997,VP Operações e Segurança,Operações,OO.C,OOT.C,OOTF.C,,,,,,,,Outros,Sem Lesões,Mão Direita,,16,Baixo,Outros,,,,,,,,,45533,
1,Próprio,Trajeto sem afastamento,,Sim,CHESF,Transmissão,Masculino,47,Acima de 10 anos,Domingo,3,11,2024,23:00 - 00:00 ,Via pública,Individual,Milagres,CE,CE 293,-7.2829465086659102,-39.222530944431803,VP Operações e Segurança,Operações,OOT.C,OOTF.C,OOTFF.C,45599,45600,1,Não,Sim,0,,Moto - Queda,"Escoriação, Abrasão",Braço Esquerdo,,10,Médio,8 - Veículos e Equipamentos Móveis,,,,,,,,,45599,
1,Terceiro,Desvio Crítico,,Não,Eletrobras,CSC,Masculino,> 60,6 meses a 1 ano,Quinta - feira,3,10,2024,16:00 - 17:00,Empresa,Individual,Minaçu,GO,UHE Serra da Mesa,-13.841111111645001,-48.296111111111003,VP Suprimentos e Serviços,VSS,CS.G - SUP COORD REGIONAL CSC SUDESTE,CSI.G - DEP INFRA E SERV GERAIS,CSFV.G - DIV GESTAO FROTAS E VIAGENS,N/A,N/A,N/A,N/A,,N/A,N/A,,,,Baixo,14,Baixo,2 - Percepção de Risco,Ato inseguro/ Desvio de conduta,,,,,,,,45568,
1,Terceiro,Quase Acidente,,Não,Eletrobras,Geração - Hidráulica,Masculino,34,Até 6 meses,Quinta - feira,28,11,2024,16:00 - 17:00,Via pública,Individual,Minaçu,GO,UHE Serra da Mesa,-13.62534,-48.256360000000001,VP Operações e Segurança,Operações,GCSS - Segurança do Trabalho,GCSS.F - Segurança do Trabalho Sudeste,GCSSG.F - Segurança do Trabalho Sudeste G,N/A,N/A,N/A,N/A,,N/A,N/A,,,,Baixo,11,Médio,8 - Veículos e Equipamentos Móveis,Imprudência no trânsito de terceiros,Animal silvestre,,,,,,,45624,
1,Terceiro,Típico com afastamento,,Sim,Eletrobras,Geração - Hidráulica,Masculino,45,6 meses a 1 ano,Segunda - feira,2,12,2024,09:00 - 10:00,Empresa,Individual,Minaçu,GO,UHE Serra da Mesa,-13.841111111645001,-48.296111111111003,VP Suprimentos e Serviços,VSS,-,SSCIS - Gerência CSC Infraestrutura,"SSCIST - Gestão de Frotas, Transporte e Mobilidade",45628,45632,4,0,Não,,45628,"Golpeado contra (correndo em direção, tropeçando em)","Distensão, Torção",Perna Direita,Médio,11,Médio,2 - Percepção de Risco,Ato inseguro/ condição insegura,"Falta de APR, sem análise preliminar do risco",,,,,,,45628,
1,Terceiro,Típico com afastamento,,Sim,Eletrobras,Adm,Feminino,50,Até 6 meses,Quarta - feira,24,1,2024,09:00 - 10:00,Empresa,Individual,Minaçu,GO,UHE Serra da Mesa,-13.841111111645001,-48.296111111111003,VP Suprimentos e Serviços,VSS,-,SSCSU - Suprimentos,SSCSUO - Serviços Administrativos de OPEX,45316,45318,3,0,Não,,45315,Queda mesmo nível,Luxação,Mão Esquerda,Baixo,14,Baixo,2 - Percepção de Risco,Pendente,,,,,,,,45315,
1,Terceiro,Típico sem afastamento,,Sim,Eletrobras,CSC,Masculino,48,1 a 3 anos,Quarta - feira,10,4,2024,14:00 - 15:00,Empresa,Individual,Minaçu,GO,UHE Serra da Mesa,-13.841111111645001,-48.296111111111003,VP Suprimentos e Serviços,VSS,CS.G - SUP COORD REGIONAL CSC SUDESTE,CSI.G - DEP INFRA E SERV GERAIS,CSSE.G - DIV SEGURANCA PATRIMONIAL,N/A,N/A,N/A,N/A,,N/A,,,,,Baixo,15,Baixo,11 - Não se Aplica,Piso escorregadio com lodo natural,,,,,,,,45392,
1,Próprio,Típico com afastamento,,Sim,Eletronorte,Transmissão,Masculino,49,Acima de 10 anos,Quinta - feira,18,1,2024,14:00 - 15:00,,Equipe,Miracema,TO,SE Miracema,-9.5399999999999991,-48.52,VP Operações e Segurança,Operações,Superintendência de Produção da Transmissão,Departamento de Produção e Trasmissão do Maranhão e Tocantins,Divisão de Produção de Miracema,45309,45322,13,0,Não,0,45315,Escada - Não amarrada,Fratura,Face,Médio,11,Médio,3 - Trabalho em Altura,Escada inadequada,Falta de amarração,,,,,,,45309,
1,Terceiro,Quase Acidente,,Sim,CHESF,Transmissão,,,Acima de 10 anos,Quinta - feira,22,8,2024,14:00 - 15:00,Área rural,Equipe,Miraíma,CE,LT 05V7   SBT-PED,-3.5688892863866699,-39.970353702279503,VP Operações e Segurança,Operações,OOT.C,OOTS.C,OOTSF.C,,,,,,,,Eletricidade,Sem Lesões,,,13,Médio,4 - Eletricidade,,,,,,,,,45526,
1,Próprio,Quase Acidente,,Sim,Eletronorte,Transmissão,Feminino,52,Acima de 10 anos,Quarta - feira,8,5,2024,10:00 - 11:00,Empresa,Individual,Miranda do Norte,MA,SE Miranda,-3.56,-44.53,VP Operações e Segurança,Operações,Superintendência de Produção da Transmissão,Departamento Regional de Produção e Transmissão do Maranhão e Tocantins,,,,0,0,,,,Escorregou/Desequilibrou,Sem Lesões,,Baixo,15,Baixo,6 - Linha de Perigo,,,,,,,,,45420,
1,Terceiro,Quase Acidente,,Sim,Eletronorte,CSC,Masculino,38,6 meses a 1 ano,Quarta - feira,26,6,2024,06:00 - 07:00,Via pública,Individual,Miranda do Norte,MA,SE Miranda,-3.56,-44.53,VP Suprimentos e Serviços,VSS,Superintendência de Coordenação Regional do CSC Norte,Departamento de Infraestrutura de Serviços Gerais CSC,Divisão de gestão de frotas e viagens,NA,NA,0,0,Não,0,,Carro - Colisão ,Sem Lesões,Não se Aplica,Baixo,11,Médio,8 - Veículos e Equipamentos Móveis,,,,,,,,,45469,
1,Terceiro,Típico sem afastamento,,Sim,Eletrobras,Transmissão,Masculino,44,1 a 3 anos,Segunda - feira,24,6,2024,11:00 - 12:00,Empresa,Individual,Mogi das Cruzes,SP,SE Tijuco Preto,-23.806321000000001,-46.490603,VP Operações e Segurança,Operações,OOT.F - Produção da Transmissão,OOTS.F - Gerência São Paulo,OOTSC.F - Op. de São Paulo,N/A,N/A,N/A,N/A,,N/A,45468,Golpeado por (atingido por objeto em movimento),"Escoriação, Abrasão",Cabeça,Médio,5,Alto,3 - Trabalho em Altura,Falha no planejamento da atividade,Ausência de planejamento para manutenção preventiva em equipamentos em geral,Inexistência de procedimento para montagem e desmontagem de estruturas metálicas,"Falha na supervisão - monitoramento insuficiente, ausência de controle",,,,,45467,
1,Terceiro,Típico com afastamento,,Sim,Eletrobras,Transmissão,Masculino,43,6 meses a 1 ano,Sexta-feira,6,9,2024,16:00 - 17:00,Empresa,Individual,Niquelândia,GO,SE Niquelândia,-14.473000000000001,-48.49,VP Operações e Segurança,Operações,OOT.F - Produção da Transmissão,OOTG.F - Gerência Goiás,OOTGD.F - Op. De Brasília,45542,45555,14,0,Não,4,45575,Ferramenta Manual,"Laceração, Corte",Mão Esquerda,Médio,11,Médio,2 - Percepção de Risco,Ação intempestiva/proativa do empregado,Não houve a análise preliminar dos riscos da atividade,,,,,,,45541,
1,Terceiro,Quase Acidente,,Não,CHESF,Expansão,Masculino,30,1 a 3 anos,Terça- feira,27,8,2024,15:00 - 16:00,Empresa,Individual,Nossa Senhora do Socorro,SE,SE – JARDIM,-10.8734059,-37.173355700000002,VP Engenharia de Expansão,Engenharia,Gestão da Implantação de Transmissão,-,-,-,-,N/A,-,Não,-,-,Outros,Sem Lesões,,,10,Médio,2 - Percepção de Risco,Falta de atenção e de percepção de risco do motorista.  ,Falta de um sinaleiro para orientar o motorista. ,,,,,,,45531,Transmissão
1,Terceiro,Quase Acidente,,Sim,CHESF,Transmissão,Masculino,38,1 a 3 anos,Quarta - feira,31,1,2024,08:00 - 09:00,Área rural,Equipe,Nossa Senhora do Socorro,SE,LT JDMCMQ - 05V7,-10.8747433644415,-37.146074189299298,VP Operações e Segurança,Operações,OOS.C - PRODUÇÃO SUL,OOSS.C - OPERAÇÃO REGIONAL DE SALVADOR,OOSSJ.C - MANUT DA TRANS DE ARACAJU,,,,0,Não,0,,Outros,Sem Lesões,Sem Lesões,,14,Baixo,3 - Trabalho em Altura,,,,,,,,,45322,
1,Terceiro,Típico com afastamento,,Sim,Eletrobras,Expansão,Masculino,54,6 meses a 1 ano,Sábado,13,3,2024,11:00 - 12:00,Empresa,Individual,Nova Iguaçu,RJ,SE Adrianópolis,-,-,VP Engenharia de Expansão,Engenharia,Gestão da Implantação de Transmissão,-,-,-,-,15,-,Não,-,-,Outros,Outros,Ombro Direito,Baixo,16,Baixo,3 - Trabalho em Altura,Falta de um profissional qualificado para montagem de andaimes,,,,,,,,45364,Transmissão
1,Terceiro,Típico com afastamento,,Sim,Eletrobras,Expansão,Masculino,42,Até 6 meses,Sexta-feira,29,3,2024,14:00 - 15:00,Empresa,Individual,Nova Iguaçu,RJ,SE Adrianópolis,-,-,VP Engenharia de Expansão,Engenharia,Gestão da Implantação de Transmissão,-,-,-,-,7,-,Não,-,-,Outros,Outros,Tornozelo Direito,Baixo,16,Baixo,Outros,Desnivelamento o solo,,,,,,,,45380,Transmissão
1,Próprio,Típico com afastamento,,Sim,Eletrobras,Transmissão,Masculino,50,15 a 20 anos,Domingo,28,1,2024,11:00 - 12:00,Área rural,Individual,Nova Iguaçu,RJ,LT Adrianópolis - Comperj,-22.663163999999998,-43.439062,VP Operações e Segurança,Operações,OOL.F - Produção Leste,OOLN.F - Produção Nova Iguaçu,OOLNM.F - Manut. Eletromec. Nova Iguaçu,45320,45324,5,0,Não,,45341,Outros,Lombalgia de Esforço,Coluna,Baixo,14,Baixo,3 - Trabalho em Altura,Condições osteomusculares desfavoráveis,Má postura,Esforço excessivo,Procedimento inadequado,,,,,45319,
1,Terceiro,Quase Acidente,,Não,Eletrobras,Transmissão,Masculino,43,Até 6 meses,Terça- feira,9,4,2024,08:00 - 09:00,Via pública,Equipe,Nova Iguaçu,RJ,LT 345kV Adrianópolis – Itutinga II,-22.656081,-43.505502999999997,VP Operações e Segurança,Operações,OOT.F - Produção da Transmissão,OOTR.F - Gerência Rio de Janeiro,OOTRA.F - Man. Adrianóp. e S. Jose,N/A,N/A,N/A,N/A,,N/A,N/A,,,,Baixo,4,Alto,8 - Veículos e Equipamentos Móveis,Material solto no interior do carro,"Presença de cascalho, buracos e ondulações na via",Descumprimento do treinamento de direção defensiva,Uso de tração inapropriada para transitar em estrada de terra,,,,,45391,
1,Terceiro,Típico com afastamento,,Sim,Eletrobras,Transmissão,Masculino,32,Até 6 meses,Terça- feira,9,4,2024,08:00 - 09:00,Via pública,Equipe,Nova Iguaçu,RJ,LT 345kV Adrianópolis – Itutinga II,-22.656081,-43.505502999999997,VP Operações e Segurança,Operações,OOT.F - Produção da Transmissão,OOTR.F - Gerência Rio de Janeiro,OOTRA.F - Man. Adrianóp. e S. Jose,45392,45395,5,0,Não,10,45399,Carro - Capotamento,Lesão,Partes Múltiplas,Baixo,4,Alto,8 - Veículos e Equipamentos Móveis,Material solto no interior do carro,"Presença de cascalho, buracos e ondulações na via",Descumprimento do treinamento de direção defensiva,Uso de tração inapropriada para transitar em estrada de terra,,,,,45391,
1,Próprio,Quase Acidente,,Não,CGT Eletrosul,Transmissão,Masculino,45,Acima de 10 anos,Quinta - feira,25,3,2024,20:00 - 21:00 ,Via pública,Individual,Nova lartanjeiras,PR,SE Curitiba,-25.29308,-52.580019999999998,VP Operações e Segurança,Operações,OOG.S - Produção de transmissão,OOGN.S - Produção de transmissão gerência norte,,N/A,N/A,N/A,Não,Não,N/A,N/A,,,,,11,Médio,2 - Percepção de Risco,,,,,,,,,45376,
1,Próprio,Quase Acidente,,Não,CGT Eletrosul,Transmissão,,42,Até 6 meses,Quinta - feira,26,9,2024,14:00 - 15:00,Empresa,Equipe,Nova Prata,RS,Sede CGT Eletrosul,-28.783809999999999,-51.607689999999998,VP Operações e Segurança,Operações,OOO.S - Gerência Executiva Gestão da Operação,OOON.S - Gerência Normatização e Tempo Real,OOONR.S - Divisão Centro de Operações Regional,N/A,N/A,N/A,Não,Não,N/A,N/A,N/A,,,,7,Alto,4 - Eletricidade,,,,,,,,,45561,
1,Terceiro,Quase Acidente,,Sim,CHESF,CSC,Masculino,36,1 a 3 anos,Terça- feira,19,3,2024,09:00 - 10:00,Empresa,Individual,Olindina,BA,SE OLD,-10.831929957048599,-38.490749014502697,VP Suprimentos e Serviços,VSS,SGC,DGCI,DGCIS ,,,,,,,,Animal,Sem Lesões,,,11,Médio,Outros,,,,,,,,,45370,
1,Próprio,Trajeto com afastamento,,Sim,Eletronorte,Transmissão,Masculino,35,,Terça- feira,19,11,2024,06:00 - 07:00,Via pública,Individual,Ouro Preto do Oeste,RO,SE Jaru,-10.426119999999999,-62.4437,VP Operações e Segurança,Operações,Superintendência de Produção da Transmissão,,,45616,45628,13,,,,45673,Moto - Queda,"Escoriação, Abrasão",Partes Múltiplas,Médio,5,Alto,8 - Veículos e Equipamentos Móveis,,,,,,,,,45615,
1,Terceiro,Quase Acidente,Sim,Sim,CHESF,CSC,Masculino,30,1 a 3 anos,Segunda - feira,29,4,2024,10:00 - 11:00,Via pública,Individual,Palmares ,PE,"BR 101, Km 173",-8.5949969999999993,-35.526884000000003,VP Suprimentos e Serviços,VSS,SGC,DGCI,DGCIF,,,,,,,,Carro - Capotamento,Sem Lesões,,,4,Alto,8 - Veículos e Equipamentos Móveis,,,,,,,,,45411,
1,Próprio,Típico com afastamento,,Sim,CHESF,Transmissão,Masculino,45,Acima de 10 anos,Segunda - feira,21,10,2024,11:00 - 12:00,Empresa,Equipe,Paulista,PE,SE Mirueira,-7.9545144472349998,-34.890453863517003,VP Operações e Segurança,Operações,OOT.C ,OOTR.C,OOTRC.C,45586,45662,71,Não,Não,0,45588,Eletricidade,Queimadura Arco-elétrico,,Alto,7,Alto,4 - Eletricidade,,,,,,,,,45586,
1,Próprio,Típico com afastamento,,Sim,CHESF,Transmissão,Masculino,36,Acima de 10 anos,Segunda - feira,21,10,2024,11:00 - 12:00,Empresa,Equipe,Paulista,PE,SE Mirueira,-7.9545144472349998,-34.890453863517003,VP Operações e Segurança,Operações,OOT.C ,OOTR.C,OOTRC.C,45586,45653,67,Não,Não,0,45588,Eletricidade,Queimadura Arco-elétrico,,Alto,7,Alto,4 - Eletricidade,,,,,,,,,45586,
1,Próprio,Fatalidade,,Sim,CHESF,Transmissão,Masculino,30,1 a 3 anos,Segunda - feira,21,10,2024,11:00 - 12:00,Empresa,Equipe,Paulista,PE,SE Mirueira,-7.9545144472349998,-34.890453863517003,VP Operações e Segurança,Operações,OOT.C ,OOTR.C,OOTRC.C,45586,45607,21,6000,Não,0,45588,Eletricidade,Queimadura Arco-elétrico,,Alto,2,Crítico,4 - Eletricidade,,,,,,,,,45586,
1,Terceiro,Quase Acidente,,Sim,CHESF,CSC,Masculino,> 60,1 a 3 anos,Quarta - feira,15,5,2024,14:00 - 15:00,Empresa,Individual,Paulista,PE,SE Mirueira II,-7.9546100776623199,-34.890432405628403,VP Suprimentos e Serviços,VSS,,,FACILITIES,,,,,,,,"Golpeado contra (correndo em direção, tropeçando em)","Escoriação, Abrasão",Perna Direita,Baixo,15,Baixo,7 - Bloqueio e Proteção,,,,,,,,,45427,
1,Terceiro,Quase Acidente,Sim,Sim,CHESF,Geração - Hidráulica,Masculino,36,,Segunda - feira,25,11,2024,13:00 - 14:00,Empresa,Individual,Paulo Afonso,BA,Complexo de Paulo Afonso,-9.3961959837134703,-38.201897805600503,VP Operações e Segurança,Operações,OO.C,OOG.C,OOGAS.C,,,,,,,,Carro - Colisão ,Sem Lesões,,,15,Baixo,8 - Veículos e Equipamentos Móveis,,,,,,,,,45621,
1,Terceiro,Típico sem afastamento,,Sim,CHESF,CSC,Masculino,34,6 meses a 1 ano,Sexta-feira,26,1,2024,10:00 - 11:00,Empresa,Individual,Paulo Afonso,BA,Complexo de Paulo Afonso (UPA),-9.3961959837134703,-38.201897805600503,VP Suprimentos e Serviços,VSS,SGC-SUP COORD REGIONAL CSC NORDESTE,DGCI-DEP DE INFRA E SERV GERAIS DO CSC,DGCIA-DIV DE INFRA E SERV GERAIS PA,45317,45317,0,0,Não,0,45317,Escada - Queda,Traumatismo,Antebraço (entre punho e o cotovelo),Médio,5,Alto,3 - Trabalho em Altura,,,,,,,,,45317,
1,Próprio,Típico sem afastamento,,,CHESF,Expansão,Masculino,43,6 meses a 1 ano,Quarta - feira,13,11,2024,09:00 - 10:00,,Individual,Paulo Afonso,BA,PA IV,,,VP Engenharia de Expansão,Engenharia,Gestão da Implantação da Geração,-,-,-,-,-,-,Não,-,-,Outros,,Face,Baixo,10,Médio,Outros,Em Investigação,,,,,,,,45609,Geração
1,Terceiro,Quase Acidente,,,CHESF,Expansão,Masculino,,N/A,Quinta - feira,12,12,2024,14:00 - 15:00,Empresa,Individual,Paulo Afonso,BA,PA IV,,,VP Engenharia de Expansão,Engenharia,Gestão da Implantação da Geração,-,-,-,-,-,-,Não,-,-,Outros,,,,16,Baixo,9 - Trabalho a Quente,Em Investigação,,,,,,,,45638,Geração
1,Terceiro,Quase Acidente,,Sim,CHESF,Geração - Hidráulica,,,,Terça- feira,17,9,2024,16:00 - 17:00,Empresa,Individual,Paulo Afonso,BA,UHE de paulo Afonso II,-9.3961959837134703,-38.201897805600503,VP Operações e Segurança,Operações,CSC, DGCI , DGCIA,,,,,,,,Outros,Sem Lesões,,,11,Médio,4 - Eletricidade,,,,,,,,,45552,
1,Terceiro,Típico com afastamento,,Sim,CHESF,Geração - Hidráulica,Masculino,45,3 a 6 anos,Quarta - feira,31,7,2024,15:00 - 16:00,Empresa,Equipe,Paulo Afonso,BA,UHE de Paulo Afonso II,-9.3961959837134703,-38.201897805600503,VP Operações e Segurança,Operações,DO,OOG,OOGAS,45504,45476,3,0,Não,0,45506,Queda mesmo nível,Luxação,Braço Direito,Médio,11,Médio,7 - Bloqueio e Proteção,,,,,,,,,45504,
1,Próprio,Quase Acidente,,Não,CHESF,Expansão,Masculino,38,6 a 10 anos,Segunda - feira,22,7,2024,10:00 - 11:00,Via pública,Equipe,Bezerros,PE,UHE Paulo Afonso I,-83.003588969566906,-35.845570393871299,VP Engenharia de Expansão,Engenharia,Gestão da Implantação de Transmissão,Implantação de Geração CHESF,-,-,-,N/A,-,Não,-,-,Carro - Colisão ,Sem Lesões,,,7,Alto,8 - Veículos e Equipamentos Móveis,Trabalho de manutenção e limpeza na pista,Imprudência do condutor terceiro,,,,,,,45495,Transmissão
1,Terceiro,Típico sem afastamento,,Sim,CHESF,Geração - Hidráulica,Masculino,46,3 a 6 anos,Quinta - feira,11,4,2024,11:00 - 12:00,Empresa,Equipe,Paulo Afonso,BA,UHE Paulo Afonso I,-9.3961959837134703,-38.201897805600503,VP Operações e Segurança,Operações,,OOG.C,OOGBC.C,45393,45393,0,0,Não,0,45398,Outros,Lesão,Face,Baixo,11,Médio,Outros,,,,,,,,,45393,
1,Próprio,Quase Acidente,,Sim,CHESF,Geração - Hidráulica,,,,Segunda - feira,30,9,2024,14:00 - 15:00,Empresa,Individual,Paulo Afonso,BA,UHE Paulo Afonso I,-9.3961959837134703,-38.201897805600503,VP Operações e Segurança,Operações,OO.C ,OOG.C, OOGBC.C,,,,,,,,Outros,Sem Lesões,,,16,Baixo,Outros,,,,,,,,,45565,
1,Terceiro,Típico com afastamento,,Sim,CHESF,Geração - Hidráulica,Masculino,39,1 a 3 anos,Segunda - feira,11,11,2024,11:00 - 12:00,Empresa,Equipe,Paulo Afonso,BA,UHE Paulo Afonso I,-9.3961959837134703,-38.201897805600503,VP Operações e Segurança,Operações,OO.C ,OOG.C,OOGAS.C,45607,45607,0,Não,Não,,,Atingido entre ou abaixo (esmagado ou amputado),Sem Lesões,Mão Esquerda,Baixo,15,Baixo,6 - Linha de Perigo,,,,,,,,,45607,
1,Terceiro,Típico com afastamento,,Sim,CHESF,CSC,Masculino,41,1 a 3 anos,Quinta - feira,15,2,2024,06:00 - 07:00,Área rural,Individual,Paulo Afonso,BA,UHE Paulo Afonso II,-9.3961959837134703,-38.201897805600503,VP Suprimentos e Serviços,VSS,SGC-SUP COORD REGIONAL CSC NORDESTE,DGCI-DEP DE INFRA E SERV GERAIS DO CSC,DGCIA-DIV DE INFRA E SERV GERAIS PA,45337,45343,6,0,Não,0,45337,Golpeado por (atingido por objeto em movimento),Lesão,Dedo da mão Esquerda,Médio,11,Médio,Outros,Falta de percepção de risco,Ausência de solicitação da manutenção da mola aérea da porta.,,,,,,,45337,
1,Terceiro,Desvio Crítico,,Sim,CHESF,Geração - Hidráulica,,,,Terça- feira,13,8,2024,07:00 - 08:00,Empresa,Equipe,Paulo Afonso,BA,UHE Paulo Afonso IV,-9.4149693730765094,-38.206955321093503,VP Operações e Segurança,Operações,OO.C , OOG.C ,OOGBC.C,,,,,,,,Outros,Sem Lesões,,,15,Baixo,6 - Linha de Perigo,,,,,,,,,45517,
1,Terceiro,Típico sem afastamento,Sim,Sim,CHESF,Expansão,Masculino,25,1 a 3 anos,Segunda - feira,2,3,2024,11:00 - 12:00,Empresa,Equipe,Paulo Afonso,BA,UHE Paulo Afonso IV,-9.4140177691190594,-38.207179077923598,VP Engenharia de Expansão,Engenharia,,EEIG.H,,45376,45376,5,0,Sim,0,45377,Impacto de pessoa contra objeto parado,Lesão,Pé Direito,Baixo,10,Médio,Outros,,,,,,,,,45353,Geração
1,Terceiro,Típico sem afastamento,Sim,Sim,CHESF,Expansão,Masculino,23,Até 6 meses,Terça- feira,12,3,2024,10:00 - 11:00,Empresa,Equipe,Paulo Afonso,BA,UHE Paulo Afonso IV,-9.4140177691190594,-38.207179077923598,VP Engenharia de Expansão,Engenharia,,EEIG.H,,45363,45363,3,0,Sim,0,45363,Impacto de pessoa contra objeto parado,Luxação,Braço Direito,Baixo,11,Médio,Outros,,,,,,,,,45363,Geração
1,Terceiro,Típico com afastamento,,Sim,CHESF,CSC,Masculino,34,6 meses a 1 ano,Quinta - feira,18,1,2024,17:00 - 18:00,Via pública,Individual,Paulo Afonso,BA,UHE Paulo Afonso IV ,-9.4140177691190594,-38.207179077923598,VP Suprimentos e Serviços,VSS,SGC-SUP COORD REGIONAL CSC NORDESTE,DGCL-DEP DE LOGISTICA DO CSC,DGCLP-DIV DE OP LOG ALMOX PA,45309,45325,16,0,Não,0,45310,Impacto de pessoa contra objeto parado,Fratura,Mão Esquerda,Médio,11,Médio,Outros,,,,,,,,,45309,
1,Próprio,Quase Acidente,,Sim,CHESF,Geração - Hidráulica,Masculino,58,Acima de 10 anos,Quarta - feira,18,9,2024,08:00 - 09:00,Empresa,Individual,Paulo Afonso,BA,UHE Apolônio Sales,-9.4015005214103002,-38.221973055614903,VP Operações e Segurança,Operações,OO.C ,OOG.C, OOGAS.C,,,,,,,,Outros,Sem Lesões,,,15,Baixo,Outros,,,,,,,,,45553,
1,Próprio,Quase Acidente,,Sim,CHESF,Geração - Hidráulica,Masculino,24,1 a 3 anos,Segunda - feira,23,12,2024,06:00 - 07:00,Via pública,Individual,Paulo Afonso,BA,Via Pública,-9.4015005214103002,-38.221973055614903,VP Operações e Segurança,Operações,OO.C ,OOG,OOGPA.C,,,,,,,,Outros,Sem Lesões,,,15,Baixo,8 - Veículos e Equipamentos Móveis,,,,,,,,,45649,
1,Terceiro,Quase Acidente,,Sim,CHESF,Transmissão,Masculino,38,Até 6 meses,Quinta - feira,25,1,2024,11:00 - 12:00,Área rural,Equipe,Paulo Afonso,BA,LD 01Y5 MXT/UAS,-9.3569637253936104,-38.2078717917299,VP Operações e Segurança,Operações,OOS.C - PRODUÇÃO SUL,OOSP.C - OPER REGIONAL DE PAULO AFONSO,OOSPT.C - MANUT DA TRANS DE PAULO AFONSO,,,,0,Não,0,,Animal,Outros,Cabeça,,15,Baixo,Outros,,,,,,,,,45316,
1,Terceiro,Trajeto com afastamento,,Sim,CHESF,Transmissão,Masculino,34,6 meses a 1 ano,Sexta-feira,16,8,2024,14:00 - 15:00,Via pública,Individual,Paulo Afonso,BA,Av Getúlio Vargas,-9.4013239822846106,-38.222321305102703,VP Operações e Segurança,Operações,OOT.C,OOTB.C,OOTBD.C,45520,45523,3,0,Não,0,45523,Moto - Colisão,Luxação,Joelho,Médio,10,Médio,8 - Veículos e Equipamentos Móveis,,,,,,,,,45520,
1,Terceiro,Quase Acidente,,Sim,CHESF,Transmissão,Masculino,42,6 meses a 1 ano,Segunda - feira,12,8,2024,08:00 - 09:00,Empresa,Individual,Paulo Afonso,BA,SE PAF,-9.4146347415268092,-38.200571019091399,VP Operações e Segurança,Operações, OOT.C ,OOTB.C ,OOTBB.C,,,,,,,,Carro - Colisão ,Sem Lesões,,,15,Baixo,8 - Veículos e Equipamentos Móveis,,,,,,,,,45516,
1,Terceiro,Quase Acidente,,Sim,CHESF,Geração - Hidráulica,Masculino,38,1 a 3 anos,Quarta - feira,7,8,2024,10:00 - 11:00,Via pública,Individual,Paulo Afonso,BA,Via Pública,-9.4140177691190594,-38.207179077923598,VP Operações e Segurança,Operações,OO.C , OOG.C,OOGLG.C,,,,,,,,Carro - Colisão ,Sem Lesões,,,16,Baixo,8 - Veículos e Equipamentos Móveis,,,,,,,,,45511,
1,Terceiro,Trajeto com afastamento,,Sim,CHESF,CSC,Masculino,52,6 meses a 1 ano,Quarta - feira,18,9,2024,17:00 - 18:00,Via pública,Individual,Paulo Afonso,BA,Via Pública,-9.3961959837134703,-38.201897805600503,VP Suprimentos e Serviços,VSS,CSC,DGCI,DGCIA,45553,45563,10,Não,Não,0,45554,Moto - Colisão,Lesão,Perna Direita,Médio,11,Médio,8 - Veículos e Equipamentos Móveis,,,,,,,,,45553,
1,Terceiro,Típico com afastamento,,Sim,CHESF,CSC,Feminino,45,1 a 3 anos,Segunda - feira,2,12,2024,09:00 - 10:00,Empresa,Individual,Paulo Afonso,BA,USQ,-9.4015005214103002,-38.221973055614903,VP Suprimentos e Serviços,VSS,CSC,CSC,CSC,45630,45632,3,,,,45630,Moto - Queda,Lesão,Perna Esquerda,Médio,5,Alto,8 - Veículos e Equipamentos Móveis,,,,,,,,,45628,
1,Terceiro,Típico com afastamento,,Sim,Eletrobras,Transmissão,Masculino,42,1 a 3 anos,Segunda - feira,25,11,2024,11:00 - 12:00,Área rural,Equipe,Paulo de Frontin,RJ,LT 345kV Adrianópolis – Itutinga I,-22.533828,-43.683957999999997,VP Operações e Segurança,Operações,-,OOMI.F - Gestão e Investimentos,-,45622,45651,30,0,Não,,45623,Golpeado por (atingido por objeto em movimento),Fratura,Pé Direito,Baixo,2,Crítico,2 - Percepção de Risco,Ausência de validação por um profissional legalmente habilitado,Treinamento (capacitação e/ou qualificação) ineficazes,Falha no planejamento da atividade,Procedimento não contemplava o uso de recurso adequado,Falha na análise de risco,,,,45621,
1,Terceiro,Quase Acidente,,Sim,CHESF,Transmissão,Masculino,53,3 a 6 anos,Quarta - feira,7,2,2024,11:00 - 12:00,Área rural,Equipe,Pedras de Fogo,PB,LT 04N2 GNNJPD na estrutura 28/2.,-7.4031842743572902,-35.124754014238498,VP Operações e Segurança,Operações,OON.C - PRODUÇÃO NORTE,OONN.C - OPERAÇÃO REGIONAL DE NATAL,OONNC.C - MANUT DA TRANS CAMPINA GRANDE,,,,,,,,Mal subito,Sem Lesões,,,15,Baixo,3 - Trabalho em Altura,Condições climáticas,Condições físicas,Alimentação,,,,,,45329,
1,Terceiro,Trajeto com afastamento,,Sim,Eletrobras,Expansão,Masculino,28,Até 6 meses,Quarta - feira,4,6,2024,08:00 - 09:00,Via pública,Individual,Pedregulho,SP,UHE- Estreito,-20.251549700000002,-47.488575400000002,VP Engenharia de Expansão,Engenharia,Gestão da Implantação de Transmissão Sudeste - FURNAS,,-,45448,45478,30,-,Não,,45453,Moto - Queda,Fratura,Perna Esquerda,Médio,7,Alto,8 - Veículos e Equipamentos Móveis,Imprudência  do colaborador em conduzir o veículo sem experiência,Falta de habilitação compatível com veículo,,,,,,,45447,Transmissão
1,Terceiro,Típico sem afastamento,,Sim,Eletrobras,CSC,Masculino,53,3 a 6 anos,Segunda - feira,10,6,2024,07:00 - 08:00,Via pública,Individual,Pedregulho,SP,UHE Luiz Carlos Barreto de Carvalho,-20.162268000000001,-47.286681000000002,VP Suprimentos e Serviços,VSS,CS.G - SUP COORD REGIONAL CSC SUDESTE,CSI.G - DEP INFRA E SERV GERAIS,CSMG.G - DIV INFRA SERV GERAIS MG,N/A,N/A,N/A,N/A,Não,N/A,45454,Carro - Colisão ,Sem Lesões,Não se Aplica,Médio,7,Alto,8 - Veículos e Equipamentos Móveis,Inobservância da placa sinalização vertical “PARE”,Visibilidade da via comprometida,Condução de veículos,,,,,,45453,
1,Terceiro,Quase Acidente,,Não,Eletrobras,CSC,Feminino,45,1 a 3 anos,Quarta - feira,18,12,2024,10:00 - 11:00,Empresa,Individual,Pedregulho,SP,UHE Luiz Carlos Barreto de Carvalho,-20.152985470000001,-47.279454733000001,VP Suprimentos e Serviços,VSS,-,SSCIS - Gerência CSC Infraestrutura,SSCISCF - Coordenação Infra. Sudeste,N/A,N/A,N/A,N/A,,N/A,N/A,,,,,14,Baixo,2 - Percepção de Risco,Piso molhado,Degrau danificado,Maior atenção e percepção de riscos na área industrial,,,,,,45644,
1,Próprio,Típico com afastamento,,Sim,Eletrobras,Geração - Hidráulica,Masculino,39,15 a 20 anos,Quarta - feira,10,1,2024,11:00 - 12:00,Empresa,Individual,Pedregulho,SP,UHE Luiz Carlos Barreto de Carvalho,-20.152985470000001,-47.279454733000001,VP Operações e Segurança,Operações,OO.F - Diretoria de Operação e Manutenção,OOEM.F - Produção Minas,OOEMM.F - Manut. Eletromecânica Minas,45302,45303,2,0,Não,N/A,45316,Ferramenta Manual,"Laceração, Corte",Cabeça,Baixo,14,Baixo,2 - Percepção de Risco,Punho de borracha da alavanca da talha Berg-Steel possui ressalto na sua extremidade,"Colaborador poderia ter escolhido para a atividade talha de corrente, o que, invariavelmente teria evitado a lesão","Colaborador deveria ter selecionado a “posição neutra” do gatilho da talha, para fazer o movimento através da roseta",,,,,,45301,
1,Próprio,Típico sem afastamento,,Sim,Eletrobras,Geração - Hidráulica,Masculino,46,10 a 15 anos,Quinta - feira,18,4,2024,15:00 - 16:00,Empresa,Individual,Pedregulho,SP,UHE Luiz Carlos Barreto de Carvalho,-20.152985470000001,-47.279454733000001,VP Operações e Segurança,Operações,OOG.F - Produção da Geração,OOGM.F - Gerência de Minas Gerais,OOGMA.F - Operação LCB M. Moraes,N/A,N/A,N/A,N/A,,N/A,45411,Atingido por (pontos agudos ou cortantes),"Laceração, Corte",Mão Direita,Baixo,15,Baixo,2 - Percepção de Risco,Recipiente inadequado,Funcionário sem uso de EPI,,,,,,,45400,
1,Terceiro,Quase Acidente,,Sim,CHESF,Transmissão,Masculino,32,Acima de 10 anos,Terça- feira,22,10,2024,,Área rural,Equipe,Pentecoste,CE,LT 05V7 124/2,-3.7917489535696101,-39.271229768521003,VP Operações e Segurança,Operações,OO.C,OOTC,OOTF.C ,,,,,,,,Escada - Manuseio,Sem Lesões,,,13,Médio,3 - Trabalho em Altura,,,,,,,,,45587,
1,Próprio,Quase Acidente,,Sim,CHESF,Transmissão,Masculino,51,Acima de 10 anos,Quarta - feira,20,3,2024,10:00 - 11:00,Área rural,Equipe,Pentecoste,CE,LT SBDCPE 04S2 ,-3.7913521140486601,-39.273008087149996,VP Operações e Segurança,Operações,OOT.C,OOTF.C,OOTFB.C,,,,,,,,Outros,Sem Lesões,Pé Direito,,15,Baixo,Outros,,,,,,,,,45371,
1,Terceiro,Quase Acidente,,Sim,Eletronorte,Expansão,Masculino,35,Até 6 meses,Sexta-feira,26,7,2024,10:00 - 11:00,Área rural,Equipe,Pimenta Bueno,RO,SE Pimenta Bueno,-11.6069,-61.136789999999998,VP Engenharia de Expansão,Engenharia,Superintendência de Produção da Transmissão,Departamento Regional de Produção e Trasmissão do Acre e Rondônia,Divisão de Produção da Transmissão de Porto Velho e Ji-Paraná – OOTOP.N,,,N/A,,,,,Carro - Colisão ,Sem Lesões,Não se Aplica,Baixo,15,Baixo,8 - Veículos e Equipamentos Móveis,,,,,,,,,45499,Transmissão
1,Próprio,Quase Acidente,,Não,CGT Eletrosul,Transmissão,Masculino,36,6 a 10 anos,Quarta - feira,24,9,2024,08:00 - 09:00,Empresa,Equipe,Pinhão,PR,SE Areia,-25.968630000000001,-51.602159999999998,VP Operações e Segurança,Operações,OOG.S - Produção de Geração e Transmissão,OOGN.S - Produção de transmissão gerência norte,OOGNA.S - Divisão de produção de transmissão Areia,N/A,N/A,N/A,Não,Não,N/A,N/A,,,,,10,Médio,4 - Eletricidade,,,,,,,,,45559,
1,Terceiro,Típico sem afastamento,,Sim,CGT Eletrosul,CSC,Masculino,57,1 a 3 anos,Sexta-feira,27,9,2024,10:00 - 11:00,Empresa,Dupla,Pinhão,PR,SE Areia,-25.96818,-51.604199999999999,VP Suprimentos e Serviços,VSS,DPS - Departamento de produto e qualidade da unidade sul,DIMP - Divisão de Gestão de Manutenção Predial,SEGIC - Setor de Gestão de Infraestrutura ,45562,45562,0,Não,Não,N/A,,,,,Médio,10,Médio,11 - Não se Aplica,,,,,,,,,45562,
1,Terceiro,Típico com afastamento,,Sim,Eletrobras,Expansão,Masculino,34,6 meses a 1 ano,Terça- feira,2,7,2024,11:00 - 12:00,Empresa,Equipe,Planura,MG,UHE Porto Colômbia ,-20.75,-48.343499999999999,VP Engenharia de Expansão,Engenharia,EEIT - Implantação da Geração,-,-,45476,45499,16,-,Não,-,45491,Transporte manual de carga,Lesão,Tórax,Médio,10,Médio,6 - Linha de Perigo,Em investigação,,,,,,,,45475,Geração
1,Terceiro,Típico com afastamento,,Sim,Eletrobras,Expansão,Masculino,41,6 meses a 1 ano,Quarta - feira,17,7,2024,11:00 - 12:00,Empresa,Equipe,Planura,MG,UHE Porto Colômbia ,-20.751999999999999,-48.343299999999999,VP Engenharia de Expansão,Engenharia,EEIT - Implantação da Geração,-,-,45491,45499,8,-,Não,-,45491,Transporte manual de carga,Lesão,Mão Direita,Baixo,15,Baixo,Outros,Espaço restrito para realização do trabalho,Material acima do peso ideal 23kg,,,,,,,45490,Geração
1,Terceiro,Típico sem afastamento,,Sim,Eletrobras,Expansão,Masculino,36,6 meses a 1 ano,Sábado,14,9,2024,08:00 - 09:00,Empresa,Equipe,Planura,MG,UHE Porto Colômbia ,-20.75,-48.343499999999999,VP Engenharia de Expansão,Engenharia,EEIT - Implantação da Geração,-,-,-,-,0,-,Não,-,-,Golpeado por (atingido por objeto em movimento),Sem Lesões,Mão Direita,Baixo,10,Médio,6 - Linha de Perigo,"Falha no descritivo da função dentro da OS, onde caracterizou o desvio da função  ",Falta de procedimento para realização da atividade  ,Falta do dispositivo para segurar o tirante  ,,,,,,45549,Geração
1,Terceiro,Quase Acidente,,Não,Eletrobras,CSC,Masculino,56,1 a 3 anos,Sexta-feira,12,7,2024,10:00 - 11:00,Via pública,Individual,Planura,MG,UHE Porto Colômbia,-20.126056999999999,-48.572420000000001,VP Operações e Segurança,Operações,OOG.F - Produção da Geração,OOGM.F - Gerência de Minas Gerais,OOGMP.F - O&M Marimb. P. Colomb.,N/A,N/A,N/A,N/A,,N/A,N/A,,,,Baixo,14,Baixo,8 - Veículos e Equipamentos Móveis,Luz solar em direção ao para-brisa do motorista,Excesso de velocidade,,,,,,,45485,
1,Terceiro,Típico com afastamento,,Sim,Eletrobras,Geração - Hidráulica,Masculino,35,6 meses a 1 ano,Sexta-feira,23,8,2024,19:00 - 20:00 ,Empresa,Equipe,Planura,MG,UHE Porto Colômbia,-20.126111111854001,-48.572222222222003,VP Operações e Segurança,Operações,OOG.F - Produção da Geração,OOGM.F - Gerência de Minas Gerais,OOGMP.F - O&M Marimb. P. Colomb.,45531,45545,15,0,Não,,45532,Atingido por (pontos agudos ou cortantes),"Laceração, Corte",Pé Esquerdo,Baixo,14,Baixo,2 - Percepção de Risco,EPI ineficaz,Ausência do risco na PEX,,,,,,,45527,
1,Próprio,Típico sem afastamento,,Sim,Eletrobras,Geração - Hidráulica,Masculino,39,Até 6 meses,Sexta-feira,16,8,2024,13:00 - 14:00,Empresa,Individual,Planura,MG,UHE Porto Colômbia,-20.126056999999999,-48.572420000000001,VP Operações e Segurança,Operações,OOG.F - Produção da Geração,OOGM.F - Gerência de Minas Gerais,OOGMP.F - O&M Marimb. P. Colomb.,N/A,N/A,N/A,N/A,,N/A,45552,Transporte manual de carga,"Laceração, Corte",Mão Esquerda,Baixo,15,Baixo,2 - Percepção de Risco,Presença de rebarbas devido retirada da tampa do tambor,Dificuldade de visualizar as rebarbas do tambor,,,,,,,45520,
1,Terceiro,Quase Acidente,,Não,Eletrobras,CSC,Masculino,34,6 meses a 1 ano,Quinta - feira,19,9,2024,22:00 - 23:00 ,Via pública,Individual,Planura,MG,UHE Porto Colômbia,-20.134769043174099,-48.702208382973197,VP Suprimentos e Serviços,VSS,CS.G - SUP COORD REGIONAL CSC SUDESTE,CSI.G - DEP INFRA E SERV GERAIS,CSFV.G - DIV GESTAO FROTAS E VIAGENS,N/A,N/A,N/A,N/A,,N/A,N/A,,,,,15,Baixo,8 - Veículos e Equipamentos Móveis,Pouca luminosidade,Ausência de sinalização na rodovia,Possível excesso de velocidade,,,,,,45554,
1,Terceiro,Quase Acidente,,Não,Eletrobras,CSC,Masculino,34,6 meses a 1 ano,Sábado,14,9,2024,05:00 - 06:00,Via pública,Individual,Planura,MG,UHE Porto Colômbia,-20.126111111854001,-48.572222222222003,VP Suprimentos e Serviços,VSS,CS.G - SUP COORD REGIONAL CSC SUDESTE,CSI.G - DEP INFRA E SERV GERAIS,CSFV.G - DIV GESTAO FROTAS E VIAGENS,N/A,N/A,N/A,N/A,,N/A,N/A,,,,,15,Baixo,8 - Veículos e Equipamentos Móveis,Pouca luminosidade,Ausência de sinalização na rodovia,Possível excesso de velocidade,,,,,,45549,
1,Terceiro,Típico com afastamento,,Sim,Eletrobras,Transmissão,Masculino,31,Até 6 meses,Segunda - feira,29,1,2024,11:00 - 12:00,Área rural,Equipe,Planura,MG,LT 345kV Marimbondo - Porto Colômbia,-20.098299999999998,-48.640599999999999,VP Operações e Segurança,Operações,OOE.F - Produção Oeste,OOEN.F - Produção Triângulo Mineiro,OOENM.F - Manut. Eletromec. Triâng. Min.,45321,45321,1,0,Não,,45320,Animal,Outros,Partes Múltiplas,Médio,10,Médio,11 - Não se Aplica,Pendente,,,,,,,,45320,
1,Terceiro,Típico com afastamento,,Sim,Eletrobras,Transmissão,Masculino,27,Até 6 meses,Segunda - feira,29,1,2024,11:00 - 12:00,Área rural,Equipe,Planura,MG,LT 345kV Marimbondo - Porto Colômbia,-20.098299999999998,-48.640599999999999,VP Operações e Segurança,Operações,OOE.F - Produção Oeste,OOEN.F - Produção Triângulo Mineiro,OOENM.F - Manut. Eletromec. Triâng. Min.,45321,45321,1,0,Não,,45320,Animal,Outros,Partes Múltiplas,Médio,10,Médio,11 - Não se Aplica,Pendente,,,,,,,,45320,
1,Terceiro,Quase Acidente,,,CHESF,Expansão,Masculino,34,6 meses a 1 ano,Terça- feira,30,7,2024,12:00- 13:00,Via pública,Individual,Poções,BA,SE Poções II,,,VP Engenharia de Expansão,Engenharia,Gestão da Implantação de Transmissão,-,-,-,-,N/A,-,Não,-,-,Animal,Outros,Mão Esquerda,Baixo,15,Baixo,Outros,Em investigação,,,,,,,,45503,Transmissão
1,Terceiro,Típico com afastamento,,Sim,CHESF,Expansão,Masculino,42,Até 6 meses,Segunda - feira,1,4,2024,17:00 - 18:00,Empresa,Equipe,Poções,BA,SE Poções II,-14.518737603071401,-40.379251876792502,VP Engenharia de Expansão,Engenharia,EEI,EEIT,EEITC,45383,45386,7,0,Não,0,45384,Golpeado por (atingido por objeto em movimento),Lesão,,Médio,11,Médio,8 - Veículos e Equipamentos Móveis,,,,,,,,,45383,Transmissão
1,Terceiro,Quase Acidente,,Sim,CHESF,Transmissão,Masculino,52,1 a 3 anos,Sábado,20,1,2024,10:00 - 11:00,Empresa,Individual,Pojuca,BA,Subestação de CATU,-12.399563630820399,-3.83618940785485,VP Operações e Segurança,Operações,OOS.C - PRODUÇÃO SUL,OOSS.C - OPERAÇÃO REGIONAL DE SALVADOR,OOSSC.C - MANUT DA TRANS DE CAMAÇARI,,,,0,Não,0,,Outros,Sem Lesões,,,15,Baixo,8 - Veículos e Equipamentos Móveis,,,,,,,,,45311,
1,Terceiro,Quase Acidente,,Não,Eletrobras,Adm,Masculino,38,1 a 3 anos,Sexta-feira,5,4,2024,10:00 - 11:00,Área rural,Equipe,Pompéu,MG,UHE Retiro Baixo,-18.877559999999999,-44.778530000000003,VP Operações e Segurança,Operações,OOG.F - Produção da Geração,OOGM.F - Gerência de Minas Gerais,OOGMF.F - O&M de Furnas,N/A,N/A,N/A,N/A,,N/A,N/A,,,,,15,Baixo,11 - Não se Aplica,Inspeção no local da atividade,EPI insuficiente,Falha nas manutenções,Objetos despejados,,,,,45387,
1,Terceiro,Típico com afastamento,,Sim,Eletronorte,Expansão,Masculino,37,Até 6 meses,Quinta - feira,3,10,2024,10:00 - 11:00,Empresa,Dupla,Porto Velho,RO,SE Caladinho,,,VP Engenharia de Expansão,Engenharia,Gestão da Implantação da Transmissão,-,-,03/10/204,45629,60,,Não,-,,Escada - Queda,Fratura,Mão Esquerda,Alto,7,Alto,3 - Trabalho em Altura,"Falha na gestão de liberação das atividades, falha de comunicação entre setor de planejamento/execução e segurança do trabalho. ",Falta de gestão sobre os treinamentos e liberação dos colaboradores para realizarem trabalho em altura. ,Inexistência de procedimento executivo para a atividade específica.  ,,,,,,45568,Transmissão
1,Terceiro,Típico sem afastamento,,Sim,Eletronorte,Expansão,Masculino,40,Até 6 meses,Sexta-feira,31,5,2024,08:00 - 09:00,Empresa,Equipe,Porto Velho,RO,SE Caladinho,-8.98,-64.02,VP Engenharia de Expansão,Engenharia,,Departamento de Implantação de transmissão da Eletronorte,,,,,0,Não,0,45445,Atingido entre ou abaixo (esmagado ou amputado),"Escoriação, Abrasão",Mão Esquerda,Baixo,11,Médio,2 - Percepção de Risco,Posicionamento errado de mão,Baixa percepção de risco,Falta de sincronismo dos participantes,,,,,,45443,Transmissão
1,Terceiro,Típico com afastamento,,Sim,Eletronorte,Expansão,Masculino,47,Até 6 meses,Terça- feira,2,9,2024,14:00 - 15:00,Empresa,Equipe,Porto Velho,RO,SE Caladinho,-87.563670999999999,-63.937310799999999,VP Engenharia de Expansão,Engenharia,-,-,-,45538,45543,5,-,Não,-,45538,Outros,"Distensão, Torção",Pé Esquerdo,Baixo,16,Baixo,Outros,Por falta de organização,Porque faltou percepção de risco de todos os envolvidos na atividade,Porque não houve análise crítica do ambiente de trabalho,,,,,,45537,Geração
1,Terceiro,Quase Acidente,,Não,Eletronorte,Expansão,Masculino,37,6 meses a 1 ano,Quarta - feira,24,7,2024,10:00 - 11:00,Empresa,Individual,Porto Velho,RO,SE Coletora,-87.563670999999999,-63.937310799999999,VP Engenharia de Expansão,Engenharia,-,-,-,-,-,N/A,-,Não,-,-,Outros,Sem Lesões,,Baixo,16,Baixo,8 - Veículos e Equipamentos Móveis,Em investigação,,,,,,,,45497,Geração
1,Terceiro,Trajeto com afastamento,,Sim,Eletronorte,Expansão,Masculino,42,Até 6 meses,Segunda - feira,26,8,2024,05:00 - 06:00,Via pública,Individual,Porto Velho,RO,SE Coletora,-87.563670999999999,-63.937310799999999,VP Engenharia de Expansão,Engenharia,-,-,-,45531,45536,4,-,Não,,,Transporte Publico Regular - Colisão,"Laceração, Corte",Cabeça,Médio,7,Alto,8 - Veículos e Equipamentos Móveis,Em investigação,,,,,,,,45530,Geração
1,Terceiro,Trajeto com afastamento,,Sim,Eletronorte,Expansão,Masculino,,,Segunda - feira,26,8,2024,15:00 - 16:00,Via pública,Individual,Porto Velho,RO,SE COLETORA,-9.7200000000000006,-65.17,VP Engenharia de Expansão,Engenharia,,Departamento de Implantação de transmissão da Eletronorte,,45530,45533,4,0,Não,,45530,Transporte Publico Regular - Colisão,"Laceração, Corte",Cabeça,Médio,13,Médio,8 - Veículos e Equipamentos Móveis,"Autoconfiança no trânsito, está habituado a seguir a mesma rota",Displicência no trânsito,,,,,,,45530,Transmissão
1,Terceiro,Típico sem afastamento,,Sim,Eletrobras,CSC,Masculino,33,3 a 6 anos,Terça- feira,25,6,2024,11:00 - 12:00,Empresa,Individual,Porto Velho,RO,UHE Santo Antonio (SPE),-8.9108699999999992,-63.93365,VP Operações e Segurança,Operações,-,,,N/A,N/A,N/A,N/A,,N/A,45468,Atingido por (pontos agudos ou cortantes),Lesão,Pé Direito,Baixo,14,Baixo,11 - Não se Aplica,Impossibilidade de visualização do objeto,,,,,,,,45468,
1,Terceiro,Típico sem afastamento,,Sim,Eletrobras,CSC,Feminino,34,1 a 3 anos,Segunda - feira,3,6,2024,15:00 - 16:00,Empresa,Individual,Porto Velho,RO,UHE Santo Antonio (SPE),-8.8043055559032997,-63.945611111110999,VP Suprimentos e Serviços,VSS,-,Compliance e controles internos,Compliance e controles internos,N/A,N/A,N/A,N/A,,N/A,,Golpeado por (atingido por objeto em movimento),Outros,Mão Direita,Baixo,16,Baixo,2 - Percepção de Risco,Falta de postura defensiva ao descer do veículo,,,,,,,,45446,
1,Terceiro,Típico sem afastamento,,Sim,Eletrobras,Geração - Hidráulica,Masculino,44,1 a 3 anos,Segunda - feira,15,7,2024,19:00 - 20:00 ,Empresa,Dupla,Porto Velho,RO,UHE Santo Antonio (SPE),-8.8104720000000007,-63.959072159999998,VP Operações e Segurança,Operações,-,GMG - Gerência de Manutenção de Unidades Geradoras,CMRE - Coordenação de Manutenção da Revisão,N/A,N/A,N/A,N/A,,N/A,45489,Ferramenta Manual,Esmagamento,Dedo da mão Esquerda,Baixo,11,Médio,2 - Percepção de Risco,Movimentação manual indevida de peça metálica de 85kg,Não utilização de outra talha manual para realizar atividade,Não foi retirado o guarda corpo da plataforma,,,,,,45488,
1,Próprio,Quase Acidente,,Não,Eletrobras,Transmissão,Masculino,42,6 a 10 anos,Domingo,14,7,2024,04:00 - 05:00,Empresa,Individual,Porto Velho,RO,SE Coletora Porto Velho (SPE),-8.9108699999999992,-63.93365,VP Operações e Segurança,Operações,-,GO - Gerência de Operação,Coordenação de Operação,N/A,N/A,N/A,N/A,,N/A,N/A,,,,,4,Alto,4 - Eletricidade,Identificação precária e baixa luminosidade,Desconhecimento dos equipamentos e manobras,Descumprimento do padrão de comunicação​,Ausência do roteiro de manobras para o atendimento atividade de outros agentes​,Acompanhamento de manobras teleassistidas,,,,45487,
1,Próprio,Quase Acidente,,Não,Eletrobras,Geração - Hidráulica,,,,Quinta - feira,11,7,2024,18:00 - 19:00 ,Empresa,Equipe,Porto Velho,RO,UHE Santo Antonio (SPE),-8.8104720000000007,-63.959071999999999,VP Operações e Segurança,Operações,-,GMG - Gerência de Manutenção de Unidades Geradoras,CMRE - Coordenação de Manutenção da Revisão,N/A,N/A,N/A,N/A,,N/A,N/A,,,,,14,Baixo,8 - Veículos e Equipamentos Móveis,(em investigação),,,,,,,,45484,
1,Terceiro,Quase Acidente,,Não,Eletrobras,Geração - Hidráulica,Feminino,23,1 a 3 anos,Sexta-feira,9,8,2024,15:00 - 16:00,Via pública,Individual,Porto Velho,RO,UHE Santo Antonio (SPE),-8.9108699999999992,-63.93365,VP Operações e Segurança,Operações,-,,,N/A,N/A,N/A,N/A,,N/A,N/A,,,,Baixo,15,Baixo,8 - Veículos e Equipamentos Móveis,Condutor usando celular enquanto dirigia,,,,,,,,45513,
1,Próprio,Quase Acidente,,Não,Eletrobras,Geração - Hidráulica,Masculino,48,6 a 10 anos,Quinta - feira,12,9,2024,12:00- 13:00,Empresa,Individual,Porto Velho,RO,UHE Santo Antonio (SPE),-8.9108699999999992,-63.93365,VP Operações e Segurança,Operações,-,GMA - Gerência de Manutenção de Auxiliares,-,N/A,N/A,N/A,N/A,,N/A,N/A,,,,Baixo,15,Baixo,2 - Percepção de Risco,Painel em ponto cego em local de trânsito de pessoas,"Painel instalado a aproximadamente 1,65m",Falta de sinalização no painel,,,,,,45547,
1,Próprio,Quase Acidente,,Não,Eletrobras,Geração - Hidráulica,Feminino,39,6 a 10 anos,Quinta - feira,31,10,2024,07:00 - 08:00,Empresa,Individual,Porto Velho,RO,UHE Santo Antonio (SPE),-8.9108699999999992,-63.93365,VP Operações e Segurança,Operações,,,,N/A,N/A,N/A,N/A,,N/A,N/A,,,,,15,Baixo,2 - Percepção de Risco,(em investigação),,,,,,,,45596,
1,Terceiro,Quase Acidente,,Não,Eletrobras,CSC,Feminino,37,Até 6 meses,Sexta-feira,25,10,2024,10:00 - 11:00,Empresa,Individual,Porto Velho,RO,UHE Santo Antonio (SPE),-8.9108699999999992,-63.93365,VP Suprimentos e Serviços,VSS,,,,N/A,N/A,N/A,N/A,,N/A,N/A,,,,,15,Baixo,2 - Percepção de Risco,(em investigação),,,,,,,,45590,
1,Terceiro,Típico sem afastamento,,Sim,Eletrobras,Geração - Hidráulica,Masculino,37,3 a 6 anos,Quinta - feira,24,10,2024,13:00 - 14:00,Empresa,Individual,Porto Velho,RO,UHE Santo Antonio (SPE),-8.8146944447926003,-63.969666666667003,VP Operações e Segurança,Operações,-,GO - Gerência de Operação,SMT - Sistema de Manejo de Tronco,N/A,N/A,N/A,N/A,,N/A,45590,Golpeado por (atingido por objeto em movimento),"Escoriação, Abrasão",Perna Direita,,15,Baixo,2 - Percepção de Risco,"Local onde estava acondicionado o rolamento da roldana para retirada da capa do rolamento estava indequado
",Falta de fixação adequada para retirada da peça,,,,,,,45589,
1,Terceiro,Quase Acidente,,Não,Eletrobras,Geração - Hidráulica,Masculino,37,1 a 3 anos,Sexta-feira,11,10,2024,09:00 - 10:00,,Individual,Porto Velho,RO,UHE Santo Antonio (SPE),-8.9108699999999992,-63.93365,VP Operações e Segurança,Operações,-,GO - Gerência de Operação,-,N/A,N/A,N/A,N/A,,N/A,N/A,,,,Baixo,15,Baixo,11 - Não se Aplica,Local onde a carga estava acondicionada é instável (embarcação),Procedimento não contempla forma adequada para fixação do pino (PO-GO-0025),Falta de fixação adequada da carga no piso da embarcação,,,,,,45576,
1,Terceiro,Quase Acidente,,Não,Eletrobras,CSC,Masculino,37,6 meses a 1 ano,Segunda - feira,18,11,2024,17:00 - 18:00,Via pública,Individual,Porto Velho,RO,UHE Santo Antonio (SPE),-8.7972750000000008,-63.902344999999997,VP Suprimentos e Serviços,VSS,-,Manutenção de Geradores/Auxiliares ,-,N/A,N/A,N/A,N/A,,N/A,N/A,,,,,11,Médio,8 - Veículos e Equipamentos Móveis,(em investigação),,,,,,,,45614,
1,Terceiro,Típico sem afastamento,,Sim,Eletrobras,Geração - Hidráulica,Masculino,> 60,Até 6 meses,Segunda - feira,30,12,2024,10:00 - 11:00,Empresa,Dupla,Porto Velho,RO,UHE Santo Antonio (SPE),-8.9108699999999992,-63.93365,VP Operações e Segurança,Operações,-,GMG - Gerência de Manutenção,-,N/A,N/A,N/A,N/A,,N/A,45656,Ferramenta Manual,"Escoriação, Abrasão",Dedo da mão Direita,Baixo,11,Médio,2 - Percepção de Risco,(em investigação),,,,,,,,45656,
1,Terceiro,Típico sem afastamento,,Sim,Eletrobras,Geração - Hidráulica,Masculino,24,Até 6 meses,Segunda - feira,9,12,2024,15:00 - 16:00,Empresa,Equipe,Porto Velho,RO,UHE Santo Antonio (SPE),-8.8041072272213494,-63.958427093660198,VP Operações e Segurança,Operações,-,GO - Gerência de Operação,-,N/A,N/A,N/A,N/A,,N/A,45636,Atingido por (pontos agudos ou cortantes),"Laceração, Corte",Braço Direito,Baixo,15,Baixo,11 - Não se Aplica,(em investigação),,,,,,,,45635,
1,Terceiro,Típico sem afastamento,,Sim,Eletrobras,CSC,Masculino,41,1 a 3 anos,Segunda - feira,22,4,2024,11:00 - 12:00,Empresa,Equipe,Porto Velho,RO,UHE Santo Antonio (SPE),-8.9108699999999992,-63.93365,VP Suprimentos e Serviços,VSS,-,Manutenção de geradores,Manutenção preventiva,N/A,N/A,N/A,N/A,,N/A,45405,Ferramenta Manual,Fratura,Face,Baixo,15,Baixo,2 - Percepção de Risco,Processo de execução do alinhamento do tubo rool não está no procedimento,Percepção de risco na atividade,,,,,,,45404,
1,Terceiro,Típico sem afastamento,,Sim,Eletrobras,CSC,Masculino,43,Até 6 meses,Sexta-feira,19,4,2024,13:00 - 14:00,Empresa,Equipe,Porto Velho,RO,UHE Santo Antonio (SPE),-8.9108699999999992,-63.93365,VP Suprimentos e Serviços,VSS,-,Engenharia e Planejamento,Manutenção civil,N/A,N/A,N/A,N/A,,N/A,45405,Golpeado por (atingido por objeto em movimento),"Escoriação, Abrasão",Mão Direita,Baixo,16,Baixo,2 - Percepção de Risco,Manuseio de material cortante,Falha no procedimento para manuseio de telhas,,,,,,,45401,
1,Terceiro,Quase Acidente,,Sim,Eletronorte,CSC,Masculino,> 60,6 meses a 1 ano,Domingo,31,3,2024,05:00 - 06:00,Via pública,Individual,Porto Velho,RO,SE COLETORA,-9.7200000000000006,-65.17,VP Suprimentos e Serviços,VSS,Superintendência de Coordenação Regional do CSC Norte,,,,,,,,,,Carro - Colisão ,Sem Lesões,,Baixo,15,Baixo,8 - Veículos e Equipamentos Móveis,Baixa luminosidade,,,,,,,,45382,
1,Terceiro,Quase Acidente,,Sim,Eletronorte,Expansão,Masculino,30,1 a 3 anos,Segunda - feira,5,2,2024,13:00 - 14:00,Empresa,Individual,Presidente Dutra,PA,SE Presidente Dutra,-5.26,-44.48,VP Engenharia de Expansão,Engenharia,,,,,,0,0,Não,0,,Carro - Colisão ,Sem Lesões,,Baixo,14,Baixo,8 - Veículos e Equipamentos Móveis,,,,,,,,,45327,Transmissão
1,Próprio,Quase Acidente,,Sim,Eletronorte,Transmissão,,,,Quinta - feira,27,6,2024,21:00 - 22:00 ,Empresa,,Presidente Dutra,MA,SE Presidente Dutra,-5.26,-44.48,VP Operações e Segurança,Operações,Superintendência de Produção da Transmissão,Departamento Regional de Produção e Transmissão do Maranhão e Tocantins,,NA,NA,NA,NA,Não,,NA,Incêndio,Sem Lesões,,Alto,4,Alto,4 - Eletricidade,,,,,,,,,45470,
1,Próprio,Quase Acidente,,Sim,Eletronorte,Transmissão,,,,Segunda - feira,28,10,2024,14:00 - 15:00,Empresa,,Presidente Dutra,MA,SE Presidente Dutra,-5.26,-44.48,VP Operações e Segurança,Operações,Superintendência de Produção da Transmissão,Departamento Regional de Produção e Transmissão do Maranhão e Tocantins,,NA,NA,NA,NA,Não,,NA,Explosão,Sem Lesões,,Baixo,4,Alto,4 - Eletricidade,,,,,,,,,45593,
1,Terceiro,Típico com afastamento,,Sim,Eletronorte,Geração - Hidráulica,Masculino,43,6 meses a 1 ano,Sexta-feira,5,1,2024,09:00 - 10:00,Empresa,Dupla,Presidente Figueiredo,AM,UHE Balbina,-1.91,-59.47,VP Operações e Segurança,Operações,Superintendência de Coordenação Regional do CSC Norte,Departamento de Infraestrutura de Serviços Gerais CSC,Divisão de Infraestrutura e Serviços Gerais da Regional do Amazonas,45297,45298,1,0,Não,0,45310,Animal,Intoxicação,Mão Direita,Baixo,11,Médio,2 - Percepção de Risco,Não Observância sobre o uso de Equipamento de Proteção Individual,Falta de Planejamento e realização de Análise preliminar de risco,Falha na organização de ferramentas e equipamentos,Não observância das medidas preventivas de incidentes com animais peçonhentos,,,,,45296,
1,Terceiro,Típico com afastamento,,Sim,Eletronorte,Geração - Hidráulica,Masculino,27,Até 6 meses,Quinta - feira,15,2,2024,10:00 - 11:00,Área rural,Individual,Presidente Figueiredo,AM,UHE Balbina,-1.91,-59.47,VP Operações e Segurança,Operações,Superintendência de Produção da Geração Hidraulica,Departamento de Meio Ambiente da  Geração Hidraulica,Divisão de meio ambiente e manuteção civil geração,45337,45339,2,0,Não,0,45341,Animal,"Laceração, Corte",Perna Direita,Médio,11,Médio,2 - Percepção de Risco,Funcionario não utilizava perneira,"o serviço foi realizado sem Ordem de serviço, Planejamento, e Analise de risco",Vitima não comunicou a coordenação imediata sobre o acodente.,,,,,,45337,
1,Terceiro,Trajeto com afastamento,,Sim,Eletronorte,Geração - Hidráulica,Masculino,35,6 meses a 1 ano,Sexta-feira,20,12,2024,07:00 - 08:00,Área rural,Individual,Presidente Figueiredo,AM,UHE Balbina,-1.91,-59.47,VP Operações e Segurança,Operações,Superintendência de Produção da Geração Hidraulica,Gerência de divisão de manutenção da UHE Balbina - OOGBA.N ,OOG.N - Departamento de Produção da Geração Hidráulica,45646,45708,14,,Não,,empregado,Moto - Colisão,"Escoriação, Abrasão",Mão Direita,Médio,11,Médio,2 - Percepção de Risco,Falta de Manutenção preventiva da via e Condição climática desfavorável.,,,,,,,,45646,
1,Próprio,Quase Acidente,,Sim,CHESF,Transmissão,Masculino,55,6 a 10 anos,Quarta - feira,24,1,2024,09:00 - 10:00,Empresa,Individual,Recife,PE,Subestação do Bongi,-8.0644950372861093,-34.927441447954003,VP Operações e Segurança,Operações,OON.C - PRODUÇÃO NORTE,OONR.C - OPERAÇÃO REGIONAL DE RECIFE,OONRT.C - MANUT DA TRANSMISSÃO DE RECIFE,,,,0,Não,0,,Passarela/ plataforma permanentes - superfície utilizada para sustentar pessoas,Sem Lesões,Perna Direita,,10,Médio,Outros,,,,,,,,,45315,
1,Próprio,Trajeto sem afastamento,,Sim,CHESF,CSC,Feminino,42,Acima de 10 anos,Sexta-feira,22,3,2024,10:00 - 11:00,Outros,Individual,Recife,PE,Estacionamento COS - Sede Chesf,-8.0638232164039501,-34.929990479412602,VP Suprimentos e Serviços,VSS,,, DGCFP,45373,45373,0,0,Não,0,45400,Queda mesmo nível,"Escoriação, Abrasão",Joelho,Baixo,15,Baixo,Outros,,,,,,,,,45373,
1,Próprio,Quase Acidente,,Sim,CHESF,CSC,Feminino,41,Acima de 10 anos,Sexta-feira,19,4,2024,17:00 - 18:00,Empresa,Individual,Recife,PE,Sede Recife,-8.0638232164039501,-34.929990479412602,VP Suprimentos e Serviços,VSS,CAF,DGCS,,,,,,,,,Escorregou/Desequilibrou,Sem Lesões,,,15,Baixo,Outros,,,,,,,,,45401,
1,Próprio,Quase Acidente,,Sim,CHESF,CSC,Masculino,25,Até 6 meses,Segunda - feira,8,4,2024,17:00 - 18:00,Empresa,Individual,Recife,PE,Sede Recife - Anexo II,-8.0638232164039501,-34.929990479412602,VP Suprimentos e Serviços,VSS, SGC,,DGCIM,,,,,,,,Atingido por (pontos agudos ou cortantes),Lesão,Pé Esquerdo,Baixo,15,Baixo,Outros,,,,,,,,,45390,
1,Próprio,Trajeto com afastamento,,Sim,CHESF,CSC,Feminino,> 60,Acima de 10 anos,Quinta - feira,11,6,2024,11:00 - 12:00,Via pública,Individual,Recife,PE,Sede Recife,-8.0635971547917507,-34.929949705626598,VP Suprimentos e Serviços,VSS,,,DGCSG,45456,45464,8,0,Não,0,45488,Queda mesmo nível,Lesão,Coluna,Baixo,14,Baixo,Outros,,,,,,,,,45454,
1,Próprio,Trajeto sem afastamento,,Sim,CHESF,Transmissão,Masculino,29,Até 6 meses,Terça- feira,4,6,2024,08:00 - 09:00,,Individual,Recife,PE,Av Abdias de Carvalho,-8.0629383543078408,-34.934288536316799,VP Operações e Segurança,Operações,,,OOPP.C,45447,45462,15,0,Sim,0,45456,Moto - Colisão,Fratura,Mão Direita,Médio,11,Médio,8 - Veículos e Equipamentos Móveis,,,,,,,,,45447,
1,Próprio,Quase Acidente,,Sim,CHESF,Adm,Masculino,29,Até 6 meses,Terça- feira,27,8,2024,10:00 - 11:00,Empresa,Individual,Recife,PE,Sede Recife,-8.0639041159712406,-34.930328040636397,"VP Gente, Gestão e Cultura",Outros,PR ,OOXC,,,,,,,,,Queda mesmo nível,Sem Lesões,Joelho,,15,Baixo,Outros,,,,,,,,,45531,
1,Próprio,Quase Acidente,,Sim,CHESF,Transmissão,Masculino,52,Acima de 10 anos,Sexta-feira,13,9,2024,18:00 - 19:00 ,Via pública,Individual,Recife,PE,CDSH,-8.0635971547917507,-34.929949705626598,VP Operações e Segurança,Operações,OO.C,OOP.C,OOPM.C,,,,,,,,Queda mesmo nível,Sem Lesões,Joelho,,15,Baixo,Outros,,,,,,,,,45548,
1,Próprio,Quase Acidente,Sim,Sim,CHESF,Transmissão,Masculino,,Até 6 meses,Domingo,15,9,2024,16:00 - 17:00,Via pública,Dupla,Recife,PE,BR 101 KM 57,-8.0601993431889607,-34.944020600193802,VP Operações e Segurança,Operações,OOT.C,OOTR.C,OOTRA.C,,,,,,,,Carro - Colisão ,Sem Lesões,,,13,Médio,8 - Veículos e Equipamentos Móveis,,,,,,,,,45550,
1,Próprio,Quase Acidente,,Sim,CHESF,CSC,Masculino,25,1mês,Terça- feira,10,9,2024,07:00 - 08:00,Via pública,Individual,Recife,PE,Via Pública,-79393231,-348249080,VP Suprimentos e Serviços,VSS,CSC,,,,,,,,,,Moto - Queda,Sem Lesões,,,15,Baixo,8 - Veículos e Equipamentos Móveis,,,,,,,,,45545,
1,Próprio,Quase Acidente,,Sim,CHESF,Transmissão,Masculino,32,6 meses a 1 ano,Segunda - feira,2,12,2024,08:00 - 09:00,Via pública,Individual,Recife,PE,Via Pública,-7.8929477237814396,-35.0473492348817,VP Operações e Segurança,Operações,OOT.C,OOTRB.C,OOTRB.C,,,,,,,,Carro - Colisão ,Sem Lesões,,,10,Médio,8 - Veículos e Equipamentos Móveis,,,,,,,,,45628,
1,Terceiro,Típico com afastamento,,Sim,CHESF,CSC,Masculino,37,,Quinta - feira,16,5,2024,11:00 - 12:00,Empresa,Individual,Recife,PE,Sede Recife,-8.0635971547917507,-34.929949705626598,VP Suprimentos e Serviços,VSS,,,FACILITIES,45428,45442,14,0,Não,0,,Atingido por (pontos agudos ou cortantes),Fratura,Dedo da mão Direita,Médio,11,Médio,8 - Veículos e Equipamentos Móveis,,,,,,,,,45428,
1,Terceiro,Quase Acidente,,Sim,CHESF,CSC,Feminino,46,1 a 3 anos,Sábado,14,9,2024,09:00 - 10:00,Empresa,Individual,Recife,PE,Sede Recife,-8.0635971547917507,-34.929949705626598,VP Suprimentos e Serviços,VSS,,,DGCIM ,,,,,,,,Outros,Sem Lesões,,,15,Baixo,Outros,,,,,,,,,45549,
1,Terceiro,Quase Acidente,,Sim,CHESF,CSC,Masculino,51,Acima de 10 anos,Segunda - feira,2,9,2024,18:00 - 19:00 ,Empresa,Individual,Recife,PE,Sede Recife,-8.0635971547917507,-34.929949705626598,VP Suprimentos e Serviços,VSS, CSC ,SSCIS, SSCISS,,,,,,,,"Golpeado contra (correndo em direção, tropeçando em)",Sem Lesões,Face,,15,Baixo,Outros,,,,,,,,,45537,
1,Terceiro,Típico com afastamento,,Sim,CHESF,CSC,Masculino,58,Até 6 meses,Segunda - feira,14,12,2024,23:00 - 00:00 ,Empresa,Individual,Recife,PE,Sede Recife - Anexo II,-8.0644525463515606,-34.927538005519601,VP Suprimentos e Serviços,VSS,CSC,CSC,,45640,45730,90,,,,,Outros,Fratura,Braço Esquerdo,Médio,11,Médio,2 - Percepção de Risco,,,,,,,,,45640,
1,Terceiro,Quase Acidente,,Sim,CHESF,Transmissão,Masculino,52,6 meses a 1 ano,Segunda - feira,9,12,2024,16:00 - 17:00,Empresa,Individual,Recife,PE,Sede Recife - Anexo V,-8.0644525463515606,-34.927538005519601,VP Operações e Segurança,Operações,OOA.C,OOAM.C,,,,,,,,,Eletricidade,Sem Lesões,,,7,Alto,4 - Eletricidade,,,,,,,,,45635,
1,Terceiro,Quase Acidente,,Sim,CHESF,CSC,Feminino,48,1 a 3 anos,Segunda - feira,8,4,2024,07:00 - 08:00,Empresa,Individual,Recife,PE,Sede Recife,-8.0638232164039501,-34.929990479412602,VP Suprimentos e Serviços,VSS,SGC,,DGCIM,,,,,,,,"Impacto sofrido por pessoa, de objeto que cai",Sem Lesões,Cabeça,,16,Baixo,Outros,,,,,,,,,45390,
1,Terceiro,Quase Acidente,,Sim,CHESF,CSC,Masculino,52,6 meses a 1 ano,Terça- feira,25,6,2024,10:00 - 11:00,Empresa,Individual,Recife,PE,Sede Recife,-8.0635971547917507,-34.929949705626598,VP Suprimentos e Serviços,VSS,DF.C,SGC,DGCIM,,,,,,,,Outros,Sem Lesões,,,16,Baixo,Outros,,,,,,,,,45468,
1,Terceiro,Típico sem afastamento,,Sim,CHESF,Transmissão,Masculino,22,1 a 3 anos,Segunda - feira,11,3,2024,06:00 - 07:00,Outros,Equipe,Remígio,PB,Posto de combustível em Remígio/PB,-6.9659731077847598,-35.796148925874498,VP Operações e Segurança,Operações,OOT.C,OOTR.C,OOTRC.C,45362,45362,4,0,Sim,0,45362,Ferramenta Manual,"Laceração, Corte",Mão Esquerda,Baixo,14,Baixo,Outros,,,,,,,,,45362,
1,Terceiro,Quase Acidente,Sim,Sim,CHESF,CSC,Masculino,,,Quinta - feira,24,10,2024,,Via pública,Individual,Riachão do Poço,PB,Via Pública,-7.1458393740953801,-35.263756871210397,VP Suprimentos e Serviços,VSS,CSC,CSC,DGCIF,,,,,,,,Carro - Colisão ,Sem Lesões,,,13,Médio,8 - Veículos e Equipamentos Móveis,,,,,,,,,45589,
1,Próprio,Desvio Crítico,,Não,CGT Eletrosul,Transmissão,,,N/A,Quinta - feira,4,7,2024,11:00 - 12:00,Empresa,Equipe,Ribas do Rio Pardo,MS,SE Mimoso,-20.544609999999999,-53.83182,VP Operações e Segurança,Operações,OOG.S - Produção de Geração e Transmissão,OOGN.S - Produção de transmissão gerência norte,OOGNC.S - Divisão de produção de transmissão Campo Grande,N/A,N/A,N/A,Não,Não,N/A,N/A,,,,,4,Alto,4 - Eletricidade,,,,,,,,,45477,
1,Próprio,Típico com afastamento,,Sim,CGT Eletrosul,Transmissão,Masculino,51,Acima de 10 anos,Sexta-feira,18,10,2024,15:00 - 16:00,Área rural,Equipe,Ribas do Rio Pardo,MS,SE Londrina,-20.640139999999999,-53.40831,VP Operações e Segurança,Operações,OOO.S - Gerência Executiva Gestão da Operação,OOGN.S - Produção de transmissão gerência norte,OOGNL.S - Divisão de produção de transmissão Londrina,45583,45592,9,Não,Não,N/A,45586,Golpeado por (atingido por objeto em movimento),"Laceração, Corte",Mão Direita,Médio,11,Médio,6 - Linha de Perigo,,,,,,,,,45583,
1,Terceiro,Típico com afastamento,,Sim,CHESF,Transmissão,Masculino,28,6 meses a 1 ano,Domingo,25,2,2024,14:00 - 15:00,Empresa,Equipe,Ribeira do Amparo,BA,LT 05S4 LGZ/OLD,-11.0379350278914,-38.431373082037197,VP Operações e Segurança,Operações,OOS.C - PRODUÇÃO SUL,OOSP.C - OPER REGIONAL DE PAULO AFONSO,OOSPT.C - MANUT DA TRANS DE PAULO AFONSO,45347,45349,2,0,Não,0,45347,Golpeado por (atingido por objeto em movimento),"Laceração, Corte",Face,Médio,7,Alto,3 - Trabalho em Altura,,,,,,,,,45347,
1,Terceiro,Típico sem afastamento,,Sim,CHESF,Transmissão,Masculino,36,,Segunda - feira,25,11,2024,13:00 - 14:00,Área rural,Equipe,Ribeira do Amparo,BA,LT 05S4 LGZ/OLD,-11.039662524493799,-38.430600301874399,VP Operações e Segurança,Operações,OOT.C,OOTB.C,OOTBB.C,45621,45621,0,Não,Não,0,,"Impacto sofrido por pessoa, de objeto que cai",Lesão,Face,Baixo,11,Médio,4 - Eletricidade,,,,,,,,,45621,
1,Terceiro,Trajeto sem afastamento,,,CHESF,Expansão,Masculino,> 60,3 a 6 anos,Terça- feira,24,9,2024,06:00 - 07:00,Via pública,Equipe,Ribeirão,PE,Via Pública,,,VP Engenharia de Expansão,Engenharia,Gestão da Implantação de Transmissão,-,-,-,-,0,-,Não,-,-,,,,Médio,10,Médio,8 - Veículos e Equipamentos Móveis,Em Investigação,,,,,,,,45559,Transmissão
1,Terceiro,Quase Acidente,,Sim,Eletronorte,CSC,,30,1 a 3 anos,Sexta-feira,23,2,2024,11:00 - 12:00,,Individual,Ribeiro Gonçalves,PI,SE Ribeiro Gonçalves,-7.5608678999999999,-45.242949199999998,VP Operações e Segurança,Operações,Superintendência de Produção da Transmissão,,,,,,0,Não,0,,Golpeado por (atingido por objeto em movimento),Sem Lesões,,Baixo,15,Baixo,8 - Veículos e Equipamentos Móveis,,,,,,,,,45345,
1,Terceiro,Trajeto com afastamento,,Sim,Eletronorte,CSC,Feminino,30,3 a 6 anos,Quarta - feira,9,10,2024,06:00 - 07:00,Via pública,Individual,Rio Branco,AC,SE Acre,-9.9661299999999997,-67.386600000000001,VP Suprimentos e Serviços,VSS,Superintendência de Coordenação Regional do CSC Norte,Departamento de Infraestrutura de Serviços Gerais CSC,Divisão de Infraestrutura e serviços gerais ,45574,45576,2,0,,0,45574,Moto - Colisão,"Escoriação, Abrasão",Cabeça,Médio,7,Alto,8 - Veículos e Equipamentos Móveis,,,,,,,,,45574,
1,Próprio,Quase Acidente,,Sim,Eletronorte,Transmissão,Masculino,37,Acima de 10 anos,Sexta-feira,22,11,2024,16:00 - 17:00,Empresa,Individual,Rio Branco,AC,SE Rio Branco,-9.9661299999999997,-67.386600000000001,VP Operações e Segurança,Operações,Superintendência de Produção da Transmissão,Departamento Regional de Produção da transmissão Norte,,N/A,N/A,,,,,N/A,,,,Baixo,11,Médio,2 - Percepção de Risco,,,,,,,,,45618,
1,Próprio,Trajeto com afastamento,,Sim,Eletrobras,Expansão,Masculino,38,10 a 15 anos,Quinta - feira,14,3,2024,18:00 - 19:00 ,Via pública,Individual,Rio de Janeiro,RJ,EBM,-22.910000000823999,-43.173611111111001,VP Engenharia de Expansão,Engenharia,EEPT - Expansão de Transmissão,EEPTE - Est Viab Tec Transmissão,-,45365,45366,1,0,Não,,45383,Moto - Atropelamento,"Escoriação, Abrasão",Partes Múltiplas,Médio,7,Alto,2 - Percepção de Risco,Baixa percepção de risco,Comportamento usual e cultural das pessoas,Motocicleta transitando entre veículos,Motocicleta em ponto cego da vítima,,,,,45365,Transmissão
1,Próprio,Trajeto sem afastamento,,Sim,Eletrobras,Adm,Feminino,50,6 a 10 anos,Segunda - feira,27,5,2024,08:00 - 09:00,Empresa,Individual,Rio de Janeiro,RJ,EBM,-22.910000000823999,-43.173611111111001,VP Engenharia de Expansão,Engenharia,EECP.F - Parceiros de Negócio Engenharia,-,-,N/A,N/A,N/A,N/A,Não,N/A,45439,Queda mesmo nível,"Escoriação, Abrasão",Partes Múltiplas,Baixo,14,Baixo,2 - Percepção de Risco,Superfície escorregadia devido à presença de água e areia,Uso de bicicleta em superfície escorregadia,,,,,,,45439,Geração
1,Terceiro,Quase Acidente,,Não,Eletrobras,Adm,Masculino,55,3 a 6 anos,Sexta-feira,26,7,2024,08:00 - 09:00,Empresa,Individual,Rio de Janeiro,RJ,SE Jacarepaguá,-22.921900000000001,-43.420099999999998,VP Suprimentos e Serviços,VSS,SSLG - Gestão Logística,SSLGA - Operações de Almoxarifado,SSLGS.F - Op Reg Almox SE 1,N/A,N/A,N/A,N/A,,N/A,N/A,,,,,14,Baixo,2 - Percepção de Risco,Inserção do grampo no grampeador,Não observação da ficha antes de pegá-la,Manuseio da ficha no lado onde o grampo é aplicado,Mão desprotegida,,,,,45499,
1,Próprio,Trajeto com afastamento,,Sim,Eletrobras,Adm,Masculino,47,6 a 10 anos,Sexta-feira,20,9,2024,11:00 - 12:00,Via pública,Individual,Rio de Janeiro,RJ,EBM,-22.916989000000001,-43.212699999999998,VP Suprimentos e Serviços,VSS,SSTG - Projetos de Transmissão e Geração,SSTGH - Projetos de Geração,-,45556,45569,14,0,Não,,45558,Queda mesmo nível,Fratura,Perna Esquerda,Médio,11,Médio,2 - Percepção de Risco,Ausência de manutenção regular da infraestrutura urbana,Falta de sinalização ou barreiras em áreas danificadas,Falta de conscientização coletiva sobre a importância de reportar irregularidades,Condições inadequadas de deslocamento e falta de atenção ao caminhar,,,,,45555,
1,Terceiro,Típico com afastamento,,Sim,Eletrobras,CSC,Feminino,38,3 a 6 anos,Quarta - feira,18,9,2024,11:00 - 12:00,Empresa,Individual,Rio de Janeiro,RJ,UTE Santa Cruz,-22.912500000824,-43.764166666667002,VP Suprimentos e Serviços,VSS,CS.G - SUP COORD REGIONAL CSC SUDESTE,CSI.G - DEP INFRA E SERV GERAIS,CSRJ.G - DIV INFRA SERV GERAIS RJ,45554,45556,3,0,Não,,45558,Golpeado por (atingido por objeto em movimento),Lesão,Mão Direita,Médio,11,Médio,2 - Percepção de Risco,Portão de correr de ferro do almoxarifado,,,,,,,,45553,
1,Próprio,Típico sem afastamento,,Sim,Eletrobras,Transmissão,Masculino,43,6 a 10 anos,Quarta - feira,11,9,2024,14:00 - 15:00,Empresa,Individual,Rio de Janeiro,RJ,SE Jacarepaguá,-22.921900000000001,-43.420099999999998,VP Operações e Segurança,Operações,OOT.F - Produção da Transmissão,OOTR.F - Gerência Rio de Janeiro,OOTRG.F - O&M Grajaú Jacarepa.,N/A,N/A,N/A,N/A,Não,N/A,45559,Queda com diferença de nível,"Distensão, Torção",Perna Direita,Médio,11,Médio,2 - Percepção de Risco,(em investigação),,,,,,,,45546,
1,Próprio,Trajeto com afastamento,,Sim,Eletrobras,Adm,Feminino,57,Acima de 10 anos,Quarta - feira,4,12,2024,12:00- 13:00,Via pública,Individual,Rio de Janeiro,RJ,EBM,-22.902221999999998,-43.172499999999999,VP Suprimentos e Serviços,VSS,GCBP - Previdência e Saúde (+Benefícios),GCBPP - Previdência,-,45630,45644,15,0,Não,,45645,Queda mesmo nível,"Distensão, Torção",Perna Direita,Baixo,14,Baixo,2 - Percepção de Risco,Possível falta de atenção ao piso durante a travessia,"Histórico de fratura no pé direito, aumentando vulnerabilidade",Ausência de treinamentos sobre segurança no trajeto,,,,,,45630,
1,Terceiro,Quase Acidente,,Não,Eletrobras,Transmissão,Masculino,46,3 a 6 anos,Sexta-feira,19,1,2024,11:00 - 12:00,Empresa,Individual,Rio de Janeiro,RJ,SE Grajaú,-22.927500000824999,-43.264722222221998,VP Suprimentos e Serviços,VSS,,-,SSCISF - Gestão de Facilities,N/A,N/A,N/A,N/A,,N/A,N/A,,,,,14,Baixo,11 - Não se Aplica,Mais atenção ao transitar,,,,,,,,45310,
1,Próprio,Trajeto sem afastamento,,Sim,Eletrobras,Adm,Feminino,42,15 a 20 anos,Segunda - feira,15,1,2024,09:00 - 10:00,Via pública,Individual,Rio de Janeiro,RJ,EBM,-22.911188704271101,-43.175103173839403,VP Jurídico,Outros,JROJ - Operações Jurídicas,JRPN.F - Parceiros de Negócio Jurídico,-,45306,45306,N/A,N/A,Não,N/A,45324,Queda mesmo nível,"Distensão, Torção",Pé Direito,Baixo,14,Baixo,11 - Não se Aplica,Falta de sinalização de irregularidade no solo,Risco de novos acidentes no local,,,,,,,45306,
1,Próprio,Quase Acidente,,Não,Eletrobras,Transmissão,Masculino,52,30 a 35 anos,Domingo,31,3,2024,16:00 - 17:00,Empresa,Individual,Rio de Janeiro,RJ,SE Jacarepaguá,-22.921900000000001,-43.420099999999998,VP Operações e Segurança,Operações,OOT.F - Produção da Transmissão,OOTR.F - Gerência Rio de Janeiro,OOTRG.F - O&M Grajaú Jacarepa.,N/A,N/A,N/A,N/A,,N/A,N/A,,,,,15,Baixo,11 - Não se Aplica,Observar o terreno da atividade,Explosão dos Disjuntores,Iluminação Ineficiente,Parecer do Setor de Engenharia após a análise da ocorrência,,,,,45382,
1,Terceiro,Típico sem afastamento,,Sim,Eletrobras,Geração - Térmica,Masculino,47,Até 6 meses,Segunda - feira,11,3,2024,13:00 - 14:00,Empresa,Equipe,Rio de Janeiro,RJ,UTE Santa Cruz,-22.912500000824,-43.764166666667002,VP Operações e Segurança,Operações,OOG.F - Produção da Geração,-,OOGSC.F - O&M Santa Cruz (Térm),N/A,N/A,N/A,N/A,,N/A,45370,Atingido por (pontos agudos ou cortantes),Luxação,Mão Esquerda,Baixo,11,Médio,11 - Não se Aplica,Processo de retirada da tampa,,,,,,,,45362,
1,Próprio,Quase Acidente,,Não,CGT Eletrosul,Transmissão,Masculino,47,6 a 10 anos,Sexta-feira,30,8,2024,08:00 - 09:00,,Individual,Rio Grande,RS,SE Povo Novo,-31.810919999999999,-52.131070000000001,VP Operações e Segurança,Operações,OOG.S - Produção de Geração e Transmissão,OOGS.S - Produção de transmissão gerência sul,OOGSM.S - Divisão de produção de transmissão Marmeleiro,N/A,N/A,N/A,Não,Não,N/A,,,,,,11,Médio,8 - Veículos e Equipamentos Móveis,,,,,,,,,45534,
1,Terceiro,Típico com afastamento,,Sim,CHESF,Transmissão,Masculino,41,6 meses a 1 ano,Quarta - feira,3,4,2024,09:00 - 10:00,Área rural,Equipe,Rio Real,BA,LT JDMCMQW1 - 05V7,-11.483744928172101,-37.931484849641699,VP Operações e Segurança,Operações,OOT.C,OOTS.C,OOTSA.C,45385,45386,2,0,Sim,1,45386,Animal,Outros,Face,Médio,11,Médio,Outros,,,,,,,,,45385,
1,Próprio,Quase Acidente,,Não,Eletrobras,Transmissão,Masculino,46,15 a 20 anos,Terça- feira,16,7,2024,10:00 - 11:00,Empresa,Equipe,Rio Verde,GO,SE Rio Verde,-17.761416667334998,-50.883166666667002,VP Operações e Segurança,Operações,OOT.F - Produção da Transmissão,OOTG.F - Gerência Goiás,OOTGC.F - O&M de Goiás,N/A,N/A,N/A,N/A,,N/A,N/A,,,,,11,Médio,11 - Não se Aplica,(em investigação),,,,,,,,45489,
1,Terceiro,Típico com afastamento,,Sim,Eletronorte,CSC,Feminino,50,1 a 3 anos,Segunda - feira,11,3,2024,06:00 - 07:00,Empresa,Individual,Rondonópolis,MT,SE Rondonópolis,-16.472049999999999,-54.599159999999998,VP Suprimentos e Serviços,VSS,Superintendência de Coordenação Regional do CSC Norte,Departamento de Infraestrutura de Serviços Gerais CSC,,45364,45367,4,0,Não,0,45365,Escorregou/Desequilibrou,Luxação,Pé Esquerdo,Médio,11,Médio,2 - Percepção de Risco,Piso molhado,Piso com material vegetal,,,,,,,45362,
1,Terceiro,Quase Acidente,,Sim,Eletronorte,CSC,Masculino,> 60,Até 6 meses,Sexta-feira,12,4,2024,09:00 - 10:00,Empresa,Individual,Rondonópolis,MT,SE Rondonópolis,-16.472049999999999,-54.599159999999998,VP Suprimentos e Serviços,VSS,Superintendência de Coordenação Regional do CSC Norte,Departamento de Infraestrutura de Serviços Gerais CSC,,,,,,,,,Animal,Luxação,,Baixo,16,Baixo,2 - Percepção de Risco,,,,,,,,,45394,
1,Terceiro,Quase Acidente,,Sim,Eletronorte,CSC,Masculino,52,6 meses a 1 ano,Quinta - feira,4,4,2024,11:00 - 12:00,Via pública,Equipe,Rondonópolis,MT,SE Rondonópolis,-16.472049999999999,-54.599159999999998,VP Suprimentos e Serviços,VSS,Superintendência de Coordenação Regional do CSC Norte,,,,,,,,,,Carro - Colisão ,Sem Lesões,,Baixo,15,Baixo,8 - Veículos e Equipamentos Móveis,,,,,,,,,45386,
1,Terceiro,Trajeto sem afastamento,,Sim,Eletronorte,CSC,Masculino,28,3 a 6 anos,Quarta - feira,26,6,2024,06:00 - 07:00,Via pública,Individual,Rondonópolis,MT,SE Rondonópolis,-16.472049999999999,-54.599159999999998,VP Suprimentos e Serviços,VSS,Superintendência de Coordenação Regional do CSC Norte,Departamento de Infraestrutura de Serviços Gerais CSC,Divisão de Infraestrutura e serviços gerais regional Oeste,NA,NA,0,0,Não,0,45482,Moto - Colisão,Sem Lesões,Não se Aplica,Médio,14,Baixo,8 - Veículos e Equipamentos Móveis,,,,,,,,,45469,
1,Terceiro,Típico com afastamento,,Sim,Eletronorte,Adm,Masculino,24,3 a 6 anos,Segunda - feira,11,11,2024,15:00 - 16:00,Empresa,Equipe,Rondonópolis,MT,SE Rondonópolis,-16.472049999999999,-54.599159999999998,VP Suprimentos e Serviços,VSS,Superintendência de Coordenação Regional do CSC Norte,,,45607,45610,4,0,Não,,45607,Golpeado por (atingido por objeto em movimento),Luxação,Perna Esquerda,Baixo,10,Médio,2 - Percepção de Risco,,,,,,,,,45607,
1,Próprio,Quase Acidente,,Não,CGT Eletrosul,Geração - Hidráulica,Masculino,41,Acima de 10 anos,Quarta - feira,26,6,2024,09:00 - 10:00,Empresa,Equipe,Roque Gonzales,RS,UHPJ,-28.131119999999999,-55.054519999999997,VP Operações e Segurança,Operações,OOG.S - Produção de Geração e Transmissão,OOGR.S - Produção de Geração Renovável,,N/A,N/A,N/A,Não,Não,N/A,N/A,,,,,11,Médio,6 - Linha de Perigo,,,,,,,,,45469,
1,Próprio,Quase Acidente,Sim,Sim,CHESF,CSC,Masculino,29,Até 6 meses,Terça- feira,30,1,2024,10:00 - 11:00,Via pública,Individual,Russas,CE,SE Russas II,-4.9477829847885602,-37.995018149856399,VP Suprimentos e Serviços,VSS,SGC-SUP COORD REGIONAL CSC NORDESTE,DGCI-DEP DE INFRA E SERV GERAIS DO CSC,DGCIF-DIV DE INFRA E SERV GERAIS FZ E TE,,,,,,,,Outros,Sem Lesões,,,16,Baixo,8 - Veículos e Equipamentos Móveis,,,,,,,,,45321,
1,Terceiro,Típico com afastamento,,Sim,CHESF,Transmissão,Masculino,32,3 a 6 anos,Sexta-feira,15,3,2024,09:00 - 10:00,Empresa,Equipe,Salgado,SE,LT JDM/CMQW1 - 05V7,-11.0268204181843,-37.477409554504497,VP Operações e Segurança,Operações,OOT.C,OOTS.C,OOTSA.C,45366,45368,2,0,Não,0,45366,Ferramenta Manual,Lesão,Mão Direita,Médio,11,Médio,3 - Trabalho em Altura,,,,,,,,,45366,
1,Próprio,Trajeto sem afastamento,,Sim,CHESF,CSC,Masculino,47,6 a 10 anos,Terça- feira,3,12,2024,08:00 - 09:00,Área urbana,Individual,Salvador,BA,Via Pública,-12.96973,-38.469031999999999,VP Suprimentos e Serviços,VSS,SSECG,SSECG,SSECG,,,,,,,45629,Impacto de pessoa contra objeto parado,Lesão,Braço Esquerdo,,14,Baixo,11 - Não se Aplica,,,,,,,,,45629,
1,Terceiro,Quase Acidente,,Sim,CHESF,Transmissão,Masculino,34,Até 6 meses,Domingo,28,7,2024,09:00 - 10:00,Empresa,Equipe,Salvador,BA,SE Pituaçu,-12.938567020136,-38.420983191987503,VP Operações e Segurança,Operações,OOT.C,OOTS.C,OOTSE.C,,,,,,,,Outros,Sem Lesões,,,15,Baixo,3 - Trabalho em Altura,,,,,,,,,45501,
1,Terceiro,Quase Acidente,,Sim,CHESF,Transmissão,Masculino,45,3 a 6 anos,Sábado,20,7,2024,15:00 - 16:00,Empresa,Equipe,Salvador,BA,SE Pituaçu,-12.938567020136,-38.420983191987503,VP Operações e Segurança,Operações,OOT.C,OOTS.C,OOTSE.C,,,,,,,,Outros,Sem Lesões,,,15,Baixo,3 - Trabalho em Altura,,,,,,,,,45493,
1,Terceiro,Típico com afastamento,,Sim,CHESF,Transmissão,Masculino,45,1 a 3 anos,Sábado,12,10,2024,08:00 - 09:00,Empresa,Individual,Salvador,BA,SE Pituaçu,-12.9386088458775,-38.421004647796103,VP Operações e Segurança,Operações,OOT.C,OOTS.C,OOTSE.C,45577,45586,3,Não,Não,0,45577,Outros,Lombalgia de Esforço,Coluna,Médio,11,Médio,Outros,,,,,,,,,45577,
1,Terceiro,Típico com afastamento,,Sim,Eletrobras,Expansão,Masculino,40,6 meses a 1 ano,Quinta - feira,2,5,2024,11:00 - 12:00,Empresa,Individual,Samambaia,DF,SE Brasília Sul,-15.876111111110999,-48.088611111111,VP Engenharia de Expansão,Engenharia,EEIT - Implantação da Transmissão,EEITF - Transmissão Furnas,-,,,7,0,Não,0,45415,Ferramenta Manual,"Laceração, Corte",Mão Direita,Médio,11,Médio,11 - Não se Aplica,"A broca travou e quebrou durante a perfuração do pórtico 
de estrutura metálica.","A forma construtiva do 
pórtico não permite o 
posicionamento do 
conjunto da furadeira 
acoplado com o 
reservatório. ","Análise incompleta 
diante de uma nova 
situação não 
procedimentada do 
trabalho com a 
furadeira com 
reservatório 
desacoplado. ",,,,,,45414,Transmissão
1,Próprio,Quase Acidente,,Não,Eletrobras,Transmissão,Feminino,53,15 a 20 anos,Sexta-feira,16,8,2024,11:00 - 12:00,Empresa,Dupla,Samambaia,DF,SE Brasília Sul,-15.862423,-48.068503999999997,VP Operações e Segurança,Operações,OOT.F - Produção da Transmissão,OOTG.F - Gerência Goiás,OOTGD.F - Op. De Brasília,N/A,N/A,N/A,N/A,,N/A,N/A,,,,,4,Alto,4 - Eletricidade,Condições Psicossociais,Não cumprimento da NOE-02 - Item 4.10.13.1,Não cumprimento da NOE_x0002_02 – Item 4.10.12,Ausência do processo de capacitação/certificação sobre NOE-02 a Encarregados pelos serviços,Ausência do programa de treinamento nos procedimentos operativos para os envolvidos em intervenções na instalação,Desatualização de Banco de Dados de Manobras,Estratégia de validação de ordem de manobra,Seletividade da atuação da proteção diferencial de barras duvidosa,45520,
1,Próprio,Quase Acidente,,Não,Eletrobras,Transmissão,Feminino,41,15 a 20 anos,Segunda - feira,5,8,2024,14:00 - 15:00,Empresa,Equipe,Samambaia,DF,SE Brasília Sul,-15.862423,-48.068503999999997,VP Operações e Segurança,Operações,OOT.F - Produção da Transmissão,OOTG.F - Gerência Goiás,OOTGD.F - Op. De Brasília,N/A,N/A,N/A,N/A,,N/A,N/A,,,,,4,Alto,4 - Eletricidade,"Perda de foco da sala de controle por realizar, simultaneamente a esta SI, outra manobra a pedido do CTOM e outras atividades em paralelo",Falta de experiência da equipe que estava acompanhando as manobras em campo para validar esta etapa da manobra à sala de controle,"Descumprimento do item 3.2 da NOE-03, por não aguardar a emissão da ordem desta manobra pelo CTOM","Descumprimento do item 4.1.9 da NOE-03, por não aguardar a emissão da ordem desta manobra pelo CTOM",,,,,45509,
1,Próprio,Típico com afastamento,,Sim,Eletrobras,Transmissão,Masculino,26,6 meses a 1 ano,Terça- feira,10,9,2024,15:00 - 16:00,Empresa,Individual,Samambaia,DF,SE Brasília Sul,-15.862423,-48.068503999999997,VP Operações e Segurança,Operações,OOT.F - Produção da Transmissão,OOTG.F - Gerência Goiás,OOTGB.F - Man. Eletroele. Brasília,45546,45549,4,0,Não,,45548,Golpeado por (atingido por objeto em movimento),"Laceração, Corte",Mão Esquerda,Médio,11,Médio,2 - Percepção de Risco,(em investigação),,,,,,,,45545,
1,Terceiro,Típico com afastamento,,Sim,Eletrobras,Adm,Feminino,32,1 a 3 anos,Sexta-feira,16,2,2024,12:00- 13:00,Empresa,Individual,Samambaia,DF,SE Brasília Sul,-15.862222222827,-48.068333333333001,"VP Gente, Gestão e Cultura",Outros,GCST - Segurança do Trabalho,GCSS.F - Saúde e Segurança no Trabalho,-,45339,45345,7,0,Não,,45344,Atingido por (pontos agudos ou cortantes),"Laceração, Corte",Mão Esquerda,Médio,11,Médio,2 - Percepção de Risco,Pendente,,,,,,,,45338,
1,Terceiro,Quase Acidente,,,CHESF,Expansão,N/A,,N/A,Quinta - feira,7,11,2024,09:00 - 10:00,Empresa,,Santa Brígida,BA,LT Luiz Gonzaga - Olindina,,,VP Engenharia de Expansão,Engenharia,Gestão da Implantação da Transmissão,EETI,-,-,-,-,-,Não,-,,Outros,,Não se Aplica,Baixo,16,Baixo,11 - Não se Aplica,Em Investigação,,,,,,,,45603,Transmissão
1,Terceiro,Típico sem afastamento,,Sim,CHESF,Transmissão,Masculino,30,1 a 3 anos,Quinta - feira,21,11,2024,10:00 - 11:00,Área rural,Equipe,Santa Cruz,RN,LT PRS ACD,-6.2261776045629498,-36.022234467914203,VP Operações e Segurança,Operações,OOT.C,OOTR.C,OOTRN.C,,,,,,,,Outros,Lesão,Braço Direito,Médio,11,Médio,4 - Eletricidade,,,,,,,,,45617,
1,Próprio,Quase Acidente,,Não,CGT Eletrosul,Transmissão,Masculino,35,Até 6 meses,Sexta-feira,14,6,2024,07:00 - 08:00,Via pública,Individual,Santa Maria,RS,SE Santo Ângelo,-28.85191,-53.627479999999998,VP Operações e Segurança,Operações,OOG.S - Produção de Geração e Transmissão,OOGS.S - Produção de transmissão gerência sul,OOGSA.S - Divisão de produção de transmissão Santo Ângelo,N/A,N/A,N/A,Não,Não,N/A,N/A,,,,,11,Médio,8 - Veículos e Equipamentos Móveis,,,,,,,,,45457,
1,Próprio,Quase Acidente,Sim,Sim,CHESF,Transmissão,Masculino,42,Acima de 10 anos,Sexta-feira,13,12,2024,22:00 - 23:00 ,Via pública,Individual,Santa Rita,PB,Via Pública,-7.1439760765120601,-34.963394500758397,VP Operações e Segurança,Operações,OOT.C,OOTR.C,OOTRO.C,,,,,,,,Carro - Capotamento,Sem Lesões,,,5,Alto,8 - Veículos e Equipamentos Móveis,,,,,,,,,45639,
1,Próprio,Quase Acidente,,Não,CGT Eletrosul,Transmissão,,,N/A,Quinta - feira,27,6,2024,10:00 - 11:00,Empresa,Equipe,Santa Vitoria do Palmar,RS,SE Marmeleiro 2,-33.139389999999999,-52.989960000000004,VP Operações e Segurança,Operações,OOG.S - Produção de Geração e Transmissão,OOGS.S - Produção de transmissão gerência sul,OOGSM.S - Divisão de produção de transmissão Marmeleiro,N/A,N/A,N/A,Não,Não,N/A,N/A,,,,,4,Alto,6 - Linha de Perigo,,,,,,,,,45470,
1,Terceiro,Típico sem afastamento,,Sim,CGT Eletrosul,CSC,Masculino,35,Até 6 meses,Quinta - feira,29,8,2024,11:00 - 12:00,,Individual,Santa Vitoria do Palmar,RS,SE Marmeleiro 2,-33.466650999999999,-53.299489999999999,VP Suprimentos e Serviços,VSS,DPS - Departamento de produto e qualidade da unidade sul,DIMP - Divisão de Gestão de Manutenção Predial,SEGIC - Setor de Gestão de Infraestrutura ,N/A,N/A,0,Não,Não,N/A,,,,,Baixo,11,Médio,11 - Não se Aplica,,,,,,,,,45533,
1,Terceiro,Típico com afastamento,,Sim,CGT Eletrosul,Expansão,Masculino,36,Até 6 meses,Sábado,6,1,2024,17:00 - 18:00,Área rural,Equipe,Santana do Livramento,RS,Parque Eólico Coxilha Negra,-31.02365,-55.904620000000001,VP Engenharia de Expansão,Engenharia,EEIG - Implantação de geração,EEIGE - Implantação de geração de eólica,EEIGE Eólica,45303,45305,2,Não,Não,N/A,45303,Golpeado por (atingido por objeto em movimento),Lesão,Mão Direita,Médio,10,Médio,2 - Percepção de Risco,,,,,,,,,45297,Geração
1,Terceiro,Típico sem afastamento,,Sim,CGT Eletrosul,Expansão,Masculino,40,Até 6 meses,Quarta - feira,10,1,2024,14:00 - 15:00,Área rural,Equipe,Santana do Livramento,RS,Parque Eólico Coxilha Negra,-31.02365,-55.904620000000001,VP Engenharia de Expansão,Engenharia,EEIG - Implantação de geração,EEIGE - Implantação de geração de eólica,EEIGE Eólica,,,0,Não,Não,N/A,,Atingido por (pontos agudos ou cortantes),"Escoriação, Abrasão",Pé Direito,Médio,13,Médio,2 - Percepção de Risco,,,,,,,,,45301,Geração
1,Terceiro,Típico sem afastamento,,Sim,CGT Eletrosul,Expansão,Masculino,56,Acima de 10 anos,Quinta - feira,18,1,2024,10:00 - 11:00,Área rural,Individual,Santana do Livramento,RS,Parque Eólico Coxilha Negra,-31.02365,-55.904620000000001,VP Engenharia de Expansão,Engenharia,EEIG - Implantação de geração,EEIGE - Implantação de geração de eólica,EEIGE Eólica,,,0,Não,Não,N/A,,Escorregou/Desequilibrou,"Escoriação, Abrasão",Braço Direito,Baixo,11,Médio,2 - Percepção de Risco,,,,,,,,,45309,Geração
1,Terceiro,Típico com afastamento,,Sim,CGT Eletrosul,Expansão,Masculino,39,6 meses a 1 ano,Quinta - feira,18,1,2024,10:00 - 11:00,Área rural,Individual,Santana do Livramento,RS,Parque Eólico Coxilha Negra,-31.02365,-55.904620000000001,VP Engenharia de Expansão,Engenharia,EEIG - Implantação de geração,EEIGE - Implantação de geração de eólica,EEIGE Eólica,,,5,Não,Não,N/A,45310,200004600 - Impacto de pessoa contra objeto em movimento,"702005000 ESCORIAÇÃO, ABRASÃO (FERIMENTO SUPERFICIAL). DESCRIÇÃO COMPLEMENTAR FERIMENTO",755030000 - PUNHO,Médio,11,Médio,2 - Percepção de Risco,,,,,,,,,45309,Geração
1,Terceiro,Típico sem afastamento,,Sim,CGT Eletrosul,Expansão,Masculino,32,Até 6 meses,Segunda - feira,22,1,2024,11:00 - 12:00,Área rural,Equipe,Santana do Livramento,RS,Parque Eólico Coxilha Negra,-31.02365,-55.904620000000001,VP Engenharia de Expansão,Engenharia,EEIG - Implantação de geração,EEIGE - Implantação de geração de eólica,EEIGE Eólica,,,0,Não,Não,N/A,,Ferramenta Manual,"Laceração, Corte",Mão Direita,Médio,10,Médio,2 - Percepção de Risco,,,,,,,,,45313,Geração
1,Terceiro,Típico com afastamento,,Sim,CGT Eletrosul,Expansão,Masculino,43,Até 6 meses,Segunda - feira,22,1,2024,16:00 - 17:00,Área rural,Equipe,Santana do Livramento,RS,Parque Eólico Coxilha Negra,-31.02365,-55.904620000000001,VP Engenharia de Expansão,Engenharia,EEIG - Implantação de geração,EEIGE - Implantação de geração de eólica,EEIGE Eólica,,,3,Não,Não,N/A,,Escorregou/Desequilibrou,Lesão,Perna Direita,Baixo,11,Médio,2 - Percepção de Risco,,,,,,,,,45313,Geração
1,Terceiro,Quase Acidente,,Não,CGT Eletrosul,Expansão,Masculino,45,Acima de 10 anos,Terça- feira,23,1,2024,20:00 - 21:00 ,Área rural,Individual,Santana do Livramento,RS,Parque Eólico Coxilha Negra,-31.02365,-55.904620000000001,VP Engenharia de Expansão,Engenharia,EEIG - Implantação de geração,EEIGE - Implantação de geração de eólica,EEIGE Eólica,,,N/A,Não,Não,N/A,,Carro - Capotamento,,,,11,Médio,8 - Veículos e Equipamentos Móveis,,,,,,,,,45314,Geração
1,Terceiro,Típico sem afastamento,,Sim,CGT Eletrosul,Expansão,Masculino,> 60,Até 6 meses,Segunda - feira,31,1,2024,10:00 - 11:00,Empresa,Individual,Santana do Livramento,RS,Parque Eólico Coxilha Negra,-31.02365,-55.904620000000001,VP Engenharia de Expansão,Engenharia,EEIG - Implantação de geração,EEIGE - Implantação de geração de eólica,EEIGE Eólica,,,0,Não,Não,N/A,,Golpeado por (atingido por objeto em movimento),Sem Lesões,Perna Esquerda,Baixo,11,Médio,8 - Veículos e Equipamentos Móveis,,,,,,,,,45322,Geração
1,Terceiro,Típico sem afastamento,,Sim,CGT Eletrosul,Expansão,Masculino,27,Até 6 meses,Segunda - feira,5,2,2024,11:00 - 12:00,Área rural,Individual,Santana do Livramento,RS,Parque Eólico Coxilha Negra,-31.02365,-55.904620000000001,VP Engenharia de Expansão,Engenharia,EEIG - Implantação de geração,EEIGE - Implantação de geração de eólica,EEIGE Eólica,N/A,N/A,0,N/A,Não,N/A,,Outros,Lesão,Pé Direito,Baixo,15,Baixo,2 - Percepção de Risco,Desorganização no local de trabalho,,,,,,,,45327,Geração
1,Terceiro,Típico com afastamento,,Sim,CGT Eletrosul,Expansão,Masculino,46,Até 6 meses,Quarta - feira,7,2,2024,11:00 - 12:00,Área rural,Equipe,Santana do Livramento,RS,Parque Eólico Coxilha Negra,-31.02365,-55.904620000000001,VP Engenharia de Expansão,Engenharia,EEIG - Implantação de geração,EEIGE - Implantação de geração de eólica,EEIGE Eólica,,,7,,Não,N/A,,Golpeado por (atingido por objeto em movimento),Lesão,Pé Direito,Médio,11,Médio,6 - Linha de Perigo,Ausência de percepção de risco,,,,,,,,45329,Geração
1,Terceiro,Quase Acidente,,Não,CGT Eletrosul,Expansão,Masculino,47,Até 6 meses,Terça- feira,27,2,2024,08:00 - 09:00,Empresa,Dupla,Santana do Livramento,RS,Parque Eólico Coxilha Negra,-31.02365,-55.904620000000001,VP Engenharia de Expansão,Engenharia,EEIG - Implantação de geração,EEIGE - Implantação de geração de eólica,,N/A,N/A,N/A,Não,Não,N/A,N/A,N/A,N/A,N/A,N/A,15,Baixo,6 - Linha de Perigo,,,,,,,,,45349,Geração
1,Terceiro,Típico sem afastamento,,Sim,CGT Eletrosul,Expansão,Masculino,38,Até 6 meses,Sexta-feira,1,3,2024,21:00 - 22:00 ,Empresa,Individual,Santana do Livramento,RS,Parque Eólico Coxilha Negra,-31.02365,-55.904620000000001,VP Engenharia de Expansão,Engenharia,EEIG - Implantação de geração,EEIGE - Implantação de geração de eólica,,N/A,N/A,0,Não,Não,N/A,45355,"302010900 - Superfície de sustentação, NIC - superfície utilizada para sustentar
pessoas",702030000 - Luxação - A TRELICA VEIO INVOLUTARIA DE ENCONTRO COM A MAO,755050000 - Mão (exceto punho ou dedos),Baixo,10,Médio,2 - Percepção de Risco,,,,,,,,,45352,Geração
1,Próprio,Quase Acidente,,Não,CGT Eletrosul,Expansão,,,N/A,Domingo,3,3,2024,00:00 - 01:00 ,Empresa,Equipe,Santana do Livramento,RS,Parque Eólico Coxilha Negra,-31.02365,-55.904620000000001,VP Engenharia de Expansão,Engenharia,EEIG - Implantação de geração,EEIGE - Implantação de geração de eólica,,N/A,N/A,N/A,Não,Não,N/A,N/A,N/A,N/A,N/A,,13,Médio,11 - Não se Aplica,,,,,,,,,45354,Geração
1,Terceiro,Típico com afastamento,,Sim,CGT Eletrosul,Expansão,Masculino,27,6 meses a 1 ano,Quinta - feira,25,3,2024,18:00 - 19:00 ,Empresa,Individual,Santana do Livramento,RS,Parque Eólico Coxilha Negra,-31.02365,-55.904620000000001,VP Engenharia de Expansão,Engenharia,EEIG - Implantação de geração,EEIGE - Implantação de geração de eólica,,45376,45382,6,Não,Não,N/A,45377,Escada - Queda,"Distensão, Torção",Pé Direito,Médio,11,Médio,2 - Percepção de Risco,,,,,,,,,45376,Geração
1,Terceiro,Típico sem afastamento,,Sim,CGT Eletrosul,Expansão,Masculino,29,Até 6 meses,Sexta-feira,5,4,2024,11:00 - 12:00,Empresa,Dupla,Santana do Livramento,RS,Parque Eólico Coxilha Negra,-30.872,-55.603200000000001,VP Engenharia de Expansão,Engenharia,Gestão da Implantação da Geração,-,-,-,-,0,-,Não,-,-,Outros,Perfuração,Dedo Esquerdo,Baixo,16,Baixo,2 - Percepção de Risco,Falta de pecepção de risco,Acondionamento incorreto do material de descarte,Falta de entrosamento,,,,,,45387,Geração
1,Terceiro,Quase Acidente,,Não,CGT Eletrosul,Expansão,Masculino,29,Até 6 meses,Sábado,6,4,2024,11:00 - 12:00,Empresa,Individual,Santana do Livramento,RS,Parque Eólico Coxilha Negra,-31.02365,-55.904620000000001,VP Engenharia de Expansão,Engenharia,EEIG - Implantação de geração,EEIGE - Implantação de geração de eólica,,N/A,N/A,N/A,N/A,Não,N/A,N/A,,,,Baixo,15,Baixo,11 - Não se Aplica,,,,,,,,,45388,Geração
1,Terceiro,Quase Acidente,,Não,CGT Eletrosul,Expansão,Masculino,32,Até 6 meses,Terça- feira,16,4,2024,08:00 - 09:00,Empresa,Equipe,Santana do Livramento,RS,Parque Eólico Coxilha Negra,-31.02365,-55.904620000000001,VP Engenharia de Expansão,Engenharia,EEIG - Implantação de geração,EEIGE - Implantação de geração de eólica,,N/A,N/A,N/A,N/A,Não,N/A,N/A,,,,,10,Médio,8 - Veículos e Equipamentos Móveis,,,,,,,,,45398,Geração
1,Terceiro,Típico sem afastamento,,Sim,CGT Eletrosul,Expansão,Masculino,46,1 a 3 anos,Segunda - feira,22,4,2024,19:00 - 20:00 ,Empresa,Individual,Santana do Livramento,RS,Parque Eólico Coxilha Negra,-30.872,-55.603200000000001,VP Engenharia de Expansão,Engenharia,Gestão da Implantação da Geração,-,-,-,-,0,-,Não,-,-,Outros,Outros,NA,Baixo,16,Baixo,2 - Percepção de Risco,Pinos ineficientes,Pneus desgastados,Descumprimento de procedimento,,,,,,45404,Geração
1,Terceiro,Típico com afastamento,,Sim,CGT Eletrosul,Expansão,Masculino,43,1 a 3 anos,Terça- feira,23,4,2024,15:00 - 16:00,Empresa,Individual,Santana do Livramento,RS,Parque Eólico Coxilha Negra,-30.872,-55.603200000000001,VP Engenharia de Expansão,Engenharia,Gestão da Implantação da Geração,-,-,-,-,13,-,Não,-,-,Outros,Contusão,Joelho,Baixo,10,Médio,2 - Percepção de Risco,Falta de pecepção de risco,Área limitada para movimentação sobre a prancha da carreta,,,,,,,45405,Geração
1,Terceiro,Típico sem afastamento,,Sim,CGT Eletrosul,Expansão,Masculino,29,6 meses a 1 ano,Quarta - feira,24,4,2024,12:00- 13:00,Empresa,Equipe,Santana do Livramento,RS,Parque Eólico Coxilha Negra,-31.02365,-55.904620000000001,VP Engenharia de Expansão,Engenharia,EEIG - Implantação de geração,EEIGE - Implantação de geração de eólica,,,,0,,,,,,,,Baixo,10,Médio,2 - Percepção de Risco,,,,,,,,,45406,Geração
1,Terceiro,Típico sem afastamento,,Sim,CGT Eletrosul,Expansão,Masculino,56,Até 6 meses,Terça- feira,30,4,2024,12:00- 13:00,Empresa,Individual,Santana do Livramento,RS,Parque Eólico Coxilha Negra,-30.872,-55.603200000000001,VP Engenharia de Expansão,Engenharia,Gestão da Implantação da Geração,-,-,-,-,0,-,Não,-,-,Outros,Corte,Cabeça,Baixo,10,Médio,6 - Linha de Perigo,Local com lama e pedra,Arames muitos tensionados,Imprudência na abertura da porteira,,,,,,45412,Geração
1,Terceiro,Típico com afastamento,,Sim,CGT Eletrosul,Expansão,Masculino,31,6 meses a 1 ano,Quarta - feira,15,5,2024,09:00 - 10:00,Empresa,Equipe,Santana do Livramento,RS,Parque Eólico Coxilha Negra,-30.890833333332999,-55.532777777778001,VP Engenharia de Expansão,Engenharia,Gestão da Implantação da Geração,Gerência de Projetos Estratégicos - Coxilha Negra,-,45428,45432,5,-,Não,-,45428,Escada - Queda,Lesão,Braço Esquerdo,Médio,10,Médio,Outros,Percepção de Riscos,Ausência de procedimento/instrução técnica específica de acesso a carrocerias/parte superior de caminhões,,,,,,,45427,Geração
1,Terceiro,Típico sem afastamento,,Sim,CGT Eletrosul,Expansão,Masculino,28,1 a 3 anos,Terça- feira,18,6,2024,08:00 - 09:00,Área rural,Equipe,Santana do Livramento,RS,Parque Eólico Coxilha Negra,-30.872005999999999,-55.603233000000003,VP Engenharia de Expansão,Engenharia,Gestão da Implantação da Geração,Gerência de Projetos Estratégicos - Coxilha Negra,,-,-,0,-,Não,-,18/06/2024,Golpeado por (atingido por objeto em movimento),Outros,Face,Baixo,10,Médio,2 - Percepção de Risco,Em investigação,,,,,,,,45461,Geração
1,Terceiro,Típico sem afastamento,,Sim,CGT Eletrosul,Expansão,Masculino,55,6 meses a 1 ano,Sábado,6,7,2024,17:00 - 18:00,Área rural,Individual,Santana do Livramento,RS,Parque Eólico Coxilha Negra,-30.872005999999999,-55.603233000000003,VP Engenharia de Expansão,Engenharia,Gestão da Implantação da Geração,Gerência de Projetos Estratégicos - Coxilha Negra,-,-,-,0,-,Não,-,45511,Golpeado por (atingido por objeto em movimento),Sem Lesões,Cabeça,Baixo,10,Médio,6 - Linha de Perigo,Porteiras de acesso aerogeradores danificados,Falta de prática ao realizar manuseio deste tipo de porteira;,,,,,,,45479,Geração
1,Terceiro,Quase Acidente,,,CGT Eletrosul,Expansão,Feminino,42,6 meses a 1 ano,Quinta - feira,8,8,2024,20:00 - 21:00 ,Empresa,Dupla,Santana do Livramento,RS,Parque Eólico Coxilha Negra,-30.872005999999999,-55.603233000000003,VP Engenharia de Expansão,Engenharia,Gestão da Implantação da Geração,Gerência de Projetos Estratégicos - Coxilha Negra,,-,-,N/A,-,Não,-,-,Escada - Queda,Sem Lesões,,,10,Médio,Outros,Falta de Atenção,Iluminação deficiente,,,,,,,45512,Geração
1,Terceiro,Quase Acidente,,,CGT Eletrosul,Expansão,Feminino,41,6 meses a 1 ano,Sexta-feira,9,8,2024,07:00 - 08:00,,,Santana do Livramento,RS,Parque Eólico Coxilha Negra,-30.872005999999999,-55.603233000000003,VP Engenharia de Expansão,Engenharia,Gestão da Implantação da Geração,Gerência de Projetos Estratégicos - Coxilha Negra,,-,-,N/A,-,Não,-,-,Escada - Queda,Sem Lesões,,,10,Médio,Outros,Falta de Atenção,,,,,,,,45513,Geração
1,Terceiro,Trajeto sem afastamento,,Não,CGT Eletrosul,Expansão,Masculino,31,1 a 3 anos,Quinta - feira,22,8,2024,06:00 - 07:00,Via pública,Individual,Santana do Livramento,RS,Parque Eólico Coxilha Negra,-30.872005999999999,-55.603233000000003,VP Engenharia de Expansão,Engenharia,Gestão da Implantação da Geração,-,-,-,-,0,-,Não,-,-,Carro - Colisão ,Sem Lesões,,,10,Médio,8 - Veículos e Equipamentos Móveis,Ausência de avaliação de risco na condução do veículo,Ausência de frequência de manutenção da rodovia de acesso,,,,,,,45526,Geração
1,Terceiro,Quase Acidente,,Não,CGT Eletrosul,Expansão,Masculino,42,1 a 3 anos,Quarta - feira,28,8,2024,19:00 - 20:00 ,Empresa,Individual,Santana do Livramento,RS,Parque Eólico Coxilha Negra,-30.872005999999999,-55.603233000000003,VP Engenharia de Expansão,Engenharia,Gestão da Implantação da Geração,-,-,-,-,N/A,-,Não,-,-,Carro - Colisão ,,,,16,Baixo,8 - Veículos e Equipamentos Móveis,Não houve avalição do entorno,Ausência do giroflex ligado,,,,,,,45532,Geração
1,Terceiro,Típico sem afastamento,,Sim,CGT Eletrosul,Expansão,Masculino,,6 meses a 1 ano,Segunda - feira,15,1,2024,09:00 - 10:00,Empresa,Individual,Santana do Livramento,RS,Parque Eólico Coxilha Negra,-30.872,-55.603200000000001,VP Engenharia de Expansão,Engenharia,Gestão da Implantação da Geração,-,-,-,-,0,-,Não,-,-,Outros,"Distensão, Torção",Perna Direita,Baixo,16,Baixo,2 - Percepção de Risco,Fator pessoal de insegurança,,,,,,,,45306,Geração
1,Terceiro,Típico com afastamento,,Sim,CGT Eletrosul,Expansão,Masculino,51,Até 6 meses,Terça- feira,23,4,2024,08:00 - 09:00,Empresa,Individual,Santana do Livramento,RS,Parque Eólico Coxilha Negra,-30.872,-55.603200000000001,VP Engenharia de Expansão,Engenharia,Gestão da Implantação da Geração,-,-,-,-,3,-,Não,-,-,Lesão causada por material pontiagudo,Perfuração,Pé Esquerdo,Baixo,16,Baixo,Outros,-,,,,,,,,45405,Geração
1,Terceiro,Quase Acidente,,Não,CGT Eletrosul,Expansão,Masculino,30,6 meses a 1 ano,Quarta - feira,4,9,2024,12:00- 13:00,Empresa,Individual,Santana do Livramento,RS,Parque Eólico Coxilha Negra,-30.872005999999999,-55.603233000000003,VP Engenharia de Expansão,Engenharia,Gestão da Implantação da Geração,-,-,-,-,N/A,-,Não,-,-,Golpeado por (atingido por objeto em movimento),Sem Lesões,Face,,10,Médio,6 - Linha de Perigo,Porteiras de acesso aerogeradores danificados ,Falta de prática ao realizar manuseio deste tipo de porteira ,,,,,,,45539,Geração
1,Terceiro,Quase Acidente,,Não,CGT Eletrosul,Expansão,Masculino,58,1 a 3 anos,Quinta - feira,26,9,2024,19:00 - 20:00 ,,,Santana do Livramento,RS,Parque Eólico Coxilha Negra,-30.872005999999999,-55.603233000000003,VP Engenharia de Expansão,Engenharia,Gestão da Implantação da Geração,-,-,-,,N/A,,Não,-,-,,Sem Lesões,,,10,Médio,Outros,Em Investigação,,,,,,,,45561,Geração
1,Terceiro,Quase Acidente,,,CGT Eletrosul,Expansão,Masculino,,6 meses a 1 ano,Sábado,23,11,2024,14:00 - 15:00,Área rural,Individual,Santana do Livramento,RS,Parque Eólico Coxilha Negra,-30.872005999999999,-55.603233000000003,VP Engenharia de Expansão,Engenharia,Gestão da Implantação da Geração,-,-,-,-,-,-,Não,-,-,,,,,10,Médio,Outros,Em Investigação,,,,,,,,45619,Geração
1,Terceiro,Quase Acidente,,Não,CGT Eletrosul,Expansão,Masculino,42,1 a 3 anos,Sexta-feira,4,10,2024,10:00 - 11:00,Empresa,Individual,Santana do Livramento,RS,Parque Eólico Coxilha Negra,-30.872005999999999,-55.603233000000003,VP Engenharia de Expansão,Engenharia,Gestão da Implantação da Geração,-,-,-,-,-,-,Não,-,-,Carro - Colisão ,,,,13,Médio,8 - Veículos e Equipamentos Móveis,Em Investigação,,,,,,,,45569,Geração
1,Terceiro,Quase Acidente,,Não,CGT Eletrosul,Expansão,N/A,,N/A,Domingo,13,10,2024,10:00 - 11:00,Empresa,Individual,Santana do Livramento,RS,Parque Eólico Coxilha Negra,-30.872005999999999,-55.603233000000003,VP Engenharia de Expansão,Engenharia,Gestão da Implantação da Geração,-,-,-,-,-,-,Não,-,-,,,,,11,Médio,4 - Eletricidade,Ausência de plano de manutenção preventivodo sistema solar,,,,,,,,45578,Geração
1,Terceiro,Quase Acidente,,Não,CGT Eletrosul,Expansão,Masculino,21,6 meses a 1 ano,Segunda - feira,14,10,2024,05:00 - 06:00,,,Santana do Livramento,RS,Parque Eólico Coxilha Negra,-30.872005999999999,-55.603233000000003,VP Engenharia de Expansão,Engenharia,Gestão da Implantação da Geração,,-,-,-,-,-,Não,-,-,Carro - Colisão ,Sem Lesões,,,10,Médio,8 - Veículos e Equipamentos Móveis,Em Investigação,,,,,,,,45579,Geração
1,Terceiro,Típico sem afastamento,,Sim,CGT Eletrosul,Expansão,Feminino,27,6 meses a 1 ano,Sexta-feira,18,10,2024,07:00 - 08:00,,,Santana do Livramento,RS,Parque Eólico Coxilha Negra,-30.872005999999999,-55.603233000000003,VP Engenharia de Expansão,Engenharia,Gestão da Implantação da Geração,-,-,-,-,-,-,Não,-,,Atingido por (pontos agudos ou cortantes),"Laceração, Corte",Dedo da mão Direita,Baixo,10,Médio,6 - Linha de Perigo,Em Investigação,,,,,,,,45583,Geração
1,Terceiro,Quase Acidente,,,CGT Eletrosul,Expansão,Masculino,33,1 a 3 anos,Quinta - feira,28,11,2024,09:00 - 10:00,,Individual,Santana do Livramento,RS,Parque Eólico Coxilha Negra,-30.872005999999999,-55.603233000000003,VP Engenharia de Expansão,Engenharia,Gestão da Implantação da Geração,-,-,-,-,-,-,Não,-,-,,,,Baixo,11,Médio,2 - Percepção de Risco,Em Investigação,,,,,,,,45624,Geração
1,Terceiro,Típico com afastamento,,Sim,CGT Eletrosul,Expansão,Masculino,32,6 meses a 1 ano,Quarta - feira,23,10,2024,12:00- 13:00,Empresa,Equipe,Santana do Livramento,RS,Parque Eólico Coxilha Negra,-30.872005999999999,-55.603233000000003,VP Engenharia de Expansão,Engenharia,Gestão da Implantação da Geração,-,-,45589,,30,,Não,-,-,Eletricidade,Queimadura Arco-elétrico,Face,Médio,2,Crítico,4 - Eletricidade,Em Investigação,,,,,,,,45588,Geração
1,Terceiro,Quase Acidente,,Não,CGT Eletrosul,Expansão,Masculino,27,1 a 3 anos,Sexta-feira,1,11,2024,15:00 - 16:00,Empresa,Equipe,Santana do Livramento,RS,Parque Eólico Coxilha Negra,-30.872005999999999,-55.603233000000003,VP Engenharia de Expansão,Engenharia,Gestão da Implantação da Geração,-,-,-,-,-,-,Não,-,-,Atingido por (pontos agudos ou cortantes),Sem Lesões,Face,Baixo,11,Médio,6 - Linha de Perigo,Falha nos quesitos relacionados para inspeção no check list diário de equipamento,Falha no plano de manutenção de equipamentos,Ausência do sistema anti chicoteamento,,,,,,45597,Geração
1,Terceiro,Quase Acidente,,Não,CGT Eletrosul,Expansão,Masculino,28,1 a 3 anos,Terça- feira,12,11,2024,15:00 - 16:00,Via pública,Individual,Santana do Livramento,RS,Parque Eólico Coxilha Negra,-30.872005999999999,-55.603233000000003,VP Engenharia de Expansão,Engenharia,Gestão da Implantação da Transmissão,EETIS,-,-,-,-,-,Não,-,-,Carro - Capotamento,Sem Lesões,,,5,Alto,8 - Veículos e Equipamentos Móveis,Desatenção ao conduzir veículo,,,,,,,,45608,Transmissão
1,Terceiro,Típico com afastamento,,Sim,CGT Eletrosul,Geração - Eólica,Masculino,24,,Quinta - feira,14,11,2024,10:00 - 11:00,Empresa,Equipe,Santana do Livramento,RS,Parque Eólico Cerro Chato,-30.886890000000001,-55.532510000000002,VP Operações e Segurança,Operações,OOM.S - Engenharia da Manutenção,OOMG.S - Manutenção da Geração,,45610,,,,Não,N/A,,Golpeado por (atingido por objeto em movimento),Fratura,Dedo da mão Direita,Médio,11,Médio,11 - Não se Aplica,,,,,,,,,45610,
1,Terceiro,Quase Acidente,,,CGT Eletrosul,Expansão,Masculino,36,1 a 3 anos,Segunda - feira,2,12,2024,16:00 - 17:00,,Individual,Santana do Livramento,RS,Parque Eólico Coxilha Negra,-30.872005999999999,-55.603233000000003,VP Engenharia de Expansão,Engenharia,Gestão da Implantação da Geração,-,-,-,-,-,-,Não,-,-,Outros,Sem Lesões,,,11,Médio,6 - Linha de Perigo,Falha na verificação das amarrações e fixações,Falha na abrangência do procedimento executivo,Falha na execução da manobra,Falha na análise dos riscos envolvidos,,,,,45628,Geração
1,Terceiro,Quase Acidente,,,CGT Eletrosul,Expansão,Masculino,28,6 meses a 1 ano,Segunda - feira,16,12,2024,17:00 - 18:00,Empresa,Individual,Santana do Livramento,RS,Parque Eólico Coxilha Negra,-30.872,-55.603200000000001,VP Engenharia de Expansão,Engenharia,Gestão da Implantação da Geração,-,-,-,-,-,-,Não,-,-,Outros,Sem Lesões,,,16,Baixo,8 - Veículos e Equipamentos Móveis,Em Investigação,,,,,,,,45642,Geração
1,Terceiro,Típico com afastamento,,,CGT Eletrosul,Expansão,Masculino,20,6 meses a 1 ano,Segunda - feira,16,12,2024,12:00- 13:00,Empresa,Individual,Santana do Livramento,RS,Parque Eólico Coxilha Negra,-30.872005999999999,-55.603233000000003,VP Engenharia de Expansão,Engenharia,Gestão da Implantação da Geração,-,-,45642,45664,22,-,Não,-,-,Transporte manual de carga,,,Médio,11,Médio,Outros,Em Investigação,,,,,,,,45642,Geração
1,Terceiro,Quase Acidente,,Não,CGT Eletrosul,Expansão,Masculino,43,Até 6 meses,Terça- feira,6,2,2024,08:00 - 09:00,Área rural,Individual,Santana do Livramento,RS,Parque Eólico Coxilha Negra,-31.02365,-55.904620000000001,VP Engenharia de Expansão,Engenharia,EEIG - Implantação de geração,EEIGE - Implantação de geração de eólica,EEIGE Eólica,N/A,N/A,N/A,N/A,Não,N/A,,Carro - Colisão ,Sem Lesões,Não se Aplica,,11,Médio,8 - Veículos e Equipamentos Móveis,Imperícia ao conduzir veículo sem estar habilitado e autorizado,,,,,,,,45328,Geração
1,Terceiro,Quase Acidente,,Não,CGT Eletrosul,Expansão,Masculino,31,6 meses a 1 ano,Terça- feira,20,2,2024,14:00 - 15:00,Empresa,Individual,Santana do Livramento,RS,Parque Eólico Coxilha Negra,-31.02365,-55.904620000000001,VP Engenharia de Expansão,Engenharia,EEIG - Implantação de geração,EEIGE - Implantação de geração de eólica,EEIGE Eólica,N/A,N/A,N/A,Não,Não,N/A,N/A,Carro - Capotamento,Sem Lesões,Sem Lesões,,11,Médio,8 - Veículos e Equipamentos Móveis,,,,,,,,,45342,Geração
1,Terceiro,Típico sem afastamento,,Sim,CGT Eletrosul,Expansão,Masculino,> 60,Até 6 meses,Segunda - feira,26,2,2024,17:00 - 18:00,Via pública,Individual,Santana do Livramento,RS,Parque Eólico Coxilha Negra,-31.02365,-55.904620000000001,VP Engenharia de Expansão,Engenharia,EEIG - Implantação de geração,EEIGE - Implantação de geração de eólica,,N/A,N/A,0,Não,Não,N/A,N/A,,,,16,15,Baixo,8 - Veículos e Equipamentos Móveis,,,,,,,,,45348,Geração
1,Terceiro,Típico sem afastamento,,Sim,CGT Eletrosul,Expansão,Masculino,39,6 meses a 1 ano,Sábado,2,3,2024,16:00 - 17:00,Empresa,Individual,Santana do Livramento,RS,Parque Eólico Coxilha Negra,-31.02365,-55.904620000000001,VP Engenharia de Expansão,Engenharia,EEIG - Implantação de geração,EEIGE - Implantação de geração de eólica,,N/A,N/A,0,Não,Não,N/A,,,,,Baixo,11,Médio,2 - Percepção de Risco,,,,,,,,,45353,Geração
1,Terceiro,Quase Acidente,,Não,CGT Eletrosul,Expansão,Masculino,27,Até 6 meses,Quarta - feira,6,3,2024,18:00 - 19:00 ,Empresa,Dupla,Santana do Livramento,RS,Parque Eólico Coxilha Negra,-31.02365,-55.904620000000001,VP Engenharia de Expansão,Engenharia,EEIG - Implantação de geração,EEIGE - Implantação de geração de eólica,,N/A,N/A,N/A,Não,Não,N/A,N/A,N/A,N/A,N/A,,15,Baixo,11 - Não se Aplica,,,,,,,,,45357,Geração
1,Terceiro,Típico com afastamento,,Sim,CGT Eletrosul,Expansão,Masculino,39,Até 6 meses,Segunda - feira,1,4,2024,12:00- 13:00,Empresa,Individual,Santana do Livramento,RS,Parque Eólico Coxilha Negra,-31.02365,-55.904620000000001,VP Engenharia de Expansão,Engenharia,EEIG - Implantação de geração,EEIGE - Implantação de geração de eólica,,45383,45392,9,Não,Não,N/A,45384,Escorregou/Desequilibrou,"Laceração, Corte",Mão Direita,Médio,11,Médio,11 - Não se Aplica,,,,,,,,,45383,Geração
1,Terceiro,Quase Acidente,,Não,CGT Eletrosul,Expansão,Masculino,43,Até 6 meses,Sexta-feira,5,4,2024,14:00 - 15:00,Empresa,Individual,Santana do Livramento,RS,Parque Eólico Coxilha Negra,-31.02365,-55.904620000000001,VP Engenharia de Expansão,Engenharia,EEIG - Implantação de geração,EEIGE - Implantação de geração de eólica,,N/A,N/A,N/A,N/A,Não,N/A,N/A,,,,,15,Baixo,6 - Linha de Perigo,,,,,,,,,45387,Geração
1,Terceiro,Típico com afastamento,,Sim,CGT Eletrosul,Expansão,Masculino,21,Até 6 meses,Terça- feira,9,4,2024,10:00 - 11:00,Empresa,Individual,Santana do Livramento,RS,Parque Eólico Coxilha Negra,-31.02365,-55.904620000000001,VP Engenharia de Expansão,Engenharia,EEIG - Implantação de geração,EEIGE - Implantação de geração de eólica,,45391,45392,1,Não,Não,N/A,45392,Golpeado por (atingido por objeto em movimento),Lesão,Perna Esquerda,Médio,11,Médio,2 - Percepção de Risco,,,,,,,,,45391,Geração
1,Terceiro,Típico com afastamento,,Sim,CGT Eletrosul,Expansão,Masculino,31,Até 6 meses,Terça- feira,23,4,2024,11:00 - 12:00,Empresa,Individual,Santana do Livramento,RS,Parque Eólico Coxilha Negra,-31.02365,-55.904620000000001,VP Engenharia de Expansão,Engenharia,EEIG - Implantação de geração,EEIGE - Implantação de geração de eólica,,45406,45409,3,-,Não,-,45407,Queda com diferença de nível,"Distensão, Torção",Perna Direita,Baixo,14,Baixo,11 - Não se Aplica,,,,,,,,,45405,Geração
1,Terceiro,Quase Acidente,,Não,CGT Eletrosul,Expansão,Masculino,31,1 a 3 anos,Sábado,18,5,2024,08:00 - 09:00,Via pública,Individual,Santana do Livramento,RS,Parque Eólico Coxilha Negra,-30.890833333332999,-55.532777777778001,VP Engenharia de Expansão,Engenharia,Gestão da Implantação da Geração,Gerência de Projetos Estratégicos - Coxilha Negra,,-,-,N/A,-,Não,-,-,Outros,Sem Lesões,,,10,Médio,8 - Veículos e Equipamentos Móveis,Desatenção ao dirigir,Dormiu ao volante,Percepção de Riscos,,,,,,45430,Geração
1,Terceiro,Trajeto com afastamento,,Sim,CGT Eletrosul,Expansão,Masculino,56,6 meses a 1 ano,Terça- feira,21,5,2024,18:00 - 19:00 ,Via pública,Equipe,Santana do Livramento,RS,Parque Eólico Coxilha Negra,-30.890833333332999,-55.532777777778001,VP Engenharia de Expansão,Engenharia,Gestão da Implantação da Geração,Gerência de Projetos Estratégicos - Coxilha Negra,,45434,45444,10,-,Não,-,45439,Transporte Publico Regular - Colisão,Lesão,Perna Direita,Médio,10,Médio,8 - Veículos e Equipamentos Móveis,Desatenção ao acessar ao ônibus ,Manutenção dos veículos de transporte (ônibus),,,,,,,45433,Geração
1,Terceiro,Quase Acidente,,Sim,CGT Eletrosul,Expansão,Masculino,28,6 meses a 1 ano,Sexta-feira,31,5,2024,10:00 - 11:00,Empresa,Individual,Santana do Livramento,RS,Parque Eólico Coxilha Negra,-30.890833333332999,-55.532777777778001,VP Engenharia de Expansão,Engenharia,Gestão da Implantação da Geração,Gerência de Projetos Estratégicos - Coxilha Negra,-,-,-,N/A,-,Não,-,-,Queimadura,Queimadura Térmica ,Mão Direita,Baixo,10,Médio,9 - Trabalho a Quente,Em investigação,,,,,,,,45443,Geração
1,Terceiro,Quase Acidente,,Não,CGT Eletrosul,Expansão,Masculino,28,Até 6 meses,Sábado,22,6,2024,11:00 - 12:00,Empresa,Individual,Santana do Livramento,RS,Parque Eólico Coxilha Negra,-30.872005999999999,-55.603233000000003,VP Engenharia de Expansão,Engenharia,Gestão da Implantação da Geração,Gerência de Projetos Estratégicos - Coxilha Negra,-,-,-,N/A,-,Não,-,-,Outros,Sem Lesões,,,10,Médio,2 - Percepção de Risco,Em investigação,,,,,,,,45465,Geração
1,Terceiro,Típico com afastamento,,Sim,CGT Eletrosul,Expansão,Masculino,44,1 a 3 anos,Sexta-feira,12,7,2024,13:00 - 14:00,Empresa,Equipe,Santana do Livramento,RS,Parque Eólico Coxilha Negra,-30.872005999999999,-55.603233000000003,VP Engenharia de Expansão,Engenharia,Gestão da Implantação da Geração,Gerência de Projetos Estratégicos - Coxilha Negra,-,45491,45522,30,-,Não,-,45490,Golpeado por (atingido por objeto em movimento),Esmagamento,Mão Direita,Médio,10,Médio,6 - Linha de Perigo,Ausência de instrução técnica/procedimento para içamento de cargas,Manuseio incorreto da carga,Falha no planejamento executivo da atividade,,,,,,45485,Geração
1,Terceiro,Típico com afastamento,,Sim,CGT Eletrosul,Expansão,Masculino,29,1 a 3 anos,Segunda - feira,2,9,2024,12:00- 13:00,Empresa,Equipe,Santana do Livramento,RS,Parque Eólico Coxilha Negra,-30.872005999999999,-55.603233000000003,VP Engenharia de Expansão,Engenharia,Gestão da Implantação da Geração,-,-,45538,45540,2,-,Não,-,45538,Golpeado por (atingido por objeto em movimento),"Escoriação, Abrasão",Face,Médio,10,Médio,2 - Percepção de Risco,Falta de prática ao realizar manuseio deste tipo de porteira,,,,,,,,45537,Geração
1,Terceiro,Trajeto com afastamento,,Sim,CHESF,CSC,Masculino,53,1 a 3 anos,Segunda - feira,14,10,2024,17:00 - 18:00,Via pública,Individual,Santo Antonio de Jesus,BA,SE Santo Antônio de Jesus,-12.969470773080801,-39.263824792715099,VP Suprimentos e Serviços,VSS,CSC,CSC,SSCISO,45579,45589,10,Não,Não,0,45580,Outros,"Escoriação, Abrasão",Face,Médio,13,Médio,Outros,,,,,,,,,45579,
1,Terceiro,Típico com afastamento,,Sim,Eletrobras,Transmissão,Masculino,33,1 a 3 anos,Sexta-feira,5,4,2024,08:00 - 09:00,Área rural,Equipe,São Bernardo do Campo,SP,LT 345kV Ibiúna-Tijuco Preto II,-23.778367724375901,-46.506081905843097,VP Operações e Segurança,Operações,OOT.F - Produção da Transmissão,OOTS.F - Gerência São Paulo,OOTSA.F - Manutenção Eletromec. SP,45387,45401,14,0,Não,,45390,Eletricidade,Choque Elétrico,Partes Múltiplas,Médio,4,Alto,4 - Eletricidade,Falha no procedimento de içamento do cabo de aterramento até a topo da torre,Arranjo desfavorável para a sustentação do cabo,"Procedimento  da 
COTESA não contempla a utilização de luva de proteção elétrica durante a conexão e desconexão do cabo no ponto de aterramento",Descumprimento da Norma Regulamentadora 10 – NR10 – Deixar de fornecer o EPI recomendado para risco elétrico,,,,,45387,
1,Próprio,Típico sem afastamento,,Sim,Eletrobras,Adm,Feminino,49,10 a 15 anos,Terça- feira,14,5,2024,12:00- 13:00,Via pública,Individual,São Bernardo do Campo,SP,Infinite IT Consulting,-23.691914000000001,-46.548045999999999,VP Operações e Segurança,Operações,"OOP.F - Proteção, Controle e Telecom.",OOPM.F - Manutenção do SPCS,-,N/A,N/A,N/A,N/A,Não,N/A,45428,Queda mesmo nível,"Distensão, Torção",Perna Esquerda,Baixo,14,Baixo,11 - Não se Aplica,Desatenção,Desconhecimento do ambiente,,,,,,,45426,
1,Terceiro,Quase Acidente,,Sim,CHESF,Transmissão,Masculino,35,1 a 3 anos,Segunda - feira,5,2,2024,12:00- 13:00,Área rural,Equipe,São Cristóvão,SE,LT JDMCMQ - 05V7,-11.0077391898428,-37.224192831127297,VP Operações e Segurança,Operações,OOS.C - PRODUÇÃO SUL,OOSS.C - OPERAÇÃO REGIONAL DE SALVADOR,OOSSJ.C - MANUT DA TRANS DE ARACAJU,,,,,,,,Outros,Sem Lesões,,-,16,Baixo,4 - Eletricidade,,,,,,,,,45327,
1,Próprio,Quase Acidente,,Não,CGT Eletrosul,Transmissão,Masculino,53,Acima de 10 anos,Segunda - feira,17,6,2024,16:00 - 17:00,Área rural,Equipe,São João Batista,SC,SE Itajaí,-27.04936,-48.849229999999999,VP Operações e Segurança,Operações,OOG.S - Produção de Geração e Transmissão,OOGN.S - Produção de transmissão gerência norte,OOGNS.S - Divisão de produção de transmissão São José,N/A,N/A,N/A,Não,Não,N/A,N/A,,,,,2,Crítico,8 - Veículos e Equipamentos Móveis,,,,,,,,,45460,
1,Terceiro,Desvio Crítico,,Não,CGT Eletrosul,CSC,Masculino,40,1 a 3 anos,Terça- feira,7,5,2024,10:00 - 11:00,Empresa,Individual,São José,SC,SE Sertão Maruim,-27.59845,-48.677399999999999,VP Suprimentos e Serviços,VSS,DPS - Departamento de produto e qualidade da unidade sul,DIMP - Divisão de Gestão de Manutenção Predial,SEGIC - Setor de Gestão de Infraestrutura ,N/A,N/A,N/A,Não,Não,N/A,N/A,,,,,2,Crítico,3 - Trabalho em Altura,,,,,,,,,45419,
1,Terceiro,Típico sem afastamento,,Não,CGT Eletrosul,Transmissão,Masculino,58,6 meses a 1 ano,Terça- feira,15,10,2024,16:00 - 17:00,Empresa,Equipe,São José,SC,SE Sertão Maruim,-27.601109999999998,-48.680520000000001,VP Operações e Segurança,Operações,GCS - Diretoria Saúde e Segurança no Trabalho,GCST - Gerência Executiva Segurança do Trabalho ,GCSSO.S - Divisão O&M Geração e Transmissão CGT Eletrosul,N/A,N/A,N/A,Não,Não,N/A,N/A,N/A,,,Baixo,15,Baixo,2 - Percepção de Risco,,,,,,,,,45580,
1,Terceiro,Típico sem afastamento,,Sim,Eletrobras,CSC,Masculino,,Até 6 meses,Terça- feira,25,6,2024,08:00 - 09:00,Empresa,Individual,São José da Barra,MG,UHE Furnas,-20.683968499999999,-46.337378600000001,VP Suprimentos e Serviços,VSS,CS.G - SUP COORD REGIONAL CSC SUDESTE,CSI.G - DEP INFRA E SERV GERAIS,CSMG.G - DIV INFRA SERV GERAIS MG,N/A,N/A,N/A,N/A,Não,N/A,,,,,Baixo,14,Baixo,11 - Não se Aplica,Local com galhos secos e mato alto,,,,,,,,45468,
1,Próprio,Quase Acidente,,Não,Eletrobras,Adm,Masculino,52,15 a 20 anos,Quarta - feira,24,7,2024,12:00- 13:00,Empresa,Individual,São José da Barra,MG,UHE Furnas,-20.683968499999999,-46.337378600000001,VP Suprimentos e Serviços,VSS,SSLG - Gestão Logística,SSLGA - Operações de Almoxarifado,SSLGM.F - Op Reg Almox SE 2,N/A,N/A,N/A,N/A,,N/A,N/A,,,,,14,Baixo,11 - Não se Aplica,Cadeira com possível  problema na sua estrutura e rodinhas,Falta de inspeção/ manutenção dos equipamentos ,,,,,,,45497,
1,Próprio,Típico sem afastamento,,Sim,Eletrobras,Geração - Hidráulica,Masculino,46,20 a 25 anos,Quarta - feira,11,9,2024,08:00 - 09:00,Empresa,Dupla,São José da Barra,MG,UHE Furnas,-20.669668000000001,-46.318654000000002,VP Operações e Segurança,Operações,OOG.F - Produção da Geração,OOGM.F - Gerência de Minas Gerais,OOGMF.F - O&M de Furnas,N/A,N/A,N/A,N/A,Não,N/A,45547,Ferramenta Manual,Luxação,Perna Esquerda,Baixo,15,Baixo,2 - Percepção de Risco,Mau dimensionamento da corda que executou a tarefa,Falha na análise antecipada quanto ao posicionamento correto do corpo durante a manobra com a alavanca,,,,,,,45546,
1,Próprio,Trajeto com afastamento,,Sim,Eletrobras,Geração - Hidráulica,Masculino,42,1 a 3 anos,Quinta - feira,21,11,2024,11:00 - 12:00,Empresa,Individual,São José da Barra,MG,UHE Furnas,-20.665006999999999,-46.320911000000002,VP Operações e Segurança,Operações,OOG.F - Produção da Geração,OOGM.F - Gerência de Minas Gerais,OOGMF.F - O&M de Furnas,45617,45618,1,0,Não,,,,,,Baixo,14,Baixo,8 - Veículos e Equipamentos Móveis,Falta de sinalização horizontal no cruzamento do incidente,Falta de sinalização vertical no cruzamento do incidente,Falta de sinalização vertical e horizontal,Não aplicação da teoria do treinamento de direção defensiva,,,,,45617,
1,Próprio,Quase Acidente,,Não,Eletrobras,Melhoria,,,,Terça- feira,5,11,2024,10:00 - 11:00,Empresa,Equipe,São José da Barra,MG,UHE Furnas,-20.674074999999998,-46.331325999999997,VP Operações e Segurança,Operações,-,OOME.F - Testes e Ensaios,-,N/A,N/A,N/A,N/A,,N/A,N/A,,,,,16,Baixo,7 - Bloqueio e Proteção,Válvula Reguladora e Manômetros de controle ,"Painel de controle de enchimento de ar comprimido não possui válvula de segurança (8,8 bar)",Falta de procedimento para enchimento de disjuntor na derivação de 8 bar,,,,,,45601,
1,Terceiro,Típico com afastamento,,Sim,Eletrobras,CSC,Masculino,19,Até 6 meses,Terça- feira,10,12,2024,08:00 - 09:00,Empresa,Individual,São José da Barra,MG,UHE Furnas,-20.682034999999999,-46.334643999999997,VP Suprimentos e Serviços,VSS,-,SSCIS - Gerência CSC Infraestrutura,SSCISCF - Coordenação Infra. Sudeste,45636,45637,1,0,Não,,45636,Produto ou Substância Química,Lesão,Cabeça,Baixo,14,Baixo,2 - Percepção de Risco,Óculos usado não vedou totalmente os olhos,,,,,,,,45636,
1,Terceiro,Típico com afastamento,,Sim,CHESF,Transmissão,Masculino,23,6 meses a 1 ano,Quinta - feira,4,7,2024,11:00 - 12:00,Área rural,Equipe,São José da Laje,AL,Km 24 da LT 04M7/04M8 AGLMSI.,-9.0097031120673901,-36.058200685582598,VP Operações e Segurança,Operações,OOT.C,OOTR.C,OOTRM.C,45477,45479,1,0,Não,0,,Atingido por (pontos agudos ou cortantes),Lesão,Cabeça,Médio,10,Médio,Outros,,,,,,,,,45477,
1,Próprio,Quase Acidente,,Sim,CHESF,Transmissão,Masculino,41,Acima de 10 anos,Segunda - feira,12,8,2024,11:00 - 12:00,Área rural,Equipe,São Lourenço da Mata,PE,LT 04C4 (RCD/MRR),-7.9950278369459502,-35.0411331130272,VP Operações e Segurança,Operações,OOT.C,OOTR.C,OOTRA.C,,,,,,,,Outros,Sem Lesões,,,15,Baixo,8 - Veículos e Equipamentos Móveis,,,,,,,,,45516,
1,Terceiro,Típico com afastamento,,Sim,Eletronorte,CSC,Feminino,24,Até 6 meses,Quarta - feira,19,6,2024,11:00 - 12:00,Empresa,Individual,São Luís,MA,SE São Luís II,-2.79,-44.31,VP Suprimentos e Serviços,VSS,Superintendência de coordenação regional do Norte,Departamento de Infraestrutura de Serviços Gerais CSC,Divisão de Infraestrutura e serviços gerais regional leste ,45462,45467,5,0,Não,0,45463,Escorregou/Desequilibrou,"Escoriação, Abrasão",Perna Direita,Médio,11,Médio,2 - Percepção de Risco,Tapete escorregadio,,,,,,,,45462,
1,Próprio,Quase Acidente,,Sim,Eletronorte,Adm,Masculino,42,Acima de 10 anos,Sexta-feira,8,3,2024,13:00 - 14:00,Via pública,Individual,São Luís,MA,SE São Luís I,-2.56,-44.25,"VP Gente, Gestão e Cultura",Outros,Gerência executiva de Saúde e Segurança,Departamento de saúde e segurança do trabalho,Divisão de segurança do trabalho da transmissão,,,,0,Não,0,,Carro - Colisão ,Sem Lesões,,Baixo,14,Baixo,8 - Veículos e Equipamentos Móveis,Motorista do outro veículo invadiu a faixa.,,,,,,,,45359,
1,Terceiro,Típico com afastamento,,Sim,Eletronorte,Telecomunicação,Masculino,31,6 meses a 1 ano,Sexta-feira,28,6,2024,10:00 - 11:00,Empresa,Equipe,São Luís,MA,LT São Luís II-III,-2.71,-44.31,VP Operações e Segurança,Operações,"Gerência de SPCS, Estudos e Telecomunicação - OOP.N",Departamento de O&M de Telecomunicação - OOPT.N,,45471,45476,5,0,Não,0,45472,Golpeado por (atingido por objeto em movimento),"Laceração, Corte",Cabeça,Médio,4,Alto,6 - Linha de Perigo,Queda de objeto,Amarração deficiente de peça ,,,,,,,45471,
1,Próprio,Típico com afastamento,,Sim,Eletronorte,Transmissão,Masculino,59,Acima de 10 anos,Quarta - feira,14,8,2024,10:00 - 11:00,Empresa,Equipe,São Luís,MA,SE São Luís II,"-2,71	",-44.31,VP Operações e Segurança,Operações,Superintendência de Produção da Transmissão,Departamento de Produção e Trasmissão do Maranhão e Tocantins,,45519,45529,11,0,Não,0,45520,Atingido entre ou abaixo (esmagado ou amputado),"Escoriação, Abrasão",Perna Direita,Baixo,11,Médio,2 - Percepção de Risco,,,,,,,,,45518,
1,Terceiro,Típico com afastamento,,Sim,Eletronorte,CSC,Masculino,31,Até 6 meses,Terça- feira,20,8,2024,08:00 - 09:00,Empresa,Equipe,São Luís,MA,SE São Luís I,-2.56,-44.25,VP Suprimentos e Serviços,VSS,Superintendência de Coordenação Regional do CSC Norte,Departamento de Infraestrutura e Serviços Gerais CSC- Eletronorte,Divisão de Infraestrutura e Serviços Gerais Regional Norte,45524,45526,3,0,,,45525,Animal,"Escoriação, Abrasão",Partes Múltiplas,Baixo,15,Baixo,2 - Percepção de Risco,,,,,,,,,45524,
1,Terceiro,Típico com afastamento,,Sim,Eletronorte,CSC,Masculino,24,Até 6 meses,Segunda - feira,21,10,2024,09:00 - 10:00,Empresa,Equipe,São Luís,MA,SE São Luís I,-2.56,-44.25,VP Suprimentos e Serviços,VSS,Superintendência de Coordenação Regional do CSC Norte,Departamento de Infraestrutura de Serviços Gerais CSC,Divisão de Infraestrutura e serviços gerais ,45586,45590,5,0,,,45586,Queda com diferença de nível,Lesão,Braço Esquerdo,Médio,7,Alto,3 - Trabalho em Altura,,,,,,,,,45586,
1,Terceiro,Desvio Crítico,,Sim,Eletronorte,Transmissão,Masculino,36,6 meses a 1 ano,Sábado,30,11,2024,09:00 - 10:00,Empresa,Individual,São Luís,MA,SE Miranda,-3.56,-44.53,VP Suprimentos e Serviços,VSS,Superintendência de Coordenação Regional do CSC Norte,Departamento de Infraestrutura de Serviços Gerais CSC,,N/A,N/A,,,,,N/A,,,,Médio,10,Médio,2 - Percepção de Risco,,,,,,,,,45626,
1,Próprio,Quase Acidente,,Sim,Eletrobras,Transmissão,Masculino,46,20 a 25 anos,Terça- feira,2,7,2024,06:00 - 07:00,Via pública,Individual,São Miguel do Iguaçu,PR,LT Foz do Iguaçu - Ivaiporã / C.3,-25.373500000890001,-54.271361111110998,VP Operações e Segurança,Operações,OOT.F - Produção da Transmissão,OOTP.F - Gerência Parana e São Roque,OOTPC.F - Man. Foz do Iguaçu,N/A,N/A,N/A,N/A,,N/A,N/A,,,,,11,Médio,8 - Veículos e Equipamentos Móveis,Excesso de velocidade,Treinamento direção defensiva / Energia em 4 Rodas não absorvido pelo condutor,Ausência de iluminação pública,,,,,,45475,
1,Próprio,Quase Acidente,,Não,Eletrobras,Transmissão,Masculino,46,20 a 25 anos,Segunda - feira,12,8,2024,10:00 - 11:00,Via pública,Equipe,São Miguel do Iguaçu,PR,LT 600kV Foz do Iguaçu - Ibiúna 1-2,-25.395423000000001,-54.351989000000003,VP Operações e Segurança,Operações,OOT.F - Produção da Transmissão,OOTP.F - Gerência Parana e São Roque,OOTPC.F - Man. Foz do Iguaçu,N/A,N/A,N/A,N/A,,N/A,N/A,,,,,15,Baixo,8 - Veículos e Equipamentos Móveis,(em investigação),,,,,,,,45516,
1,Próprio,Trajeto com afastamento,,Sim,Eletrobras,Transmissão,Masculino,24,Até 6 meses,Domingo,21,1,2024,02:00 - 03:00,Via pública,Individual,São Paulo,SP,SE Guarulhos,-23.441666667505999,-46.585555555555999,VP Operações e Segurança,Operações,OOL.F - Produção Leste,OOLS.F - Produção São Paulo,OOLSM.F - Manut. Eletromec. São Paulo,45313,45372,60,0,Não,60,45324,Moto - Queda,Fratura,Braço Direito,Médio,5,Alto,8 - Veículos e Equipamentos Móveis,Asfalto em más condições,Asfalto com presença de água / óleo,Pouca visibilidade,Falta de sinalização na via,,,,,45312,
1,Terceiro,Típico com afastamento,,Sim,CHESF,Transmissão,Masculino,32,1 a 3 anos,Sexta-feira,20,9,2024,11:00 - 12:00,Área urbana,Dupla,São Sebastião do Passe,BA,LT 04M3 CTUGVM ,-12.5126516291434,-38.490380661772697,VP Operações e Segurança,Operações,OOT.C, OOTS.C ,OOTSE.C,45555,,40,Não,Não,0,45555,Eletricidade,Queimadura Arco-elétrico,Face,,7,Alto,4 - Eletricidade,,,,,,,,,45555,
1,Próprio,Quase Acidente,,Não,CGT Eletrosul,Transmissão,Masculino,53,Acima de 10 anos,Segunda - feira,21,10,2024,07:00 - 08:00,Via pública,Individual,Sapucaia do Sul,RS,SE Gravataí,-29.801469999999998,-51.166519999999998,VP Operações e Segurança,Operações,OOG.S - Produção de Geração e Transmissão,OOGS.S - Produção de transmissão gerência sul,,N/A,N/A,N/A,Não,,N/A,N/A,N/A,,,,11,Médio,8 - Veículos e Equipamentos Móveis,,,,,,,,,45586,
1,Próprio,Típico com afastamento,,Sim,CGT Eletrosul,Transmissão,Masculino,58,Acima de 10 anos,Terça- feira,9,1,2024,16:00 - 17:00,Área rural,Dupla,Saudade do Iguaçu ,PR,SE Areia,-25.6296,-52.622779999999999,VP Operações e Segurança,Operações,OOG.S - Produção de transmissão,OOGN.S - Produção de transmissão gerência norte,OOGNA.S - Divisão de produção de transmissão Areia,45301,45360,60,Não,Não,N/A,45301,"306040000 - Vegetal - planta, árvore, em estado natural, não beneficiada (não inclui grão
debulhado, fruto colhido, toro mesmo com galho))","704090000 - Doença, NIC",756030000 - Tórax (inclusive órgãos internos),Médio,7,Alto,2 - Percepção de Risco,,,,,,,,,45300,
1,Terceiro,Típico com afastamento,,Sim,CHESF,Transmissão,Masculino,44,Até 6 meses,Sexta-feira,28,6,2024,11:00 - 12:00,Empresa,Individual,Senhor do Bonfim,BA,SE Senhor do Bonfim,-10.4422848436722,-40.189674881936,VP Operações e Segurança,Operações,OOT.C,OOTBC.C ,OOTBC.C ,45471,45485,15,0,Não,0,,Atingido entre ou abaixo (esmagado ou amputado),Lesão,Dedo da mão Esquerda,Médio,11,Médio,Outros,,,,,,,,,45471,
1,Terceiro,Típico com afastamento,,Sim,Eletrobras,Transmissão,Masculino,59,1 a 3 anos,Quarta - feira,6,3,2024,06:00 - 07:00,Empresa,Dupla,Serra,ES,SE Vitória,-20.194444445188999,-40.293888888889001,VP Operações e Segurança,Operações,OOT.F - Produção da Transmissão,OOTM.F - Gerência Minas e Vitória,OOTMB.F - O&M Vitória,45358,45359,2,0,Não,,45358,Queda mesmo nível,Lesão,Cabeça,Médio,11,Médio,11 - Não se Aplica,Não avaliou o ambiente,Instrução para melhoria de acesso aos LTC,,,,,,,45357,
1,Próprio,Quase Acidente,,Sim,CHESF,Transmissão,Masculino,58,Acima de 10 anos,Quarta - feira,15,5,2024,10:00 - 11:00,Empresa,Individual,Simões Filho,BA,SE Cotegipe,-12.7938113756348,-38.421491574830597,VP Operações e Segurança,Operações,OOT.C,OOTS.C,OOTSO.C,,,,,,,,Golpeado por (atingido por objeto em movimento),Sem Lesões,,,15,Baixo,7 - Bloqueio e Proteção,,,,,,,,,45427,
1,Próprio,Quase Acidente,,Sim,CHESF,Transmissão,Masculino,56,Acima de 10 anos,Terça- feira,28,5,2024,09:00 - 10:00,Empresa,Individual,Simões Filho ,BA,SE CTG,-12.792942358935001,-38.421792492603302,VP Operações e Segurança,Operações,OOT.C,OOTS.C,OOTSO.C,,,,,,,,Outros,Sem Lesões,,,15,Baixo,4 - Eletricidade,,,,,,,,,45440,
1,Próprio,Quase Acidente,Sim,Sim,CHESF,Transmissão,Masculino,46,,Segunda - feira,1,4,2024,18:00 - 19:00 ,Via pública,Equipe,Simplicio Mendes,PI,40 km de Simplicio Mendes,-7.8586750834276202,-41.903568014170297,VP Operações e Segurança,Operações,OOT.C,OOTF.C,OOTFA.C,,,,,,,,,,,,7,Alto,8 - Veículos e Equipamentos Móveis,,,,,,,,,45383,
1,Próprio,Quase Acidente,Sim,,CHESF,Transmissão,Masculino,,Acima de 10 anos,Terça- feira,7,5,2024,11:00 - 12:00,Via pública,Individual,Simplicio Mendes,PI,Via Pública,-7.8570536627949004,-41.908811737869399,VP Operações e Segurança,Operações,OOT.C,OOTF.C,OOTFA.C,,,,,,,,,,,,11,Médio,8 - Veículos e Equipamentos Móveis,,,,,,,,,45419,
1,Próprio,Trajeto com afastamento,,Sim,Eletronorte,Transmissão,Masculino,35,Até 6 meses,Quarta - feira,19,6,2024,11:00 - 12:00,Via pública,Individual,Sinop,MT,SE Sinop,-11.85,-50.5,VP Operações e Segurança,Operações,Superintendência de Produção da Transmissão,Departamento Regional de Produção e Transmissão do Mato Grosso,,45462,45874,412,0,Não,0,45475,Moto - Colisão,Fratura,Perna Direita,Médio,5,Alto,8 - Veículos e Equipamentos Móveis,,,,,,,,,45462,
1,Terceiro,Quase Acidente,,Sim,CHESF,Transmissão,Masculino,44,6 meses a 1 ano,Quarta - feira,21,8,2024,09:00 - 10:00,Área rural,Equipe,Sítio do Quinto,BA,LT 05S4 LGZ/OLD,-10.364619218074701,-38.203552831460499,VP Operações e Segurança,Operações,OOT.C,OOTB.C,OOTBB.C.,,,,,,,,Eletricidade,Sem Lesões,,,13,Médio,4 - Eletricidade,,,,,,,,,45525,
1,Terceiro,Quase Acidente,,Sim,CHESF,Expansão,Masculino,44,1 a 3 anos,Domingo,16,6,2024,11:00 - 12:00,Empresa,Equipe,Sobradinho,BA,UHE Sobradinho,-40.827914450000002,-9.4323566999999997,VP Engenharia de Expansão,Engenharia,Gestão da Implantação de Transmissão,Implantação de Geração CHESF,-,-,-,N/A,-,Não,-,-,Outros,Sem Lesões,,,11,Médio,6 - Linha de Perigo,Falta de procedimento operacional para içamento porta bucha,Falha na percepção de riscos,APR não contemplava o risco ,,,,,,45459,Transmissão
1,Terceiro,Típico sem afastamento,,Sim,CHESF,Expansão,Masculino,48,Até 6 meses,Segunda - feira,29,7,2024,11:00 - 12:00,,,Sobradinho,BA,UHE Sobradinho,-40.827914450000002,-9.4323566999999997,VP Engenharia de Expansão,Engenharia,Gestão da Implantação de Transmissão,,,-,-,0,-,Não,,,,Lesão,Dedo da mão Esquerda,Baixo,11,Médio,Outros,Em investigação,,,,,,,,45502,Transmissão
1,Terceiro,Desvio Crítico,,Não,CHESF,Expansão,Masculino,53,1 a 3 anos,Segunda - feira,12,8,2024,10:00 - 11:00,Empresa,Individual,Sobradinho,BA,UHE Sobradinho,-40.827914450000002,-9.4323566999999997,VP Engenharia de Expansão,Engenharia,Gestão da Implantação de Transmissão,-,-,-,-,N/A,-,Não,-,-,Outros,Sem Lesões,,,7,Alto,2 - Percepção de Risco,Falha na execução do procedimento de bloqueios de energia,Dispositivo (sensor de posicionamento) não fazia parte da rotina e foi instalado recentemente,Falha de comunicação dentro da equipe de tubulação,,,,,,45516,Transmissão
1,Terceiro,Quase Acidente,,Não,CHESF,Expansão,Masculino,23,1 a 3 anos,Terça- feira,27,8,2024,10:00 - 11:00,Empresa,Individual,Sobradinho,BA,UHE Sobradinho,-9.6600953999999994,-40.890787799999998,VP Engenharia de Expansão,Engenharia,Gestão da Implantação de Transmissão,-,-,-,-,N/A,-,Não,-,-,Outros,Sem Lesões,,,7,Alto,4 - Eletricidade,Em investigação,,,,,,,,45531,Transmissão
1,Terceiro,Típico sem afastamento,,Sim,CHESF,Expansão,Masculino,30,Até 6 meses,Segunda - feira,21,10,2024,22:00 - 23:00 ,,,Sobradinho,BA,UHE Sobradinho,-9.6600953999999994,-40.890787799999998,VP Engenharia de Expansão,Engenharia,Gestão da Implantação de Transmissão,-,-,-,-,-,-,Sim,-,,Ferramenta Manual,Lesão,Dedo da mão Esquerda,Médio,10,Médio,2 - Percepção de Risco,Falta de procedimento,Fatores do trabalho,,,,,,,45586,Transmissão
1,Terceiro,Típico sem afastamento,,Sim,CHESF,Geração - Hidráulica,Masculino,48,1 a 3 anos,Sexta-feira,26,1,2024,09:00 - 10:00,Empresa,Equipe,Sobradinho,BA,UHE Sobradinho,-9.2080379521673592,-4.0760513368829097,VP Engenharia de Expansão,Engenharia,,PARCEIROS DE NEGÓCIO ENGENHARIA CHESF,,,,,0,Não,0,45320,Atingido entre ou abaixo (esmagado ou amputado),Lesão,Dedo da mão Direita,Baixo,15,Baixo,8 - Veículos e Equipamentos Móveis,,,,,,,,,45317,Geração
1,Terceiro,Típico com afastamento,,Sim,CHESF,Geração - Hidráulica,Masculino,35,6 meses a 1 ano,Quarta - feira,3,1,2024,22:00 - 23:00 ,Empresa,Equipe,Sobradinho,BA,UHE Sobradinho,-9.4331948289790599,-40.829065787012198,VP Engenharia de Expansão,Engenharia,,PARCEIROS DE NEGÓCIO ENGENHARIA CHESF,,45294,45296,2,0,Não,0,45295,"Impacto sofrido por pessoa, de objeto que cai",Esmagamento,Pé Esquerdo,Médio,11,Médio,Outros,,,,,,,,,45294,Geração
1,Terceiro,Quase Acidente,,Sim,CHESF,CSC,Masculino,30,Até 6 meses,Sexta-feira,12,4,2024,06:00 - 07:00,Empresa,Dupla,Sobradinho,BA,UHE Sobradinho,-9.2080379521673592,-4.0760513368829097,VP Suprimentos e Serviços,VSS,,,DGCIA ,,,,,,,,Outros,Sem Lesões,,,14,Baixo,Outros,,,,,,,,,45394,
1,Terceiro,Típico sem afastamento,,Sim,CHESF,Expansão,Masculino,20,6 meses a 1 ano,Sexta-feira,12,1,2024,11:00 - 12:00,Empresa,Individual,Sobradinho,BA,UHE Sobradinho,-9.2080379521673592,-4.0760513368829097,VP Engenharia de Expansão,Engenharia,,PARCEIROS DE NEGÓCIO ENGENHARIA CHESF,,,,,0,Não,0,45307,Ferramenta Manual,"Laceração, Corte",Dedo da mão Esquerda,Baixo,15,Baixo,Outros,,,,,,,,,45303,Geração
1,Terceiro,Típico sem afastamento,Sim,Sim,CHESF,Expansão,Masculino,29,1 a 3 anos,Quarta - feira,20,3,2024,09:00 - 10:00,Empresa,Equipe,Sobradinho,BA,UHE Sobradinho,-9.2080379521673592,-4.0760513368829097,VP Engenharia de Expansão,Engenharia,,,EEIGH,,,0,0,Não,0,45372,Ferramenta Manual,Lesão,Mão Direita,Baixo,15,Baixo,Outros,,,,,,,,,45371,Geração
1,Terceiro,Quase Acidente,,Sim,CHESF,Expansão,Masculino,43,Até 6 meses,Sexta-feira,12,4,2024,15:00 - 16:00,Empresa,Equipe,Sobradinho,BA,UHE Sobradinho,-9.2080379521673592,-4.0760513368829097,VP Engenharia de Expansão,Engenharia,VEE,EEIG,EEIGH ,,,,,,,,Outros,Sem Lesões,,,15,Baixo,8 - Veículos e Equipamentos Móveis,,,,,,,,,45394,Geração
1,Terceiro,Quase Acidente,,Sim,CHESF,Expansão,,,,Terça- feira,9,4,2024,09:00 - 10:00,Empresa,Equipe,Sobradinho,BA,UHE Sobradinho,-9.2080379521673592,-4.0760513368829097,VP Engenharia de Expansão,Engenharia,VEE,EEIG,EEIGH,,,,,,,,Outros,Sem Lesões,,,4,Alto,8 - Veículos e Equipamentos Móveis,,,,,,,,,45391,Geração
1,Terceiro,Típico com afastamento,,Sim,CHESF,CSC,Masculino,> 60,6 meses a 1 ano,Terça- feira,25,6,2024,17:00 - 18:00,Empresa,Individual,Sobral,CE,SE Sobral II,-3.6350226908710899,-40.385166059714301,VP Suprimentos e Serviços,VSS,SGC,DGCI,DGCIF,45468,45471,4,0,Não,0,,Queda mesmo nível,"Laceração, Corte",Braço Direito,Baixo,14,Baixo,Outros,,,,,,,,,45468,
1,Terceiro,Quase Acidente,,Sim,Eletronorte,CSC,Masculino,59,Até 6 meses,Sexta-feira,20,9,2024,10:00 - 11:00,Empresa,Individual,Sorriso,MT,SE Sorriso,-12.55233,-55.722630000000002,VP Suprimentos e Serviços,VSS,Superintendência de Coordenação Regional do CSC Norte,Departamento de Infraestrutura de Serviços Gerais CSC,Divisão de Infraestrutura e serviços gerais regional Oeste,NA,NA,,,,,,,,,Baixo,15,Baixo,2 - Percepção de Risco,,,,,,,,,45555,
1,Terceiro,Típico com afastamento,,Sim,CHESF,Transmissão,Masculino,54,Até 6 meses,Sexta-feira,24,5,2024,11:00 - 12:00,Área rural,Equipe,Taquaritinga do Norte,PE,LT 04C1 TACCGD.,-7.9000072008456304,-36.048088055530101,VP Operações e Segurança,Operações,OOT.C,OOTR.C,OOTRC.C,45436,45497,60,0,Não,,,Escorregou/Desequilibrou,Fratura,Pé Direito,Médio,11,Médio,Outros,,,,,,,,,45436,
1,Próprio,Quase Acidente,,Sim,CHESF,Transmissão,Masculino,43,Acima de 10 anos,Sexta-feira,6,12,2024,10:00 - 11:00,Empresa,Individual,Teresina,PI,SE TSD,-5.1266872799999996,-42.799485060000002,VP Operações e Segurança,Operações,OOT.C,OOTF.C,OOTFE.C,,,,,,,,Queda com diferença de nível,Sem Lesões,Perna Direita,,10,Médio,3 - Trabalho em Altura,,,,,,,,,45632,
1,Terceiro,Trajeto sem afastamento,,Sim,CHESF,Logistica,Feminino,26,6 meses a 1 ano,Quinta - feira,28,8,2024,08:00 - 09:00,Via pública,Individual,Teresina,PI,Via Pública,-5.1257999999999999,-42.8,VP Suprimentos e Serviços,VSS,SSL,SSLG,SSLGP.C,,,,,,, ,Moto - Colisão,"Escoriação, Abrasão",Perna Direita,Médio,5,Alto,8 - Veículos e Equipamentos Móveis,,,,,,,,,45532,
1,Terceiro,Quase Acidente,,Sim,CHESF,Logistica,Masculino,31,1 a 3 anos,Quinta - feira,27,12,2024,11:00 - 12:00,Empresa,Individual,Teresina,PI,Almoxarifado Teresina,-5.1266872799999996,-42.799485060000002,VP Suprimentos e Serviços,VSS,CSC,CSC,DGCIF ,,,,,,,,Atingido entre ou abaixo (esmagado ou amputado),"Escoriação, Abrasão",Dedo da mão Esquerda,,15,Baixo,2 - Percepção de Risco,,,,,,,,,45653,
1,Terceiro,Quase Acidente,,Sim,CHESF,CSC,Masculino,41,1 a 3 anos,Sexta-feira,27,9,2024,15:00 - 16:00,Empresa,Individual,Teresina,PI,Sede Teresina,-5.1266872799999996,-42.799485060000002,VP Suprimentos e Serviços,VSS,CSC,CSC,DGCIF ,,,,,,,,Atingido por (pontos agudos ou cortantes),"Escoriação, Abrasão",Braço Direito,,16,Baixo,Outros,,,,,,,,,45562,
1,Terceiro,Típico sem afastamento,,Sim,CHESF,CSC,Masculino,41,1 a 3 anos,Sexta-feira,23,2,2024,09:00 - 10:00,Empresa,Individual,Teresina,PI,SE Teresina II,-5.24971118802834,-42.727575688245999,VP Suprimentos e Serviços,VSS,SGC-SUP COORD REGIONAL CSC NORDESTE,DGCI-DEP DE INFRA E SERV GERAIS DO CSC,DGCIF-DIV DE INFRA E SERV GERAIS FZ E TE,45345,45345,2,0,Sim,0,45346,Ferramenta Manual,"Laceração, Corte",Mão Esquerda,Baixo,11,Médio,Outros,,,,,,,,,45345,
1,Terceiro,Trajeto com afastamento,,Sim,CHESF,CSC,Masculino,41,1 a 3 anos,Quarta - feira,6,3,2024,17:00 - 18:00,Via pública,Individual,Teresina,PI,SE Teresina ,-5.1258011325578297,-42.799752221017798,VP Suprimentos e Serviços,VSS,SGC-SUP COORD REGIONAL CSC NORDESTE,DGCI-DEP DE INFRA E SERV GERAIS DO CSC,DGCIF-DIV DE INFRA E SERV GERAIS FZ E TE,45357,45418,60,0,Não,0,45364,Moto - Colisão,Fratura,Joelho,Médio,11,Médio,8 - Veículos e Equipamentos Móveis,,,,,,,,,45357,
1,Terceiro,Típico com afastamento,,Sim,Eletronorte,Geração - Hidráulica,Masculino,30,1 a 3 anos,Quarta - feira,28,2,2024,09:00 - 10:00,Área rural,Individual,Tucuruí,PA,UHE Tucuruí,-3.79,-49.66,VP Operações e Segurança,Operações,Superintendência de Produção da Geração Hidraulica,Departamento de Meio Ambiente da  Geração Hidraulica,OOAMG.N,45379,45352,2,0,Não,0,45351,Atingido por (pontos agudos ou cortantes),Lesão,Pé Direito,Médio,11,Médio,2 - Percepção de Risco,Mal pocisionamento do dispositivo contra projeção de materiais,Ausencia de analise previa do local a ser realizado o serviço,Perneira e bota não estavam protegendo o trabalhador,Treinamento insuficiente para operadores de roçadeira,,,,,45350,
1,Terceiro,Típico com afastamento,,Sim,Eletronorte,Geração - Hidráulica,Masculino,42,Até 6 meses,Sábado,24,2,2024,23:00 - 00:00 ,Empresa,Individual,Tucuruí,PA,UHE Tucuruí,-3.79,-49.66,VP Operações e Segurança,Operações,Superintendência de Produção da Geração Hidraulica,Departamento de Manutenção da Geração Hidráulica Oeste,OOGTM.N,45346,45353,7,0,Não,0,45349,Escorregou/Desequilibrou,"Laceração, Corte",Mão Direita,Médio,11,Médio,2 - Percepção de Risco,Pressa para ir embora,Falta de atenção por desgaste físico,Bacia de contenção inacabada com cantos vivos,Falta de procedimento escrito para confecção de dispositivos perfurocortantes e liberação para uso,,,,,45346,
1,Terceiro,Típico com afastamento,,Sim,Eletronorte,Geração - Hidráulica,Masculino,31,1 a 3 anos,Quarta - feira,13,3,2024,15:00 - 16:00,Empresa,Equipe,Tucuruí,PA,UHE Tucuruí,-3.79,-49.66,VP Operações e Segurança,Operações,Superintendência de Produção da Geração Hidraulica,Departamento de Meio Ambiente da  Geração Hidraulica,OOGTM.N,45365,45371,7,0,Não,0,45365,Golpeado por (atingido por objeto em movimento),"Laceração, Corte",Face,Médio,11,Médio,2 - Percepção de Risco,Falta de Trava nas Chapas,Deformidade nas Chapas,Isolamento inadequado da área,Falta de Procedimento escrito para manutenções,,,,,45364,
1,Terceiro,Típico sem afastamento,,Sim,Eletronorte,Geração - Hidráulica,Masculino,26,Até 6 meses,Quarta - feira,22,5,2024,15:00 - 16:00,Empresa,Equipe,Tucuruí,PA,UHE Tucuruí,-3.79,-49.66,VP Operações e Segurança,Operações,Superintendência de Produção da Geração Hidraulica,Departamento de Manutenção da Geração Hidráulica Oeste,Divisão de  Manutenção Eletrica e Eletro UHE Tucurui – OOGTE.N,45373,,,,,,,Golpeado por (atingido por objeto em movimento),,Face,Baixo,15,Baixo,2 - Percepção de Risco,,,,,,,,,45434,
1,Terceiro,Trajeto com afastamento,,Sim,Eletronorte,Geração - Hidráulica,Masculino,52,1 a 3 anos,Terça- feira,14,5,2024,12:00- 13:00,Via pública,Individual,Tucuruí,PA,UHE Tucuruí,-3.79,-49.66,VP Operações e Segurança,Operações,Superintendência de Produção da Geração Hidraulica,Departamento de Manutenção da Geração Hidráulica Oeste, Divisão de Manutenção Mecânica- OOGTM.N,45427,45481,54,0,,,45426,Moto - Queda,Fratura,Partes Múltiplas,Médio,5,Alto,8 - Veículos e Equipamentos Móveis,,,,,,,,,45426,
1,Terceiro,Típico sem afastamento,,Sim,Eletronorte,Geração - Hidráulica,Masculino,48,1 a 3 anos,Quarta - feira,26,6,2024,15:00 - 16:00,Empresa,Individual,Tucuruí,PA,UHE Tucuruí,-3.79,-49.66,VP Operações e Segurança,Operações,Superintendência de Produção da Geração Hidraulica,Departamento de Manutenção da Geração Hidráulica Oeste, Divisão de Manutenção Mecânica- OOGTM.N,NA,NA,0,0,Não,0,45643,Atingido por (pontos agudos ou cortantes),"Laceração, Corte",Mão Esquerda,Baixo,15,Baixo,2 - Percepção de Risco,,,,,,,,,45469,
1,Terceiro,Quase Acidente,,Sim,Eletronorte,Geração - Hidráulica,,,,Sábado,22,6,2024,11:00 - 12:00,Empresa,Equipe,Tucuruí,PA,UHE Tucuruí,-3.79,-49.66,VP Operações e Segurança,Operações,Superintendência de Produção da Geração Hidraulica,Departamento de Manutenção da Geração Hidráulica Oeste,OOHTE.N,NA,NA,NA,NA,Não,0,NA,Golpeado por (atingido por objeto em movimento),Sem Lesões,,Baixo,11,Médio,6 - Linha de Perigo,,,,,,,,,45465,
1,Terceiro,Típico sem afastamento,,Sim,Eletronorte,Geração - Hidráulica,Masculino,42,1 a 3 anos,Quinta - feira,20,6,2024,17:00 - 18:00,Empresa,Equipe,Tucuruí,PA,UHE Tucuruí,-3.79,-49.66,VP Operações e Segurança,Operações,Superintendência de Produção da Geração Hidraulica,Departamento de Manutenção da Geração Hidráulica Oeste,Divisão de  Manutenção Eletrica e Eletro UHE Tucurui – OOGTE.N,45463,45463,0,0,Não,0,,Golpeado por (atingido por objeto em movimento),"Laceração, Corte",Mão Direita,Médio,15,Baixo,2 - Percepção de Risco,,,,,,,,,45463,
1,Terceiro,Típico com afastamento,,Sim,Eletronorte,Geração - Hidráulica,Feminino,> 60,1 a 3 anos,Quinta - feira,13,6,2024,08:00 - 09:00,Empresa,Individual,Tucuruí,PA,UHE Tucuruí,-3.79,-49.66,VP Operações e Segurança,Operações,Superintendência de Produção da Geração Hidraulica,Departamento de Manutenção da Geração Hidráulica Oeste,Divisão de Infraestrutura Serviços Gerais Região Norte,45456,45457,1,0,Não,0,,Escada - Queda,Luxação,Perna Esquerda,Baixo,11,Médio,2 - Percepção de Risco,,,,,,,,,45456,
1,Terceiro,Trajeto com afastamento,,Sim,Eletronorte,Geração - Hidráulica,Masculino,23,6 meses a 1 ano,Segunda - feira,8,7,2024,07:00 - 08:00,Via pública,Individual,Tucuruí,PA,UHE Tucuruí,-3.79,-49.66,VP Operações e Segurança,Operações,Superintendência de Produção da Geração Hidraulica,Departamento de Manutenção da Geração Hidráulica ,DIV. MANUT. MECAN. E AUXIL. UHE TUCURUI - OGHMM,45482,45483,2,0,Não,,,Moto - Queda,"Escoriação, Abrasão",,Médio,13,Médio,8 - Veículos e Equipamentos Móveis,,,,,,,,,45481,
1,Terceiro,Típico com afastamento,,Sim,Eletronorte,Geração - Hidráulica,Masculino,37,Até 6 meses,Quinta - feira,4,7,2024,09:00 - 10:00,Empresa,Equipe,Tucuruí,PA,UHE Tucuruí,-3.79,-49.66,VP Operações e Segurança,Operações,Superintendência de Produção da Geração Hidraulica,Departamento de Manutenção da Geração Hidráulica , Divisão de Manutenção Mecânica- OOGTM.N,45478,45498,73,300,,,45478,Atingido entre ou abaixo (esmagado ou amputado),Amputação Traumática,Dedo da mão Direita,Médio,7,Alto,6 - Linha de Perigo,,,,,,,,,45477,
1,Terceiro,Desvio Crítico,,Sim,Eletronorte,Telecomunicação,Masculino,,,Quinta - feira,7,8,2024,12:00- 13:00,Empresa,Dupla,Tucuruí,PA,SE Tucuruí 69kv,-3.79,-49.66,VP Operações e Segurança,Operações,,,OOP.N - Proteção Controle e Telecom,,,0,,,,,,Sem Lesões,Não se Aplica,Baixo,11,Médio,Outros,,,,,,,,,45511,
1,Terceiro,Trajeto sem afastamento,,Sim,Eletronorte,CSC,Feminino,43,1 a 3 anos,Terça- feira,26,11,2024,17:00 - 18:00,Empresa,Individual,Tucuruí,PA,UHE Tucuruí,-3.79,-49.66,VP Suprimentos e Serviços,VSS,Superintendência de Coordenação Regional do CSC Norte,Departamento de Infraestrutura de Serviços Gerais CSC,Operação de Facilities e Manutenção Norte 4 - SSCISO,N/A,N/A,,0,,,,Golpeado por (atingido por objeto em movimento),Sem Lesões,Mão Direita,Baixo,15,Baixo,2 - Percepção de Risco,,,,,,,,,45622,
1,Próprio,Quase Acidente,,Sim,CHESF,Transmissão,Masculino,47,Acima de 10 anos,Domingo,14,1,2024,09:00 - 10:00,Empresa,Equipe,Ubaitaba,BA,Subestação de Funil,-13.3686031339114,-3.96013543975269,VP Operações e Segurança,Operações,OOS.C - PRODUÇÃO SUL,OOSS.C - OPERAÇÃO REGIONAL DE SALVADOR,OOSSF.C - MANUT DA TRANSMISSÃO DE FUNIL,,,,0,Não,0,,Outros,Sem Lesões,,,11,Médio,3 - Trabalho em Altura,,,,,,,,,45305,
1,Terceiro,Quase Acidente,,Sim,CHESF,Geração - Hidráulica,Masculino,34,1 a 3 anos,Quinta - feira,11,4,2024,17:00 - 18:00,Empresa,Equipe,Ubaitaba,BA,UHE de Funil,-14.2269326897583,-39.463328505481101,VP Operações e Segurança,Operações,OOG,OOGS,OOGSF,,,,,,,,"Impacto sofrido por pessoa, de objeto que cai",Sem Lesões,,Baixo,11,Médio,Outros,,,,,,,,,45393,
1,Terceiro,Quase Acidente,,Sim,CHESF,Transmissão,Masculino,45,,Domingo,20,10,2024,10:00 - 11:00,Área rural,Equipe,Ubaitaba,BA,LT STJ/FNL ,-14.3078075937792,-39.322672200598703,VP Operações e Segurança,Operações,OOT.C,OOTS.C,OOTSF.C,,,,,,,,Ferramenta Manual,Sem Lesões,,,13,Médio,4 - Eletricidade,,,,,,,,,45585,
1,Próprio,Trajeto com afastamento,,Sim,CHESF,Geração - Hidráulica,Masculino,48,6 meses a 1 ano,Quinta - feira,16,5,2024,18:00 - 19:00 ,Via pública,Individual,Ubatã,BA,UHE de Funil,-14.226828691917101,-39.463285590136003,VP Operações e Segurança,Operações,OOG.C,OOGS.C,OOGSF.C,45548,45562,15,0,Não,0,45567,Moto - Colisão,Outros,Perna Direita,Baixo,11,Médio,8 - Veículos e Equipamentos Móveis,,,,,,,,,45428,
1,Terceiro,Quase Acidente,,Sim,CHESF,Transmissão,Masculino,48,,Quinta - feira,1,8,2024,10:00 - 11:00,Área rural,Equipe,Ubatã,BA,LT 04L3   STJ-FNL ,-14.226828691917101,-39.463285590136003,VP Operações e Segurança,Operações,OOT.C,OOTS.C,OOTSF.C,,,,,,,,Eletricidade,Sem Lesões,,,15,Baixo,4 - Eletricidade,,,,,,,,,45505,
1,Terceiro,Quase Acidente,,,CHESF,Expansão,N/A,,N/A,Quinta - feira,14,11,2024,18:00 - 19:00 ,Empresa,Individual,Sobradinho,BA,UHE Sobradinho,,,VP Engenharia de Expansão,Engenharia,Gestão da Implantação da Geração,-,-,-,-,-,-,Não,-,-,,,,Baixo,10,Médio,Outros,Em Investigação,,,,,,,,45610,Geração
1,Próprio,Quase Acidente,,Sim,Eletronorte,Transmissão,Masculino,50,6 a 10 anos,Domingo,25,8,2024,14:00 - 15:00,Empresa,Dupla,Várzea Grande,MT,SE Coxipó,-15.62524,-56.057560000000002,VP Operações e Segurança,Operações,Superintendência de Produção da Transmissão,Departamento Regional de Produção e Transmissão do Mato Grosso,DIV. PRODUCAO DA TRANSMISSAO DE CUIABA - OPTOC,N/A,N/A,0,,,,,,,,Baixo,13,Médio,2 - Percepção de Risco,,,,,,,,,45529,
1,Próprio,Quase Acidente,,Não,CGT Eletrosul,Transmissão,Masculino,50,Acima de 10 anos,Quinta - feira,28,11,2024,11:00 - 12:00,Empresa,Individual,Veranópolis,RS,SE Monte Claro,-29.012969999999999,-51.535820000000001,VP Operações e Segurança,Operações,OOOG.S - Produção de Geração e Transmissão,OOGS.S - Produção de transmissão gerência sul,OOGSF.S - Divisão de produção de transmissão Farroupilha,N/A,N/A,N/A,Não,Não,N/A,N/A,,,,,11,Médio,11 - Não se Aplica,,,,,,,,,45624,
1,Terceiro,Quase Acidente,,,Eletrobras,Expansão,Masculino,48,Até 6 meses,Segunda - feira,21,10,2024,08:00 - 09:00,Via pública,Individual,Viana,ES,SE Viana,,,VP Engenharia de Expansão,Engenharia,-,,-,-,-,-,-,Não,-,-,,,,,13,Médio,Outros,Em Investigação,,,,,,,,45586,Geração
1,Terceiro,Típico sem afastamento,,Sim,Eletronorte,Expansão,Masculino,28,6 meses a 1 ano,Terça- feira,16,1,2024,14:00 - 15:00,,Equipe,Vilhena,RO,SE Vilhena,-12.71,-60.26,VP Engenharia de Expansão,Engenharia,,Parceiros de negocios de engenharia,,45307,45307,0,0,Não,0,45308,Golpeado por (atingido por objeto em movimento),Sem Lesões,Braço Direito,Baixo,11,Médio,2 - Percepção de Risco,,,,,,,,,45307,Geração
1,Terceiro,Típico com afastamento,,Sim,Eletronorte,CSC,Masculino,48,1 a 3 anos,Sexta-feira,4,10,2024,10:00 - 11:00,Empresa,Individual,Vilhena,RO,SE Vilhena,-12.71,-60.26,VP Suprimentos e Serviços,VSS,Superintendência de Coordenação Regional do CSC Norte,Departamento de Infraestrutura de Serviços Gerais CSC,Divisão de gestão de frotas e viagens,45569,45583,14,0,,,45573,Golpeado por (atingido por objeto em movimento),"Laceração, Corte",Dedo da mão Esquerda,Médio,11,Médio,2 - Percepção de Risco,,,,,,,,,45569,
1,Próprio,Trajeto com afastamento,,Sim,CGT Eletrosul,Transmissão,Masculino,43,Até 6 meses,Segunda - feira,1,4,2024,07:00 - 08:00,Via pública,Individual,Xanxerê,SC,SE Xanxerê,-26.876480000000001,-52.406790000000001,VP Operações e Segurança,Operações,OOG.S - Produção de transmissão,OOGS.S - Produção de transmissão gerência sul,OOGSX.S - Divisão de produção de transmissão Xanxerê,N/A,N/A,1,N/A,Não,N/A,45384,Moto - Queda,"Distensão, Torção",Mão Direita,Médio,11,Médio,8 - Veículos e Equipamentos Móveis,,,,,,,,,45383,
1,Próprio,Trajeto sem afastamento,,Sim,CGT Eletrosul,Transmissão,Masculino,26,6 meses a 1 ano,Quinta - feira,11,4,2024,07:00 - 08:00,Via pública,Individual,Xanxerê,SC,SE Xanxerê,-26.89396,-52.398130000000002,VP Operações e Segurança,Operações,OOG.S - Produção de transmissão,OOGS.S - Produção de transmissão gerência sul,OOGSX.S - Divisão de produção de transmissão Xanxerê,N/A,N/A,0,N/A,Não,N/A,45393,Moto - Queda,Esmagamento,Braço Direito,Médio,11,Médio,8 - Veículos e Equipamentos Móveis,,,,,,,,,45393,
1,Próprio,Quase Acidente,,Não,CGT Eletrosul,Transmissão,Masculino,27,6 meses a 1 ano,Sexta-feira,29,11,2024,15:00 - 16:00,Via pública,Individual,Xanxerê ,SC,SE Xanxerê,-26.877320000000001,-52.399439999999998,VP Operações e Segurança,Operações,OOG.S - Gerência Executiva Produção de G&T Eletrosul,OOGS.S - Produção de transmissão gerência sul,OOGSX.S - Divisão de produção de transmissão Xanxerê ,N/A,N/A,N/A,N/A,N/A,N/A,N/A,N/A,N/A,N/A,Médio,10,Médio,8 - Veículos e Equipamentos Móveis,,,,,,,,,45625,
1,Terceiro,Típico sem afastamento,,Sim,CHESF,Expansão,Masculino,44,Até 6 meses,Quarta - feira,1,5,2024,13:00 - 14:00,Empresa,Equipe,#VALUE!,BA,SE ENP,-16.377777777778,-39.58,VP Engenharia de Expansão,Engenharia,Gestão da Implantação de Transmissão,Implantação de Transmissão CHESF,-,-,-,0,-,Não,-,45414,Eletricidade,Sem Lesões,Partes Múltiplas,Médio,7,Alto,4 - Eletricidade,Procedimento operacional,Ausencia do teste de tensão,Disjuntor improvisado,,,,,,45413,Transmissão
1,Próprio,Típico sem afastamento,,Sim,CHESF,Expansão,Masculino,42,Acima de 10 anos,Terça- feira,7,5,2024,15:00 - 16:00,Via pública,Individual,#VALUE!,PE,PE 360,-8.6008333333333002,-38.567777777777998,VP Engenharia de Expansão,Engenharia,Gestão da Implantação de Transmissão,Implantação de Transmissão CHESF,-,-,-,0,-,Sim,-,45419,Carro - Colisão ,Outros,Partes Múltiplas,Médio,5,Alto,8 - Veículos e Equipamentos Móveis,Em investigação,,,,,,,,45419,Transmissão
1,Terceiro,Típico sem afastamento,,Sim,Eletronorte,Expansão,Masculino,40,6 meses a 1 ano,Sexta-feira,31,5,2024,08:00 - 09:00,Empresa,Equipe,#VALUE!,RO,SE Caladinho,-8.7619444444443992,-63.903888888889,VP Engenharia de Expansão,Engenharia,,,-,-,-,0,-,Não,-,-,Atingido entre ou abaixo (esmagado ou amputado),Luxação,Mão Esquerda,Baixo,11,Médio,2 - Percepção de Risco,Local onde o trabalhador posicionou a mão,Trabalhador com baixa percepção de riscos,Falta de sincronismo entre os participantes da atividade,,,,,,45443,Geração
1,Terceiro,Trajeto com afastamento,,Sim,Eletrobras,Expansão,Masculino,43,1 a 3 anos,Segunda - feira,6,5,2024,07:00 - 08:00,Via pública,Individual,#VALUE!,RJ,UHE Simplício,-29.838888888888999,-51.143888888889002,VP Engenharia de Expansão,Engenharia,EEIT - Implantação da Transmissão,EEITF - Transmissão Furnas,-,45419,45434,15,15,Não,,,Moto - Colisão,Fratura,Tórax,Médio,7,Alto,8 - Veículos e Equipamentos Móveis,"Transitava em velocidade 
incompativel com cenario.","Imprudência do 
acidentado",,,,,,,45418,Transmissão
1,Terceiro,Quase Acidente,,Não,CHESF,Expansão,Masculino,28,1 a 3 anos,Sábado,25,5,2024,10:00 - 11:00,Empresa,Equipe,Sobradinho,BA,UHE Sobradinho,-15.6530555555556,-47.791388888888903,VP Engenharia de Expansão,Engenharia,Gestão da Implantação de Transmissão,Implantação de Geração CHESF,-,-,-,N/A,-,Não,-,-,Outros,Sem Lesões,,,11,Médio,8 - Veículos e Equipamentos Móveis,Não houve planejamento adequado,Corte na chapa piso no interior do mancal da escora,APR não contemplava o risco de materiais inflamaveis próximo de atividades a quente,Falta de percepção de riscos dos envolvidos,,,,,45437,Transmissão
1,Terceiro,Quase Acidente,,Sim,Eletrobras,Expansão,Masculino,25,6 meses a 1 ano,Quinta - feira,30,5,2024,11:00 - 12:00,Empresa,Equipe,#VALUE!,ES,SE Vitória,-23.601944444444001,-46.752777777778,VP Engenharia de Expansão,Engenharia,Gestão da Implantação de Transmissão,Implantação de Transmissão FURNAS,-,-,-,N/A,-,Não,-,-,Ferramenta Manual,Sem Lesões,Perna Direita,Baixo,15,Baixo,Outros,Falha de execução na remoção da brita,Risco não previsto na APR,,,,,,,45442,Transmissão
1,Próprio,Quase Acidente,,Sim,CHESF,Adm,,,,Quinta - feira,2,1,2025,10:00 - 11:00,Empresa,Individual,Abreu e Lima,PE,Almoxarifado Abreu e Lima,-7.9057424552485402,-34.903874050718798,VP Suprimentos e Serviços,VSS,CSC,CSC,CSC,,,,,,,,Incêndio,Sem Lesões,,,13,Médio,Outros,,,,,,,,,45659,
1,Próprio,Típico sem afastamento,,Sim,CHESF,CSC,Feminino,40,6 meses a 1 ano,Quinta - feira,2,1,2025,12:00- 13:00,Empresa,Individual,Recife,PE,Sede Recife,-8.0635971547917507,-34.929949705626598,VP Suprimentos e Serviços,VSS,CSC,SUPRIMENTOS,SERVIÇOS ADMINISTRATIVOS DE OPEX,45659,45665,0,,Sim,12,,Escorregou/Desequilibrou,"Distensão, Torção",Articulação do tornozelo,Baixo,11,Médio,Outros,,,,,,,,,45659,
1,Próprio,Quase acidente,Não,Não,Eletrobras,Geração - Hidráulica,,,,Quinta - feira,2,1,2025,15:00 - 16:00,Empresa,Equipe,Fronteira,MG,UHE Marimbondo,-20.314139000000001,-49.189917000000001,VP Operações e Segurança,Operações,OOG.F - Produção da Geração,OOGM.F - Gerência de Minas Gerais,OOGMP.F - O&M Marimb. P. Colomb.,N/A,N/A,N/A,N/A,,N/A,N/A,,,,,14,Baixo,11 - Não se Aplica,,"OS PESCADORES PASSAM PELO LOCAL E COLOCAM FOGO. O ACESSO está contido em ÁREA FEDERAL, o que é PROIBIDO, INCLUSIVE A PRATICA DE PESCA. CONTUDO, OS PESCADORES NÃO RESPEITAM A PROIBIÇÃO, AFRONTAM OS VIGILANTES E COLOCAM FOGO NA VEGETAÇÃO. A PERÍCIA FOI ACIONADA, PORÉM O DELEGADO DE PLANTÃO NA CIDADE DE FRUTAL DISPENSOU OS TRABALHOS PERICIAIS. POR ESSE MOTIVO, FOI LAVRADO O REDS PARA AS DEMAIS PROVIDÊNCIAS._x000D_",SUSPEITOS ATEARAM FOGO NA VEGETAÇÃO,,,,,,45659,
183,Próprio,Quase Acidente,,Sim,CHESF,Transmissão,Masculino,> 60,Acima de 10 anos,Domingo,5,1,2025,07:00 - 08:00,Empresa,Individual,Heliópolis,BA,LT 05L9 JEROLD estrutura 58/1,-10.682777,-38.285831000000002,VP Operações e Segurança,Operações,OOT.C,OOTBB.C,OOTBB.C,,,,,,,,Outros,Sem Lesões,,,14,Baixo,2 - Percepção de Risco,,,,,,,,,45662,
1,Terceiro,Quase Acidente,,Sim,CHESF,Transmissão,Masculino,56,1 a 3 anos,Quinta - feira,9,1,2025,11:00 - 12:00,Via pública,Individual,Recife,PE,Via Pública,-8.0635971547917507,-34.929949705626598,VP Operações e Segurança,Operações,OOT.C,OOTR.C,OOTRA.C,,,,,,,,Carro - Colisão ,Sem Lesões,,,10,Médio,8 - Veículos e Equipamentos Móveis,,,,,,,,,45666,
1,Próprio,Quase Acidente,,Sim,Eletronorte,Transmissão,Masculino,38,6 meses a 1 ano,Sexta-feira,10,1,2025,14:00 - 15:00,Empresa,Dupla,Miranda do Norte,TO,SE Miranda,-3.56,-44.53,VP Operações e Segurança,Operações,Superintendência de Produção da Transmissão,Departamento Regional de Produção da transmissão Norte,OOTMS.N,,,,,,,,,,,,10,Médio,2 - Percepção de Risco,,,,,,,,,45667,
1,Terceiro,Típico com afastamento,,Sim,Eletronorte,CSC,Feminino,23,Até 6 meses,Terça- feira,14,1,2025,10:00 - 11:00,Empresa,Individual,Rio Branco,AC,SE Acre,-9.9661299999999997,-67.386600000000001,VP Suprimentos e Serviços,VSS,CSC,Infraestrutura de Operações,Operação de Facilites e Manutenção,45671,45673,2,0,Não,0,45679,Calçada ou caminho para pedrestre - superfície utilizada para sustentar pessoas,Luxação,Perna Direita,Médio,11,Médio,2 - Percepção de Risco,,,,,,,,,45671,
1,Próprio,Quase acidente,Não,Não,Eletrobras,Transmissão,Masculino,44,Acima de 10 anos,Terça- feira,14,1,2025,10:00 - 11:00,Empresa,Equipe,Rio de Janeiro,RJ,SE Grajaú,-22.927500000824999,-43.264722222221998,VP Operações e Segurança,Operações,OOT.F - Produção da Transmissão,OOTR.F - Gerência Rio de Janeiro,OOTRG.F - O&M Grajaú Jacarepa.,N/A,N/A,N/A,N/A,,N/A,N/A,,,,,14,Baixo,2 - Percepção de Risco,Condição insegura – tampa de canaleta assentada incorretamente,Baixa percepção de risco,,,,,,,45671,
1,Próprio,Quase Acidente,,Não ,CGT Eletrosul,Geração - Hidráulica,Masculino,39,1 a 3 anos ,Quinta - feira,16,1,2025,14:00 - 15:00,Via pública,Individual,Rio Fortuna ,SC,PCH João Borges ,-28.132729999999999,-49.100580000000001,VP Operações e Segurança,Operações,OOG.S - Produção de Geração e Transmissão,OOGR.S - Produção de Geração Renovável,,NA,NA,NA ,NA,Não,NA,NA,,,,,11,Médio,8 - Veículos e Equipamentos Móveis,,,,,,,,,45673,
1,Terceiro,Quase Acidente,,Sim,Eletronorte,CSC,Masculino,45,1 a 3 anos,Sexta-feira,17,1,2025,18:00 - 19:00 ,Via pública,Individual,Altamira,PA,Se Altamira,-3.2,-52.2,VP Suprimentos e Serviços,VSS,CSC,Infraestrutura de Operações,"Gestão de Frotas, Transporte e Mobilidade",N/A,N/A,0,0,Não,0,N/A,,,,,15,Baixo,8 - Veículos e Equipamentos Móveis,,,,,,,,,45674,
1,Terceiro,Quase Acidente,,Sim,CHESF,Transmissão,Masculino,58,1 a 3 anos,Sábado,18,1,2025,11:00 - 12:00,Empresa,Equipe, Jaguarari,BA,strutura 89/1 da LT 04L1JGR/SOB e LT 04N2 JZD/SNB,-10.257909070071699,-40.195187662714297,VP Operações e Segurança,Operações,OOT.C,OOTB.C,OOTBA.C,,,,,,,,Outros,Sem Lesões,,,16,Baixo,8 - Veículos e Equipamentos Móveis,,,,,,,,,45675,
1,Terceiro,Quase acidente,Não,Não,Eletrobras,CSC,Masculino,39,Até 6 meses,Segunda - feira,20,1,2025,14:00 - 15:00,Empresa,Individual,Caldas Novas,GO,UHE Corumbá,-17.979248999999999,-48.547193999999998,VP Suprimentos e Serviços,VSS,-,SSCIS - Gerência CSC Infraestrutura,SSCISCF - Coordenação Infra. Sudeste,N/A,N/A,N/A,N/A,,N/A,N/A,,,,,14,Baixo,2 - Percepção de Risco,"Escada marinheiro sem guarda-corpo, devido ao Projeto e construção do local inacabado",,,,,,,,45677,
1,Terceiro,Típico com afastamento,,Sim,CHESF,Transmissão,Masculino,38,1 a 3 anos,Segunda - feira,20,1,2025,15:00 - 16:00,Área rural,Individual,Campina Grande,PB,"Estrutura 069/1, LT 04C4 Pau Ferro - Campina Grande II.",-7.2659799999999999,-35.908569999999997,VP Operações e Segurança,Operações,OOT.C,OOTR.C,OOTRC.C,45677,45680,3,,Não,,,Golpeado por (atingido por objeto em movimento),Traumatismo,Tórax,Médio,10,Médio,3 - Trabalho em Altura,,,,,,,,,45677,
1,Terceiro,Típico com afastamento,Não,Sim,Eletrobras,Transmissão,Masculino,51,6 meses a 1 ano,Segunda - feira,20,1,2025,14:00 - 15:00,Área rural,Dupla,Mimoso do Sul,ES,LT CMSRNS-2-154,-21.141719999999999,-41.295972999999996,VP Operações e Segurança,Operações,OOT.F - Produção da Transmissão,OOTM.F - Gerência Minas e Vitória,OOTMB.F - O&M Vitória,45678,45681,3,0,Não,,45677,Atingido por (pontos agudos ou cortantes),"Laceração, Corte",Pé Direito,Médio,11,Médio,2 - Percepção de Risco,Não solicitou auxilio para movimentação da peça,Posicionou o pé de forma perigosa,Não utilizou EPI adequado,,,,,,45677,
1,Próprio,Típico sem afastamento,,Sim,Eletronorte,Transmissão,Masculino,27,6 meses a 1 ano,Terça- feira,21,1,2025,12:00- 13:00,Empresa,Individual,Rio Branco,AC,SE Acre,-9.9661299999999997,-67.386600000000001,VP Operações e Segurança,Operações,Superintendência de Produção da Transmissão,Departamento Regional de Produção da transmissão Norte,Divisão de Infraestrutura e serviços gerais ,N/A,N/A,0,0,Não,0,45691,Ferramenta Manual,"Escoriação, Abrasão",Mão Esquerda,Baixo,15,Baixo,2 - Percepção de Risco,,,,,,,,,45678,
1,Terceiro,Típico sem afastamento,,Sim,Eletronorte,CSC,Masculino,27,1 a 3 anos,Terça- feira,21,1,2025,13:00 - 14:00,Empresa,Equipe,Rio Branco,AC,SE Acre,-9.9661299999999997,-67.386600000000001,VP Suprimentos e Serviços,VSS,CSC,Infraestrutura de Operações,Operação de Facilites e Manutenção,N/A,N/A,0,0,Não,0,45694,Ferramenta Manual,Luxação,Dedo da mão Esquerda,Baixo,13,Médio,2 - Percepção de Risco,,,,,,,,,45678,
1,Terceiro,Típico sem afastamento,Não,Sim,Eletrobras,CSC,Masculino,> 60,Até 6 meses,Terça- feira,21,1,2025,13:00 - 14:00,Empresa,Individual,Rio de Janeiro,RJ,EBM,-22.916989000000001,-43.212699999999998,VP Suprimentos e Serviços,VSS,SSCISM - Gestão de Manutenção e Obras,SSCIS - CSC Infraestrutura,SSCISF - Gestão de Facilites,N/A,N/A,N/A,N/A,,N/A,45680,Mal subito,Traumatismo,Cabeça,Baixo,14,Baixo,11 - Não se Aplica,"Síndrome de choque sem outra especificação. Esta condição é caracterizada por uma resposta sistêmica anormal do organismo a vários estímulos, resultando em sintomas como pressão arterial baixa, batimento cardíaco acelerado e confusão. O CID R55 também é utilizado para descrever síncope e colapso, que podem ser definidos como episódios em que há perda transitória da consciência",R55 - Síncope e colapso,,,,,,,45678,
1,Terceiro,Quase Acidente,Sim,Sim,CHESF,Adm,Masculino,44,Até 6 meses,Quinta - feira,23,1,2025,15:00 - 16:00,Via pública,Individual,Angelim,PE,PE 177 - Próximo ao povoado Serra do Boi (estrada das castanhas),"-8,880672595903040",-36.245562355823601,"VP Gente, Gestão e Cultura",Outros,GCSST.C,GCSST.C,GCSST.C,,,,,,,,Carro - Colisão ,Sem Lesões,,,5,Alto,8 - Veículos e Equipamentos Móveis,,,,,,,,,45680,
1,Terceiro,Trajeto com afastamento,,Sim,Eletronorte,CSC,Feminino,22,Até 6 meses,Quinta - feira,23,1,2025,07:00 - 08:00,Via pública,Individual,Boa Vista,RR,Prédio ADM,2.83,-60.66,VP Suprimentos e Serviços,VSS,CSC,Infraestrutura Corporativa,Gestão de Facilites,45680,45680,1,0,Não,0,45681,Moto - Queda,"Escoriação, Abrasão",Perna Esquerda,Baixo,11,Médio,8 - Veículos e Equipamentos Móveis,,,,,,,,,45680,
1,Próprio,Trajeto com afastamento,,Sim,Eletronorte,Geração - Hidráulica,Masculino,31,1 a 3 anos,Quinta - feira,23,1,2025,07:00 - 08:00,Via pública,Individual,Tucuruí,PA,UHE Tucuruí,-3.79,-49.66,"VP Gente, Gestão e Cultura",Outros,Gerência executiva de Saúde e Segurança,Departamento de saúde e segurança do trabalho,,45680,45681,1,0,Não,,45686,Moto - Colisão,"Escoriação, Abrasão",Braço Esquerdo,Médio,10,Médio,8 - Veículos e Equipamentos Móveis,Impacto de pessoa contra objeto em movimento,,,,,,,,45680,
291,Terceiro,Quase Acidente,,Sim,CHESF,Adm,Masculino,45,6 meses a 1 ano,Sexta - feira,29,8,2025,11:00 - 12:00,Área rural,Equipe,Japi,RN, LT 04V2 - estrutura 89/3 CGD/PRS,-6.4246090000000002,-35.827303999999998,"VP Gente, Gestão e Cultura",Outros,GCS.C,GCSS.C,GCSST.C,,,,,,,,Animal,Sem Lesões,Perna Direita,,11,Médio,2 - Percepção de Risco,,,,,,,,,45898,
1,Próprio,Típico sem afastamento,Não,Sim,Eletrobras,Adm,Feminino,51,3 a 6 anos,Terça- feira,28,1,2025,16:00 - 17:00,SPE,Individual,Porto Velho,RO,UHE Santo Antonio (SPE),-8.9108699999999992,-63.93365,VP Operações e Segurança,Operações,Operações,Tecnologia da Informação,Tecnologia da Informação,N/A,N/A,N/A,N/A,,N/A,45687,Golpeado por (atingido por objeto em movimento),"Laceração, Corte",Dedo da mão Direita,Baixo,16,Baixo,2 - Percepção de Risco,Falta de postura defensiva ao descer do veículo,Posicionou mãos indevidamente em local com risco de pensamento,,,,,,,45685,
1,Terceiro,Quase Acidente,,Sim,Eletronorte,CSC,Masculino,55,Até 6 meses,Terça-feira,30,9,2025,07:00 - 08:00,Via pública,Individual,Araraquara,SP,SE Araraquara,-21.832129999999999,-48.350029999999997,VP Suprimentos e Serviços,VSS,CSC,Infraestrutura de Operações,"Gestão de Frotas, Transporte e Mobilidade",N/A,N/A,0,0,Não,0,,,,,,11,Médio,8 - Veículos e Equipamentos Móveis,,,,,,,,,45930,
1,Próprio,Quase Acidente,Sim,Sim,CHESF,Transmissão,Masculino,34,6 meses a 1 ano,Quarta - feira,29,1,2025,09:00 - 10:00,Via pública,Individual,Bom Jesus da Lapa,BA,BA-430 - Trecho urbano,-13.251898000000001,-43.405909000000001,VP Operações e Segurança,Operações,OOT.C,OOTBI.C,OOTBC.C,,,,,,,,Carro - Colisão ,Sem Lesões,,,13,Médio,8 - Veículos e Equipamentos Móveis,,,,,,,,,45686,
1,Terceiro,Típico sem afastamento,Não,Sim,Eletrobras,Geração - Hidráulica,Masculino,23,6 meses a 1 ano,Quinta - feira,30,1,2025,15:00 - 16:00,SPE,Dupla,Porto Velho,RO,UHE Santo Antonio (SPE),-8.9108699999999992,-63.93365,VP Operações e Segurança,Operações,-,Manutenção de Auxiliares,Ativos de auxiliares,N/A,N/A,N/A,N/A,,N/A,45688,Golpeado por (atingido por objeto em movimento),Lesão,Face,Baixo,15,Baixo,2 - Percepção de Risco,Posição inadequada para a atividade,Não utilização do dever de recusa,Falta de percepão de risco,Colaborador usando somente uma mão,Falta de procedimento,Não utilização de escada ou plataforma,,,45687,
1,Próprio,Quase Acidente,,Não,CGT Eletrosul,Transmissão,Masculino,44,1 a 3 anos,Quinta - feira,30,1,2025,16:00 - 17:00,Empresa,Equipe,Entre Rios do Sul,SC,SE Xanxerê,-28.28096,-52.429780000000001,VP Operações e Segurança,Operações,OOG.S - Produção de Geração e Transmissão,OOGS.S - Produção de transmissão gerência sul,OOGSX.S - Divisão de produção de transmissão Xanxerê ,NA,NA,NA ,NA,Não,NA,NA,,,,,11,Médio,2 - Percepção de Risco,,,,,,,,,45687,
1,Terceiro,Trajeto com afastamento,Não,Sim,Eletrobras,Transmissão,Masculino,35,1 a 3 anos,Sexta-feira,31,1,2025,06:00 - 07:00,Via pública,Individual,Serra,ES,SE Vitória,-20.221388889633999,-40.267222222222003,VP Operações e Segurança,Operações,OOT.F - Produção da Transmissão,OOTM.F - Gerência Minas e Vitória,OOTMB.F - O&M Vitória,45688,45692,4,0,Não,,45691,Moto - Queda,"Escoriação, Abrasão",Tórax,Médio,11,Médio,8 - Veículos e Equipamentos Móveis,Falta de atenção e imprudência de terceiro ao dirigir veículo,,,,,,,,45688,
1,Próprio,Típico sem afastamento,,Sim,CHESF,Transmissão,Masculino,28,6 meses a 1 ano,Sexta-feira,31,1,2025,16:00 - 17:00,Empresa,Individual,Teresina,PI,Subestação de Teresina II,-5.1266872799999996,-42.799485060000002,VP Operações e Segurança,Operações,OOT.C,OOTF.C,OOTFA.C,,,,,,,,"Impacto sofrido por pessoa, de objeto que cai","Laceração, Corte",Face,Baixo,14,Baixo,2 - Percepção de Risco,,,,,,,,,45688,
1,Próprio,Quase Acidente,,Não,CGT Eletrosul,Transmissão ,Feminino,41,Acima  de 10 anos,Segunda - feira,3,2,2025,10:00 - 11:00,Via pública,Individual,Morro Grande ,SC,SE Sertão Maruim,-28.801919999999999,-49.719329999999999,VP Operações e Segurança,Operações,OOM.S - Engenharia da Manutenção,OOMS.S -  Manutenção de SE ,,NA,NA,NA,NA,Não,NA,NA,,,,,11,Médio,8 - Veículos e Equipamentos Móveis,,,,,,,,,45691,
1,Terceiro,Típico sem afastamento,Não,Sim,Eletrobras,CSC,Masculino,> 60,3 a 6 anos,Terça- feira,4,2,2025,13:00 - 14:00,Empresa,Dupla,São José da Barra,MG,UHE Furnas,-20.683232,-46.330916999999999,VP Suprimentos e Serviços,VSS,-,SSCIS - Gerência CSC Infraestrutura,SSCISCF - Coordenação Infra. Sudeste,N/A,N/A,N/A,N/A,Não,,45693,Queda mesmo nível,Lesão,Cabeça,Baixo,14,Baixo,2 - Percepção de Risco,Caixa de ferramentas posicionada de forma inadequada,,,,,,,,45692,
1,Terceiro,Típico com afastamento,Não,Sim,Eletrobras,Transmissão,Masculino,25,Até 6 meses,Terça- feira,4,2,2025,17:00 - 18:00,Empresa,Individual,Serra,ES,SE Vitória,-20.193888889634,-40.292499999999997,VP Operações e Segurança,Operações,OOT.F - Produção da Transmissão,OOTM.F - Gerência Minas e Vitória,OOTMB.F - O&M Vitória,45692,45694,2,0,Não,,45695,Queda com diferença de nível,"Distensão, Torção",Perna Direita,Médio,11,Médio,2 - Percepção de Risco,Falta de atenção ao caminhar. Não se atentou para os obstáculos no solo.,,,,,,,,45692,
1,Terceiro,Quase Acidente,,Sim,Eletronorte,Geração - Hidráulica,,28,Até 6 meses,Terça- feira,4,2,2025,15:00 - 16:00,Empresa,Equipe,Tucuruí,PA,UHE Tucuruí,-3.79,-49.66,VP Operações e Segurança,Operações,,Operações de Meio Ambiente - OOAM.N,Meio Ambiente da Operação Eletronorte,N/A,N/A,,,,,N/A,,,,,10,Médio,2 - Percepção de Risco,Motor da Embarcação Falhou,,,,,,,,45692,
1,Terceiro,Trajeto sem afastamento,Não,Sim,Eletrobras,CSC,Masculino,39,Até 6 meses,Quarta - feira,5,2,2025,05:00 - 06:00,Via pública,Individual,Taguatinga,DF,SE Brasília Sul,-15.831778,-48.052388999999998,VP Suprimentos e Serviços,VSS,-,SSCIS - Gerência CSC Infraestrutura,SSCISO - Gestão de Manutenção e Obras,N/A,N/A,N/A,N/A,,N/A,45700,Transporte Publico Regular - Queda,Lesão,Tórax,Médio,10,Médio,8 - Veículos e Equipamentos Móveis,EMPREGADO CAI E SE FERE COM IMPACTO CONTRAPISO/BANCO DO ONIBUS,,,,,,,,45693,
1,Terceiro,Quase Acidente,,Sim,CHESF,CSC,Masculino,57,1 a 3 anos,Quinta - feira,6,2,2025,16:00 - 17:00,Empresa,Individual,Petrolândia,PE,UHE de Luiz Gonzaga,-9.1425280000000004,-38.309981999999998,VP Suprimentos e Serviços,VSS,CSC,INFRA ESTRUTURA OPERAÇÕES,OPERAÇÃO DE FACILITES E MANUTENÇÃO,,,,,,,,Outros,Sem Lesões,,,15,Baixo,2 - Percepção de Risco,,,,,,,,,45694,
1,Terceiro,Quase Acidente,,Sim,Eletronorte,CSC,Masculino,20,1 a 3 anos,Sexta-feira,7,2,2025,12:00- 13:00,Via pública,Dupla,Tucuruí,PA,Almoxarifado SE Tucuruí,-3.79,-49.66,VP Suprimentos e Serviços,VSS,CSC,Infraestrutura de Operações,Operação de Facilites e Manutenção,N/A,N/A,,,,,N/A,Moto - Queda,"Escoriação, Abrasão",,Baixo,15,Baixo,8 - Veículos e Equipamentos Móveis,Pneu estourado,,,,,,,,45695,
1,Terceiro,Quase Acidente,,Sim,Eletronorte,CSC,Masculino,44,3 a 6 anos,Quarta - feira,11,6,2025,07:00 - 08:00,Via pública,Individual,Porto Velho,RO,UHE Samuel,,,VP Suprimentos e Serviços,VSS,CSC,Infraestrutura de Operações,"Gestão de Frotas, Transporte e Mobilidade",N/A,N/A,0,0,Não,0,N/A,,,,Médio,13,Médio,8 - Veículos e Equipamentos Móveis,,,,,,,,,45819,
1,Próprio,Quase Acidente,,Sim,CHESF,Transmissão,Masculino,48,Acima de 10 anos,Sábado,8,2,2025,09:00 - 10:00,Empresa,Individual,Quixadá,CE,SE - Quixadá,-4.9761939999999996,-39.015225000000001,VP Operações e Segurança,Operações,OOT.C,OOTF.C,OOTFB.C,,,,,,,,Outros,Sem Lesões,Dedo da mão Direita,,16,Baixo,2 - Percepção de Risco,,,,,,,,,45696,
1,Terceiro,Típico com afastamento,,Sim,Eletronorte,CSC,Masculino,49,6 a 10 anos,Segunda - feira,10,2,2025,10:00 - 11:00,Empresa,Individual,Candeias do Jamari,RO,UHE Samuel,-8.7618299999999998,-63.090200000000003,VP Suprimentos e Serviços,VSS,CSC,Infraestrutura de Operações,Operação de Facilites e Manutenção,45699,45700,1,0,Não,0,45701,Animal,Intoxicação,Face,Baixo,14,Baixo,Outros,Picada de Maribondo no rosto,,,,,,,,45698,
1,Próprio,Trajeto sem afastamento,,Sim,Eletronorte,Transmissão,Masculino,45,Acima de 10 anos,Segunda - feira,10,2,2025,09:00 - 10:00,Via pública,Individual,São Luís,MA,SE São Luís I,-2.56,-44.25,VP Operações e Segurança,Operações,Superintendência de Produção da Transmissão,,,45700,45700,1,0,Não,0,45700,Queda com diferença de nível,"Escoriação, Abrasão",Braço Esquerdo,Baixo,11,Médio,8 - Veículos e Equipamentos Móveis,,,,,,,,,45698,
1,Terceiro,Quase acidente,Sim,Não,Eletrobras,Transmissão,Masculino,> 60,3 a 6 anos,Quarta - feira,12,2,2025,15:00 - 16:00,Empresa,Individual,Araporã,MG,UHE Itumbiara,-18.406931,-49.098267,VP Operações e Segurança,Operações,OOT.F - Produção da Transmissão,OOTG.F - Gerência Goiás,OOTGC.F - O&M de Goiás,N/A,N/A,N/A,N/A,,N/A,N/A,,,,,16,Baixo,8 - Veículos e Equipamentos Móveis,Ausência de travamento da carga (trator),APR com deficiência na elaboração,Ausência de Treinamento/Atualização para Condutores de Veículos de Transporte de cargas Indivisíveis,,,,,,45700,
1,Terceiro,Trajeto com afastamento,,Sim,Eletronorte,CSC,Feminino,28,1 a 3 anos,Quarta - feira,12,2,2025,17:00 - 18:00,Via pública,Individual,Imperatriz,MA,SE Imperatriz,-5.4222000000000001,-47.47316,VP Suprimentos e Serviços,VSS,CSC,Infraestrutura de Operações,Operação de Facilites e Manutenção,45700,45704,4,0,Não,0,45709,Moto - Queda,"Escoriação, Abrasão",Perna Direita,Médio,10,Médio,8 - Veículos e Equipamentos Móveis,,,,,,,,,45700,
1,Terceiro,Típico com afastamento,,Sim,Eletronorte,CSC,Masculino,43,1 a 3 anos,Quarta - feira,12,2,2025,11:00 - 12:00,Empresa,Equipe,Porto Velho,RO,SE Coletora,-9.7200000000000006,-65.17,VP Suprimentos e Serviços,VSS,CSC,Infraestrutura de Operações,Operação de Facilites e Manutenção,45700,45702,2,0,Não,0,45701,Golpeado por (atingido por objeto em movimento),"Distensão, Torção",Perna Esquerda,Médio,10,Médio,2 - Percepção de Risco,,,,,,,,,45700,
1,Terceiro,Típico com afastamento,,Sim,CHESF,CSC,Masculino,38,Até 6 meses,Terça- feira,12,2,2025,16:00 - 17:00,Empresa,Individual,Recife,PE,Sede Recife,-8.0635971547917507,-34.929949705626598,VP Suprimentos e Serviços,VSS,CSC,INFRA ESTRUTURA OPERAÇÕES,"GESTÃO DE FROTAS, TRANSPORTE E MOBILIDADE",45701,45716,15,,,,,Golpeado por (atingido por objeto em movimento),Esmagamento,Dedo da mão Direita,Médio,11,Médio,2 - Percepção de Risco,,,,,,,,,45700,
1,Terceiro,Trajeto com afastamento,Não,Sim,Eletrobras,CSC,Masculino,22,Até 6 meses,Quarta - feira,12,2,2025,12:00- 13:00,Via pública,Individual,Rio de Janeiro,RJ,EBM,-22.910055167814399,-43.1736164690019,VP Suprimentos e Serviços,VSS,-,SSCIS - Gerência CSC Infraestrutura,SSCISCF - Coordenação Infra. Sudeste,45700,45704,4,0,Não,,45700,Moto - Atropelamento,"Escoriação, Abrasão",Braço Esquerdo,Baixo,14,Baixo,8 - Veículos e Equipamentos Móveis,Travessia sem atenção ao tráfego,Falta de percepção do risco,Reação desorientada após o acidente,Falta de registro formal do incidente,,,,,45700,
1,Terceiro,Quase Acidente,,Sim,CHESF,Transmissão,Feminino,33,Até 6 meses,Terça- feira,12,2,2025,15:00 - 16:00,Via pública,Individual,Simões Filho,BA,Salvador,-12.792942358935001,-38.421792492603302,"VP Gente, Gestão e Cultura",Outros,GCSST.C,GCSST.C,GCSST.C,,,,,,,,Carro - Colisão ,Sem Lesões,,,13,Médio,8 - Veículos e Equipamentos Móveis,,,,,,,,,45700,
1,Próprio,Trajeto com afastamento,,Sim,Eletronorte,Geração - Hidráulica,Masculino,41,1 a 3 anos,Quarta - feira,12,2,2025,21:00 - 22:00 ,Via pública,Individual,Tucuruí,PA,UHE Tucuruí,-3.79,-49.66,VP Operações e Segurança,Operações,Superintendência de Produção da Geração Hidraulica,Man Mecânica Tucur G Eletronorte - OOGTM.N,,45700,45701,1,0,Não,0,45706,Moto - Queda,"Escoriação, Abrasão",Braço Esquerdo,Médio,10,Médio,2 - Percepção de Risco,Buraco em via pública,Baixa luminosidade na via,,,,,,,45700,
1,Terceiro,Trajeto com afastamento,,Sim,Eletronorte,CSC,Masculino,24,6 meses a 1 ano,Quinta - feira,13,2,2025,18:00 - 19:00 ,Via pública,Individual,Santarém,PA,UHE Curuá-Una,-2.81,-54.29,VP Suprimentos e Serviços,VSS,CSC,Infraestrutura de Operações,Gestão de Segurança,45701,45703,2,0,Não,0,45707,Calçada ou caminho para pedrestre - superfície utilizada para sustentar pessoas,Luxação,Braço Esquerdo,Médio,10,Médio,8 - Veículos e Equipamentos Móveis,,,,,,,,,45701,
1,Próprio,Quase Acidente,,Não ,CGT Eletrosul,Transmissão,Masculino,51,Acima de 10 anos,Quinta - feira,13,2,2025,11:00 - 12:00,Empresa,Individual,São Jorge d'Oeste ,PR,SE Salto Osório,-25.70025,-52.911110000000001,VP Operações e Segurança,Operações,OOG.S - Produção de Geração e Transmissão ,OOGS.S - Produção de Geração e Transmissão Gerência Norte,OOGNA.S - Divisão de Produção de Geração e Transmissão de Areia Laranjeiras,NA,NA,NA ,NA,Não,NA,NA,,,,,5,Alto,4 - Eletricidade,,,,,,,,,45701,
1,Terceiro,Quase Acidente,,Sim,CHESF,Transmissão,Masculino,39,Até 6 meses,Sexta-feira,14,2,2025,09:00 - 10:00,Empresa,Individual, Jaguarari,BA,82/2 da LT 04L1 JGR/SNB,-10.257909070071699,-40.195187662714297,VP Operações e Segurança,Operações,OOT.C,OOTB.C,OOTBA.C,,,,,,,,,Sem Lesões,,,14,Baixo,3 - Trabalho em Altura,,,,,,,,,45702,
1,Terceiro,Típico com afastamento,Não,Sim,Eletrobras,Transmissão,Masculino,19,6 meses a 1 ano,Sexta-feira,14,2,2025,07:00 - 08:00,Área rural,Individual,Itaguaí,RJ,LT 500kV Angra - Zona Oeste,-22.815766667487999,-43.725686111111003,VP Operações e Segurança,Operações,OOT.F - Produção da Transmissão,OOTR.F - Gerência Rio de Janeiro,OOTRA.F - Man. Adrianóp. e S. Jose,45702,45716,14,0,Não,,45702,Golpeado por (atingido por objeto em movimento),"Laceração, Corte",Braço Esquerdo,Médio,4,Alto,2 - Percepção de Risco,Treinamentos com carga horária e conteúdo ineficientes,Não cumprimento de procedimentos de operação de motosserra padronizados,Baixa percepção de risco pela CONTRATADA,Melhoria da especificação dos contratos de supressão de vegetação,,,,,45702,
1,Terceiro,Típico com afastamento,Não,Sim,Eletrobras,CSC,Masculino,34,6 meses a 1 ano,Segunda - feira,17,2,2025,07:00 - 08:00,Empresa,Individual,Itutinga,MG,SE Itutinga,-21.296232,-44.629116000000003,VP Suprimentos e Serviços,VSS,-,SSCIS - Gerência CSC Infraestrutura,SSCISO - Gestão de Manutenção e Obras,45705,45707,2,0,Não,,45705,Ferramenta Manual,"Laceração, Corte",Dedo da mão Esquerda,Médio,11,Médio,2 - Percepção de Risco,Desgaste da chave de aperto,Falha na inspeção de ferramenta antes do início das atividades,Falta de uso de EPI – luvas de proteção,,,,,,45705,
1,Terceiro,Típico sem afastamento,,Sim,Eletronorte,CSC,Masculino,33,6 meses a 1 ano,Terça- feira,18,2,2025,09:00 - 10:00,Empresa,Individual,Presidente Dutra,MA,SE Presidente Dutra,-5.26,-44.48,VP Suprimentos e Serviços,VSS,CSC,Infraestrutura de Operações,Operação de Facilites e Manutenção,N/A,N/A,0,0,Não,0,45708,Atingido por (pontos agudos ou cortantes),"Escoriação, Abrasão",Perna Direita,Baixo,11,Médio,2 - Percepção de Risco,,,,,,,,,45706,
1,Terceiro,Quase Acidente,,Não ,CGT Eletrosul,Geração,Masculino,24,3 a 6 anos,Terça- feira,18,2,2025,07:00 - 08:00,Via pública,Individual,Santana do Livramento,RS,Parque Eólico Cerro Chato,-30.886890000000001,-55.532510000000002,VP Operações e Segurança,Operações,OOM.S - Engeharia da Manutenção,OOMG.S - Manutenção da Geração ,NA,NA,NA,NA ,NA,Não,NA,NA,,,,,10,Médio,8 - Veículos e Equipamentos Móveis,,,,,,,,,45706,
1,Terceiro,Trajeto com afastamento,Não,Sim,Eletrobras,CSC,Feminino,38,1 a 3 anos,Quarta - feira,19,2,2025,17:00 - 18:00,Via pública,Individual,Cuiabá,MT,UHE Manso,-15.537110999999999,-56.077111000000002,VP Suprimentos e Serviços,VSS,-,SSCIS - Gerência CSC Infraestrutura,SSCISO - Gestão de Manutenção e Obras,45708,45709,2,0,Não,,45727,Transporte Publico Regular - Queda,Luxação,Partes Múltiplas,Baixo,14,Baixo,8 - Veículos e Equipamentos Móveis,Ponto alternativo - necessidade de adequação de embarque e desembarque,,,,,,,,45707,
196,Terceiro,Quase Acidente,,Sim,CHESF,Transmissão,Masculino,58,1 a 3 anos,Quinta - feira,20,2,2025,12:00 - 13:00,Empresa,Individual, Jaguarari,BA,  LT 04L1 Jaguarari / Senhor do Bonfim- 230 kV,-10.257909070071699,-40.195187662714297,VP Operações e Segurança,Operações,OOT.C,OOTB.C,OOTBA.C,,,,,,,,,Sem Lesões,,,10,Médio,11 - Não se Aplica,,,,,,,,,45708,
1,Terceiro,Trajeto com afastamento,,Sim,Eletronorte,CSC,Masculino,26,6 meses a 1 ano,Quinta - feira,20,2,2025,06:00 - 07:00,Via pública,Individual,Balsas,MA,SE Balsas,-7.55,-46.01,VP Suprimentos e Serviços,VSS,CSC,Infraestrutura de Operações,Operação de Facilites e Manutenção,45708,45708,1,0,Não,0,45709,Animal,"Escoriação, Abrasão",Partes Múltiplas,Médio,10,Médio,8 - Veículos e Equipamentos Móveis,,,,,,,,,45708,
1,Terceiro,Típico com afastamento,Não,Sim,Eletrobras,Transmissão,Masculino,39,6 meses a 1 ano,Quinta - feira,20,2,2025,07:00 - 08:00,Via pública,Equipe,Macaé,RJ,Rod. Amaral Peixoto,-22.298333334140001,-41.719222222222001,VP Operações e Segurança,Operações,OOT.F - Produção da Transmissão,OOTM.F - Gerência Minas e Vitória,OOTMF.F - Man. Campos e Macaé,45708,45722,15,0,Não,,45709,Carro - Capotamento,Esmagamento,Braço Esquerdo,Médio,4,Alto,8 - Veículos e Equipamentos Móveis,Falha em pneu traseiro culminando em capotamento e perda total do veículo,,,,,,,,45708,
1,Terceiro,Típico sem afastamento,Não,Sim,Eletrobras,Transmissão,Masculino,36,Até 6 meses,Quinta - feira,20,2,2025,07:00 - 08:00,Via pública,Equipe,Macaé,RJ,Rod. Amaral Peixoto,-22.298333334140001,-41.719222222222001,VP Operações e Segurança,Operações,OOT.F - Produção da Transmissão,OOTM.F - Gerência Minas e Vitória,OOTMF.F - Man. Campos e Macaé,N/A,N/A,N/A,N/A,,N/A,45709,Carro - Capotamento,Sem Lesões,Tórax,Médio,4,Alto,8 - Veículos e Equipamentos Móveis,Falha em pneu traseiro culminando em capotamento e perda total do veículo,,,,,,,,45708,
1,Terceiro,Típico sem afastamento,Não,Sim,Eletrobras,Transmissão,Masculino,> 60,6 meses a 1 ano,Quinta - feira,20,2,2025,07:00 - 08:00,Via pública,Equipe,Macaé,RJ,Rod. Amaral Peixoto,-22.298333334140001,-41.719222222222001,VP Operações e Segurança,Operações,OOT.F - Produção da Transmissão,OOTM.F - Gerência Minas e Vitória,OOTMF.F - Man. Campos e Macaé,N/A,N/A,N/A,N/A,,N/A,45709,Carro - Capotamento,Sem Lesões,Tórax,Médio,4,Alto,8 - Veículos e Equipamentos Móveis,Falha em pneu traseiro culminando em capotamento e perda total do veículo,,,,,,,,45708,
1,Terceiro,Típico sem afastamento,Não,Sim,Eletrobras,Transmissão,Masculino,37,Até 6 meses,Quinta - feira,20,2,2025,07:00 - 08:00,Via pública,Equipe,Macaé,RJ,Rod. Amaral Peixoto,-22.298333334140001,-41.719222222222001,VP Operações e Segurança,Operações,OOT.F - Produção da Transmissão,OOTM.F - Gerência Minas e Vitória,OOTMF.F - Man. Campos e Macaé,N/A,N/A,N/A,N/A,,N/A,45709,Carro - Capotamento,Sem Lesões,Tórax,Médio,4,Alto,8 - Veículos e Equipamentos Móveis,Falha em pneu traseiro culminando em capotamento e perda total do veículo,,,,,,,,45708,
1,Terceiro,Quase Acidente,,Sim,CHESF,Transmissão,Masculino,45,1 a 3 anos,Quinta - feira,20,2,2025,12:00- 13:00,Empresa,Individual,Santa Cruz,RN,03L1 CGD-STD - Estrutura 480,-6.2261776045629498,-36.022234467914203,VP Operações e Segurança,Operações,OOT.C,OOTR.C,OOTRN.C,,,,,,,,Golpeado por (atingido por objeto em movimento),Sem Lesões,Face,,11,Médio,2 - Percepção de Risco,,,,,,,,,45708,
1,Próprio,Quase Acidente,,Sim,Eletronorte,Transmissão,Masculino,53,Acima de 10 anos,Domingo,23,2,2025,16:00 - 17:00,Empresa,Dupla,Miranda do Norte,MA,SE Miranda,-3.56,-44.53,VP Operações e Segurança,Operações,Superintendência de Produção da Transmissão,Departamento Regional de Produção da transmissão Norte,,,,,,,,,,,,,14,Baixo,8 - Veículos e Equipamentos Móveis,,,,,,,,,45711,
1,Próprio,Quase Acidente,,Sim,Eletronorte,Transmissão,Masculino,36,1 a 3 anos,Domingo,23,2,2025,08:00 - 09:00,Empresa,Equipe,São Luís,MA,SE São Luís II,"-2,71	",-44.31,VP Operações e Segurança,Operações,Superintendência de Produção da Transmissão,Departamento de Produção e Trasmissão do Maranhão e Tocantins,,N/A,N/A,,,,,N/A,,,,,10,Médio,2 - Percepção de Risco,,,,,,,,,45711,
1,Terceiro,Quase acidente,Não,Não,Eletrobras,Transmissão,Masculino,,Até 6 meses,Segunda - feira,24,2,2025,15:00 - 16:00,Área rural,Equipe,Sumidouro,RJ,LT 138kV Simplício - Rocha Leão C.2,-22.020218,-42.683570000000003,VP Operações e Segurança,Operações,OOT.F - Produção da Transmissão,OOTR.F - Gerência Rio de Janeiro,OOTRA.F - Man. Adrianóp. e S. Jose,N/A,N/A,N/A,N/A,,N/A,N/A,,,,,7,Alto,4 - Eletricidade,Ausência de sinalização na estruturada torre identificando os circuitos,Erro de digitação e falta de conferência do elaborador do termo de referência,"Detector de tensão falhou, ou seja, não detectou presença de tensão na fase testada",Treinamento (capacitação e/ ou qualificação) ineficaz,Falha na supervisão - monitoramento insuficiente por parte da contratada,Negligenciou procedimento e orientação do fiscal da Eletrobras,,,45712,
1,Terceiro,Quase Acidente,,Sim,Eletronorte,Geração - Hidráulica,Masculino,27,Até 6 meses,Segunda - feira,24,2,2025,07:00 - 08:00,Via pública,Individual,Tucuruí,PA,UHE Tucuruí,-3.79,-49.66,VP Operações e Segurança,Operações,Superintendência de Produção da Geração Hidraulica,OOGTM.N,Man Mecânica Tucur G Eletronorte,N/A,N/A,0,0,,,N/A,Moto - Queda,Sem Lesões,,,10,Médio,8 - Veículos e Equipamentos Móveis,,,,,,,,,45712,
1,Próprio,Quase acidente,Não,Não,Eletrobras,CSC,Masculino,> 60,Acima de 10 anos,Terça- feira,25,2,2025,10:00 - 11:00,Via pública,Individual,Diamante D'Oeste,PR,serviço externo,-24.943439350617499,-54.104698090398401,VP Suprimentos e Serviços,VSS,SSGP - Gestão de Patrimônio e Fundiário,SSGPT - Fundiário de Transmissão,SSGPTA - Fundiário Operacional de Transmissão - Setor A,N/A,N/A,N/A,N/A,,N/A,N/A,,,,,14,Baixo,2 - Percepção de Risco,Falta de sinalização,Volume de atividades,Falta de atenção,,,,,,45713,
1,Terceiro,Típico com afastamento,,Sim,CHESF,Transmissão,Masculino,54,Até 6 meses,Terça- feira,25,2,2025,15:00 - 16:00,Empresa,Individual,Fortaleza,CE,SE Fortaleza,-3.8331499608013302,-38.543632519179603,VP Operações e Segurança,Operações,OOT.C,OOTF.C,OOTFB.C,45714,45728,15,,,,,"Impacto sofrido por pessoa, de objeto que cai",Fratura,Dedo da mão Direita,Médio,11,Médio,2 - Percepção de Risco,,,,,,,,,45713,
1,Próprio,Trajeto com afastamento,,Sim,Eletronorte,Geração - Hidráulica,Masculino,34,6 meses a 1 ano,Quarta - feira,26,2,2025,07:00 - 08:00,Via pública,Individual,Tucuruí,PA,UHE Tucuruí,-3.79,-49.66,VP Operações e Segurança,Operações,Superintendência de Produção da Geração Hidraulica,OOGTE.N,Man Eletroeletrônica Tucur G Eletronorte,45714,45715,4,0,Não,0,45716,Moto - Queda,"Escoriação, Abrasão",Partes Múltiplas,Médio,10,Médio,8 - Veículos e Equipamentos Móveis,Pista Molhada,Britas (Pedras),,,,,,,45714,
1,Terceiro,Típico com afastamento,,Sim,CHESF,Adm,Masculino,37,Até 6 meses,Quinta - feira,27,2,2025,10:00 - 11:00,Empresa,Equipe,Ribeira do Amparo,BA,LT 05L9 JER-OLD 84/1,-11.039662524493799,-38.430600301874399,"VP Gente, Gestão e Cultura",Outros,GCSST.C,GCSST.C,GCSST.C,45716,45721,6,,,,,"Impacto sofrido por pessoa, de objeto que cai",Queimadura Arco-elétrico,Pé Direito,Médio,7,Alto,4 - Eletricidade,,,,,,,,,45715,
1,Terceiro,Quase Acidente,,Sim,CHESF,Transmissão,Masculino,34,1 a 3 anos,Quinta - feira,27,2,2025,10:00 - 11:00,Empresa,Equipe,Ribeira do Amparo,BA,LT 05L9 JER-OLD 84/1,-11.039662524493799,-38.430600301874399,VP Operações e Segurança,Operações,OOT.C,OOTBB.C,OOTBB.C,,,,,,,,"Impacto sofrido por pessoa, de objeto que cai",Sem Lesões,,,7,Alto,4 - Eletricidade,,,,,,,,,45715,
1,Próprio,Desvio Crítico,,Não ,CGT Eletrosul,Transmissão ,NA,,N/A,Quinta - feira,6,3,2025,16:00 - 17:00,Empresa,Individual,Florianopólis,SC,Sede CGT Eletrosul,-27.606649999999998,-48.520859999999999,VP Operações e Segurança,Operações,OOO.S - Gestão da Operação ,OOON.S - Normatização e Tempo Real ,OOONR.S - Centro de Operação Regional ,NA,NA,NA ,NA,Não,NA,NA,,,,,6,Alto,4 - Eletricidade,,,,,,,,,45722,
1,Próprio,Quase Acidente,,Sim,Eletronorte,Geração - Hidráulica,Masculino,45,3 a 6 anos,Segunda - feira,3,3,2025,10:00 - 11:00,Área rural,Individual,Paranaíta,MT,UHE Teles Pires,-9.34,-56.77,VP Operações e Segurança,Operações,Superintendência de Produção da Geração Hidraulica,Departamento Regional de Produção da transmissão Norte,,,,,,,,,,,,,11,Médio,8 - Veículos e Equipamentos Móveis,,,,,,,,,45719,
1,Terceiro,Típico com afastamento,,Sim,CHESF,CSC,Masculino,50,3 a 6 anos,Quarta - feira,5,3,2025,12:00- 13:00,Via pública,Individual,Teresina,PI,Via Pública,-5.1266872799999996,-42.799485060000002,VP Suprimentos e Serviços,VSS,CSC,INFRA ESTRUTURA OPERAÇÕES,OPERAÇÃO DE FACILITES E MANUTENÇÃO,45724,45784,60,,,,,Moto - Colisão,Fratura,Perna Direita,Médio,10,Médio,8 - Veículos e Equipamentos Móveis,,,,,,,,,45721,
1,Próprio,Desvio Crítico,,Não ,CGT Eletrosul,Transmissão ,Masculino,44,6 meses a 1 ano,Sábado,22,3,2025,15:00 - 16:00,Empresa,Individual,Entre Rios do Sul ,RS,SE Xanxerê,-26.86956,-52.409140000000001,VP Operações e Segurança,Operações,OOG.S - Produção de Geração e Transmissão,OOGS.S - Produção de Transmissão Gerência Sul ,OOGSX.S - Divisão de Produção de Transmissão Xanxerê,NA,NA,NA ,NA,Não,NA,N/A,,,,,4,Alto,2 - Percepção de Risco,,,,,,,,,45738,
1,Terceiro,Quase acidente,Sim,Não,Eletrobras,Geração - Hidráulica,Masculino,28,6 meses a 1 ano,Sábado,8,3,2025,11:00 - 12:00,Empresa,Individual,Ibiraci,MG,UHE Mascarenhas de Moraes,-20.286549999999998,-47.064875000000001,VP Operações e Segurança,Operações,OOG.F - Produção da Geração,OOGM.F - Gerência de Minas Gerais,OOGMA.F - Operação LCB M. Moraes,N/A,N/A,N/A,N/A,,N/A,N/A,,,,,16,Baixo,8 - Veículos e Equipamentos Móveis,Falta de atenção na condução do veículo,,,,,,,,45724,
1,Terceiro,Típico com afastamento,Não,Sim,Eletrobras,Geração - Hidráulica,Masculino,39,6 meses a 1 ano,Segunda - feira,10,3,2025,14:00 - 15:00,SPE,Equipe,Curvelo,MG,SE Curvelo 2,-18.7422627933787,-44.397846822518098,VP Operações e Segurança,Operações,OOG.F - Produção da Geração,OOGM.F - Gerência de Minas Gerais,OOGMR.F - O&M de Retiro Baixo,45726,45740,14,0,Não,,45729,Queda mesmo nível,"Distensão, Torção",Pé Direito,Médio,11,Médio,2 - Percepção de Risco,Falta da Percepção de Risco,Situação de Perigo/Risco em Ambientes Externos a UHE Retiro Baixo,Falta da Percepção de Risco,,,,,,45726,
1,Terceiro,Quase Acidente,,Sim,Eletronorte,CSC,Masculino,43,6 meses a 1 ano,Terça- feira,11,3,2025,16:00 - 17:00,Empresa,Individual,Tucuruí,PA,Almoxarifado SE Tucuruí,-3.79,-49.66,VP Suprimentos e Serviços,VSS,CSC,Infraestrutura de Operações,Operação de Facilites e Manutenção,N/A,N/A,0,0,,,N/A,,,,,14,Baixo,2 - Percepção de Risco,Prego,,,,,,,,45727,
1,Terceiro,Típico com afastamento,,Sim,Eletronorte,CSC,Masculino,52,6 a 10 anos,Terça- feira,11,3,2025,16:00 - 17:00,Empresa,Equipe,Tucuruí,PA,UHE Tucuruí,-3.79,-49.66,VP Suprimentos e Serviços,VSS,CSC,Infraestrutura de Operações,Operação de Facilites e Manutenção,45727,45733,6,0,Não,15,45729,Calçada ou caminho para pedrestre - superfície utilizada para sustentar pessoas,Luxação,Perna Esquerda,Médio,11,Médio,2 - Percepção de Risco,,,,,,,,,45727,
1,Terceiro,Quase acidente,Sim,Não,Eletrobras,Geração - Hidráulica,Masculino,41,1 a 3 anos,Quinta - feira,13,3,2025,15:00 - 16:00,Empresa,Individual,Ibiraci,MG,UHE Mascarenhas de Moraes,-20.28631,-47.064571000000001,VP Operações e Segurança,Operações,OOG.F - Produção da Geração,OOGM.F - Gerência de Minas Gerais,OOGMA.F - Operação LCB M. Moraes,N/A,N/A,N/A,N/A,,N/A,N/A,,,,,16,Baixo,8 - Veículos e Equipamentos Móveis,Falta de atenção na condução do veículo,,,,,,,,45729,
1,Terceiro,Típico sem afastamento,,Sim,Eletronorte,CSC,Masculino,37,1 a 3 anos,Quinta - feira,13,3,2025,10:00 - 11:00,Área rural,Equipe,Presidente Figueiredo,AM,Vila de Balbina,-1.91,-59.48,VP Suprimentos e Serviços,VSS,CSC,Infraestrutura de Operações,Operação de Facilites e Manutenção,N/A,N/A,0,0,Não,0,45734,Ferramenta Manual,Lesão,Cabeça,Baixo,15,Baixo,2 - Percepção de Risco,Ferro de Cova,,,,,,,,45729,
1,Terceiro,Típico sem afastamento,,Sim,CHESF,Transmissão,Masculino,45,1 a 3 anos,Quinta - feira,13,3,2025,15:00 - 16:00,Empresa,Individual,Teresina,PI,Almoxarifado Teresina,-5.1266872799999996,-42.799485060000002,VP Operações e Segurança,Operações,OOT.C,OOTF.C,OOTFA.C,,,,,,,,Atingido entre ou abaixo (esmagado ou amputado),"Laceração, Corte",Dedo da mão Direita,Baixo,10,Médio,2 - Percepção de Risco,,,,,,,,,45729,
1,Terceiro,Típico sem afastamento,,Não ,CGT Eletrosul,Adm,Masculino,24,Até 6 meses,Quinta - feira,13,3,2025,11:00 - 12:00,Empresa,Individual,Gravataí ,RS,SE Gravataí,-29.939920000000001,-50.988979999999998,"VP Gente, Gestão e Cultura",Outros,GCSS -  Saúde e Segurança ,GCSS.S -  SST CGT Eletrosul,NA,NA,NA,NA ,NA,Não,NA,NA,,,,Médio,10,Médio,2 - Percepção de Risco,,,,,,,,,45729,
1,Terceiro,Quase acidente,Sim,Não,Eletrobras,Geração - Hidráulica,,,,Sexta-feira,14,3,2025,16:00 - 17:00,Empresa,Individual,Ibiraci,MG,UHE Mascarenhas de Moraes,-20.28631,-47.064571000000001,VP Operações e Segurança,Operações,OOG.F - Produção da Geração,OOGM.F - Gerência de Minas Gerais,OOGMA.F - Operação LCB M. Moraes,N/A,N/A,N/A,N/A,,N/A,N/A,,,,,11,Médio,8 - Veículos e Equipamentos Móveis,Falha mecânica,,,,,,,,45730,
1,Terceiro,Quase acidente,Sim,Não,Eletrobras,Geração - Hidráulica,Masculino,41,Até 6 meses,Domingo,16,3,2025,08:00 - 09:00,Empresa,Individual,Planura,MG,UHE Porto Colômbia,-20.127773000000001,-48.571841999999997,VP Operações e Segurança,Operações,OOG.F - Produção da Geração,OOGM.F - Gerência de Minas Gerais,OOGMP.F - O&M Marimb. P. Colomb.,N/A,N/A,N/A,N/A,,N/A,N/A,,,,,16,Baixo,8 - Veículos e Equipamentos Móveis,Falta de percepção ao não notar a tampa da caixa de cimento,Falta de percepção ao esterçar o volante causando o dano no para-choque do veículo,,,,,,,45732,
1,Terceiro,Quase Acidente,,Sim,CHESF,Transmissão,Masculino,48,1 a 3 anos,Segunda - feira,17,3,2025,13:00 - 14:00,Empresa,Equipe,Candeias,BA,SE JCR,-12.66385,-38.543576000000002,VP Operações e Segurança,Operações,OOT.C,OOTM.C,OOTMC.C,,,,,,,,Outros,Sem Lesões,,,14,Baixo,3 - Trabalho em Altura,,,,,,,,,45733,
1,Terceiro,Típico sem afastamento,,Não ,CGT Eletrosul,CSC,Feminino,40,1 a 3 anos,Terça- feira,18,3,2025,14:00 - 15:00,Empresa,Individual,Florianopólis,SC,Sede CGT Eletrosul,-27.606649999999998,-48.520859999999999,VP Suprimentos e Serviços,VSS,NA ,Infra Estrutura Corporativa,Gestão de Facilites,NA,NA,NA ,NA,Não,NA,NA,,,,Médio,11,Médio,2 - Percepção de Risco,,,,,,,,,45734,
1,Terceiro,Típico com afastamento,,Sim,CHESF,CSC,Feminino,50,3 a 6 anos,Quarta - feira,30,4,2025,15:00 - 16:00,Empresa,Individual,Paulo Afonso,BA,Almoxarifado Paulo Afonso,-9.4015005214103002,-38.221973055614903,VP Suprimentos e Serviços,VSS,CSC,INFRA ESTRUTURA OPERAÇÕES,OPERAÇÃO DE FACILITES E MANUTENÇÃO,45778,45781,3,,,,,Queda com diferença de nível,Lesão,Joelho,Médio,11,Médio,2 - Percepção de Risco,,,,,,,,,45777,
1,Terceiro,Quase Acidente,,Sim,CHESF,Transmissão,,,,Sábado,26,4,2025,10:00 - 11:00,Empresa,Equipe,Antas,BA,LT 04S2 PAF/CCD (PAULO AFONSO/CÍCERO DANTAS– 230kV);,-10.372306,-38.326151000000003,VP Operações e Segurança,Operações,OOT,OOTBB.C,OOTBB.C,,,,,,,,Escada - Manuseio,Sem Lesões,,,14,Baixo,2 - Percepção de Risco,,,,,,,,,45773,
1,Próprio,Quase Acidente,,Sim,CHESF,Geração - Hidráulica,,,,Quarta - feira,23,4,2025,15:00 - 16:00,Empresa,Equipe,Paulo Afonso,BA,UHE Paulo Afonso II / Unidade Geradora 01G5,-9.4015005214103002,-38.221973055614903,VP Operações e Segurança,Operações,OOC,OOG.C,OOGAS.C,,,,,,,,Outros,Sem Lesões,,,11,Médio,2 - Percepção de Risco,,,,,,,,,45770,
1,Próprio,Quase Acidente,,Não ,CGT Eletrosul,Transmissão ,Masculino,29,6 meses a 1 ano,Quarta - feira,19,3,2025,11:00 - 12:00,Empresa,Individual,Blumenau  ,SC,SE Joinville,-26.91235,-49.077669999999998,VP Operações e Segurança,Operações,OOG.S - Produção de Geração e Transmissão,OOGN.S - Produção de Transmissão Gerência Norte,OOGNJ.S - Divisão de Produção de Transmissão Joinvile,NA,NA,NA ,NA,Não,NA,N/A,,,,,10,Médio,2 - Percepção de Risco,,,,,,,,,45735,
1,Terceiro,Quase Acidente,Não,Não,Eletrobras,Geração - Hidráulica,Masculino,33,1 a 3 anos,Quarta - feira,19,3,2025,14:00 - 15:00,Empresa,Individual,Fronteira,MG,UHE Marimbondo,-20.303169,-49.198532,VP Operações e Segurança,Operações,OOG.F - Produção da Geração,OOGM.F - Gerência de Minas Gerais,OOGMP.F - O&M Marimb. P. Colomb.,N/A,N/A,N/A,N/A,,N/A,N/A,,,,,14,Baixo,2 - Percepção de Risco,Falta de percepção de risco do colaborador na execução da atividade,,,,,,,,45735,
1,Terceiro,Típico sem afastamento,Não,Sim,Eletrobras,CSC,Feminino,31,6 meses a 1 ano,Quinta - feira,20,3,2025,13:00 - 14:00,Empresa,Individual,Planura,MG,UHE Porto Colômbia,-20.127773000000001,-48.571841999999997,VP Suprimentos e Serviços,VSS,-,SSCIS - Gerência CSC Infraestrutura,SSCISO - Gestão de Manutenção e Obras,N/A,N/A,N/A,N/A,Não,N/A,45737,"Apanhado em (agarrado, pendurado)",Lesão,Mão Direita,Baixo,14,Baixo,2 - Percepção de Risco,Fechar janela pesada sem maçaneta,Janelas pesada e com dificuldades para abrir,Falta de manutenção nas janelas,Falta de integração,,,,,45736,
1,Terceiro,Quase Acidente,,Sim,CHESF,Transmissão,Masculino,49,1 a 3 anos,Sexta-feira,21,3,2025,11:00 - 12:00,Empresa,Individual,Bom Conselho,PE,05L6 PAQAGD - Estrutura 172/1,-9.1721690000000002,-36.693368,VP Operações e Segurança,Operações,OOT.C,OOTR.C,OOTRM.C,,,,,,,,Outros,Sem Lesões,,,14,Baixo,2 - Percepção de Risco,,,,,,,,,45737,
1,Próprio,Quase Acidente,,Sim,CHESF,Transmissão,Masculino,39,Acima de 10 anos,Sexta - feira,21,3,2025,15:00 - 16:00,Via pública,Equipe,Cícero Dantas,BA,LT LGZOLD 05S4,-10.5931940516351,-38.383312387211703,VP Operações e Segurança,Operações,OOT.C,OOTBB.C,OOTBB.C,,,,,,,,Carro - Colisão ,Sem Lesões,,,15,Baixo,8 - Veículos e Equipamentos Móveis,,,,,,,,,45737,
1,Próprio,Desvio Crítico,,Não,CGT Eletrosul,Transmissão,NA ,,N/A,Quarta - feira,14,5,2025,09:00 - 10:00,Empresa,Equipe,Atlântida ,RS,SE Atlântida 2,-29.775269999999999,-50.04363,VP Operações e Segurança,Operações,OOO.S - Gestão da Operação ,OOON.S - Normatização e Tempo Real ,OOONR.S - Centro de Operação Regional ,NA,NA,NA,NA,Não,NA,NA,,,,,6,Alto,2 - Percepção de Risco,,,,,,,,,45791,
1,Terceiro,Fatalidade Trajeto,,Sim,CHESF,CSC,Masculino,46,1 a 3 anos,Segunda - feira,24,3,2025,19:00 - 20:00 ,Via pública,Individual,Paulo Afonso,BA,Via Pública,-9.4015005214103002,-38.221973055614903,VP Suprimentos e Serviços,VSS,CSC,INFRA ESTRUTURA OPERAÇÕES,GESTÃO DE SEGURANÇA,,,,6000,,,,Moto - Queda,Lesão,Cabeça,Alto,4,Alto,8 - Veículos e Equipamentos Móveis,,,,,,,,,45740,
1,Terceiro,Quase Acidente,,Sim,CHESF,CSC,Masculino,41,3 a 6 anos,Segunda - feira,24,3,2025,13:00 - 14:00,Via pública,Individual,Paulo Afonso,BA,Via Pública,-9.4015005214103002,-38.221973055614903,VP Suprimentos e Serviços,VSS,CSC,INFRA ESTRUTURA OPERAÇÕES,OPERAÇÃO DE FACILITES E MANUTENÇÃO,,,,,,,,Moto - Queda,Sem Lesões,,,11,Médio,8 - Veículos e Equipamentos Móveis,,,,,,,,,45740,
1,Terceiro,Quase Acidente,,Sim,CHESF,CSC,Masculino,30,Até 6 meses,Segunda - feira,24,3,2025,17:00 - 18:00,Empresa,Individual,Recife,PE,Anexo V - Prédio Sede,-8.0635971547917507,-34.929949705626598,VP Suprimentos e Serviços,VSS,CSC,INFRA ESTRUTURA OPERAÇÕES,"GESTÃO DE FROTAS, TRANSPORTE E MOBILIDADE",,,,,,,,Incêndio,Sem Lesões,,,13,Médio,2 - Percepção de Risco,,,,,,,,,45740,
1,Próprio,Típico com afastamento,Não,Sim,Eletrobras,Geração - Hidráulica,Masculino,48,Acima de 10 anos,Quarta - feira,26,3,2025,14:00 - 15:00,Empresa,Individual,São José da Barra,MG,UHE Furnas,-20.670172000000001,-46.317588999999998,VP Operações e Segurança,Operações,OOG.F - Produção da Geração,OOGM.F - Gerência de Minas Gerais,OOGMF.F - O&M de Furnas,45743,45744,2,0,Não,0,45744,Atingido entre ou abaixo (esmagado ou amputado),Esmagamento,Dedo da mão Esquerda,Baixo,14,Baixo,2 - Percepção de Risco,O foco de atenção estava direcionado ao ponto alavancado,"Houve necessidade de aplicar um esforço maior para a retirada do motoredutor, devido ao agarramento entre o motoredutor e o eixo do filtro",,,,,,,45742,
1,Terceiro,Típico com afastamento,,Sim,CHESF,CSC,Masculino,37,Até 6 meses,Quarta - feira,26,3,2025,15:00 - 16:00,Empresa,Individual,Recife,PE,Anexo V - Prédio Sede,-8.0635971547917507,-34.929949705626598,VP Suprimentos e Serviços,VSS,CSC,INFRA ESTRUTURA CORPORATIVA,GESTÃO DE FACILITES,45742,45750,8,,,,,Golpeado por (atingido por objeto em movimento),Lesão,Pé Esquerdo,Médio,10,Médio,2 - Percepção de Risco,,,,,,,,,45742,
1,Terceiro,Típico sem afastamento,,Não ,CGT Eletrosul,CSC,Masculino,28,6 meses a 1 ano,Quarta - feira,26,3,2025,09:00 - 10:00,Empresa,Individual,Santana do Livramento,RS,Parque Eólico Coxilha Negra,-31.024270000000001,-55.851669999999999,VP Suprimentos e Serviços,VSS,NA ,Infra Estrutura Operações,Gestão de Segurança ,NA,NA,NA ,NA,Não,NA,NA,,,,Alto,5,Alto,8 - Veículos e Equipamentos Móveis,,,,,,,,,45742,
1,Próprio,Típico com afastamento,Não,Não,Eletrobras,Transmissão,Masculino,47,6 meses a 1 ano,Quinta - feira,27,3,2025,12:00- 13:00,Área rural,Dupla,Angra dos Reis,RJ,LT 138kV Santa Cruz - Angra dos Reis - T.164,-22.984670999999999,-44.240670000000001,VP Operações e Segurança,Operações,OOT.F - Produção da Transmissão,OOTR.F - Gerência Rio de Janeiro,OOTRC.F - O&M Cachoeira,45744,45757,14,0,Sim,137,45754,Animal,Outros,Cabeça,Médio,7,Alto,2 - Percepção de Risco,Contato acidental (inerente à atividade),Isquemia cerebral,,,,,,,45743,
1,Próprio,Típico sem afastamento,,Sim,Eletronorte,Transmissão,Masculino,42,Acima de 10 anos,Sexta-feira,28,3,2025,13:00 - 14:00,Empresa,Individual,Belém,PA,SE Guamá,-1.46,-48.44,VP Operações e Segurança,Operações,Superintendência de Produção da Transmissão,Departamento Regional de Produção e Transmissão do Pará,,N/A,N/A,0,0,Não,0,45748,Mobiliária e acessórios,"Escoriação, Abrasão",Face,Baixo,14,Baixo,2 - Percepção de Risco,,,,,,,,,45744,
1,Terceiro,Trajeto sem afastamento,Não,Sim,Eletrobras,CSC,Feminino,45,Até 6 meses,Sexta-feira,28,3,2025,06:00 - 07:00,Via pública,Individual,Belford Roxo,RJ,SE São José,,,VP Suprimentos e Serviços,VSS,-,SSCIS - Gerência CSC Infraestrutura,SSCISO - Gestão de Manutenção e Obras,N/A,N/A,N/A,N/A,,N/A,45747,Queda mesmo nível,Lesão,Pé Direito,Baixo,11,Médio,8 - Veículos e Equipamentos Móveis,"Veículo automotor que, ao se aproximar, esbarrou em sua bicicleta",,,,,,,,45744,
1,Terceiro,Trajeto com afastamento,,Sim,CHESF,Geração - Hidráulica,Masculino,35,1 a 3 anos,Sexta-feira,28,3,2025,11:00 - 12:00,Via pública,Individual,Canindé de São Francisco,SE,UHE de Xingó,-9.6203761653190707,-37.792745817155399,VP Operações e Segurança,Operações,OO.C , OOG.C , OOGXI.C ,45745,45749,4,,,,,Moto - Queda,Lesão,,Médio,13,Médio,8 - Veículos e Equipamentos Móveis,,,,,,,,,45744,
1,Terceiro,Fatalidade,,Sim,CHESF,Transmissão,Masculino,40,3 a 6 anos,Domingo,30,3,2025,13:00 - 14:00,Empresa,Individual,Fagundes,PB,"04F9 Coteminas/Lagoa do Carro, Estrutura 109/2",-7.3508930000000001,-35.776587999999997,VP Operações e Segurança,Operações,OOT.C,OOTR.C,OOTRC.C,,,0,6000,,,,Eletricidade,Lesão,Choque Elétrico,Alto,2,Crítico,4 - Eletricidade,,,,,,,,,45746,
1,Terceiro,Típico com afastamento,,Sim,CHESF,Transmissão,Masculino,26,1 a 3 anos,Terça- feira,1,4,2025,11:00 - 12:00,Empresa,Individual,Sobral,CE,Subestação Sobral,-3.6350226908710899,-40.385166059714301,VP Operações e Segurança,Operações,OOC,OOTF.C,OOTFB.C,45749,45761,12,,,,,Eletricidade,Queimadura Térmica ,Face,Médio,4,Alto,4 - Eletricidade,,,,,,,,,45748,
1,Terceiro,Quase Acidente,,Sim,CHESF,CSC,Masculino,55,3 a 6 anos,Quarta - feira,2,4,2025,15:00 - 16:00,Empresa,Individual,Abreu e Lima,PE,Almoxarifado Abreu e Lima,-7.9057424552485402,-34.903874050718798,VP Suprimentos e Serviços,VSS,CSC,INFRA ESTRUTURA OPERAÇÕES,OPERAÇÃO DE FACILITES E MANUTENÇÃO,,,,,,,,Ferramenta Manual,Sem Lesões,,,15,Baixo,8 - Veículos e Equipamentos Móveis,,,,,,,,,45749,
1,Terceiro,Desvio Crítico,,Não,CGT Eletrosul,Transmissão,Masculino,35,Até 6 meses,Sexta-feira,6,6,2025,14:00 - 15:00,Empresa,Individual,Campos Novos ,SC,SE Campos Novos ,-27.395589999999999,-51.219589999999997,VP Operações e Segurança,Operações,OOG.S - Produção de Geração e Transmissão ,OOGS.S - Produção de Geração e Transmissão Gerência Sul,OOGSN.S - Divisão de Produção de Transmissão Campos Novos ,NA,NA,,NA,Não,NA,NA,,,,,4,Alto,3 - Trabalho em Altura,,,,,,,,,45814,
1,Próprio,Trajeto com afastamento,Não,Sim,Eletrobras,Adm,Feminino,55,Acima de 10 anos,Quarta - feira,2,4,2025,09:00 - 10:00,Via pública,Individual,Rio de Janeiro,RJ,EBM,-22.901368000000002,-43.176476999999998,"VP Governança, Riscos, Compliance e Sustentabilidade",Outros,GRCO - Compliance,-,-,45750,45764,12,0,Não,,45791,Queda mesmo nível,"Escoriação, Abrasão",Braço Esquerdo,Baixo,14,Baixo,2 - Percepção de Risco,Irregularidade na via pública (desnível ou buraco),Atenção ao caminhar em área de risco,Ausência de sinalização preventiva no local da queda,,,,,,45749,
1,Terceiro,Típico com afastamento,Não,Sim,Eletrobras,Geração - Hidráulica,Masculino,27,Até 6 meses,Quinta - feira,3,4,2025,09:00 - 10:00,Empresa,Individual,Além Paraíba,MG,UHE Simplício,-21.921175000796001,-42.790208333332998,VP Operações e Segurança,Operações,OOG.F - Produção da Geração,-,OOGSI.F - O&M Simplício G Sudeste,45750,45756,7,0,Não,,45754,Ferramenta Manual,"Laceração, Corte",Mão Direita,Baixo,11,Médio,2 - Percepção de Risco,Falha na Metodologia de trabalho empregada nas atividades de desmontagem do Trocador de Calor do Mancal Guia da Turbina,Falha no processo de checagem/supervisão das atividades,,,,,,,45750,
1,Terceiro,Desvio Crítico,,Não,CGT Eletrosul,Transmissão,Masculino,> 60,Até 6 meses,Terça- feira,10,6,2025,07:00 - 08:00,Empresa,Individual,Itá,SC,SE Ita,-27.085280000000001,-52.087009999999999,VP Operações e Segurança,Operações,OOM.S - Engeharia da Manutenção,OOMI.S - Gestão e Investimentos G&T CGT Eletrosul,NA,NA,NA,,NA,Não,NA,NA,,,,,6,Alto,2 - Percepção de risco,,,,,,,,,45818,
1,Terceiro,Típico sem afastamento,,Sim,CHESF,Transmissão,Masculino,49,6 meses a 1 ano,Quarta - feira,3,9,2025,10:00 - 11:00,Área rural,Equipe,Tacaratu,PE, LT TAT-PAF 04F1,-9.1067689999999999,-38.152835000000003,VP Operações e Segurança,Operações,OOT.C,OOTB.C,OOTBB.C,,,,,,,,Animal,Lesão,Partes Múltiplas,Médio,10,Médio,2 - Percepção de Risco,,,,,,,,,45903,
1,Terceiro,Quase Acidente,,Sim,CHESF,Geração - Hidráulica,Masculino,26,6 meses a 1 ano,Sexta-feira,4,4,2025,11:00 - 12:00,Empresa,Individual,Petrolândia,PE,UHE Luiz Gonzaga,-9.1425280000000004,-38.309981999999998,VP Operações e Segurança,Operações,OOC,OOG.C,OOGLG.C,,,,,,,,Queda mesmo nível,"Escoriação, Abrasão",Braço Direito,,15,Baixo,2 - Percepção de Risco,,,,,,,,,45751,
1,Terceiro,Quase Acidente,,Sim,Eletronorte,CSC,Masculino,> 60,6 meses a 1 ano,Segunda-feira,15,12,2025,12:00 - 13:00,Empresa,Individual,Candeias do Jamari,RO,UHE Samuel,-8.7618299999999998,-63.090200000000003,VP Operações e Segurança,VSS,CSC,Infraestrutura de Operações,Operação de Facilites e Manutenção,N/A,N/A,0,0,Não,0,N/A,,,,Baixo,14,Baixo,2 - Percepção de Risco,,,,,,,,,46006,
1,Próprio,Trajeto com afastamento,Não,Sim,Eletrobras,Geração - Hidráulica,Masculino,46,3 a 6 anos,Quarta - feira,9,4,2025,07:00 - 08:00,Via pública,Individual,Rio de Janeiro,RJ,EBM,-22.909371,-43.172201999999999,VP Operações e Segurança,Operações,OOG.F - Produção da Geração,-,-,45756,45757,1,0,Não,,45761,Golpeado por (atingido por objeto em movimento),Lesão,Partes Múltiplas,Médio,11,Médio,8 - Veículos e Equipamentos Móveis,Falta de controle e fiscalização sobre veículos que desrespeitam o sinal,Ausência de identificação do ônibus envolvido no incidente,Utilização de meio de transporte individual (patinete) sem infraestrutura segura,,,,,,45756,
1,Próprio,Trajeto com afastamento,Não,Sim,Eletrobras,Adm,Feminino,37,6 meses a 1 ano,Quarta - feira,9,4,2025,08:00 - 09:00,Via pública,Individual,Rio de Janeiro,RJ,EBM,-22.9026896353453,-43.173349919617202,VP Jurídico,Outros,JREC - Contencioso ECE,-,-,45756,45758,2,0,Não,,45777,Golpeado por (atingido por objeto em movimento),Lesão,Partes Múltiplas,Baixo,14,Baixo,2 - Percepção de Risco,"Vias públicas com risco potencial (desníveis, buracos)",Ausência de controle sobre modais utilizados no trajeto,Falta de uso de equipamentos de proteção individual (EPI),,,,,,45756,
1,Próprio,Quase Acidente,,Sim,Eletronorte,Transmissão,Masculino,49,Acima de 10 anos,Quarta - feira,9,4,2025,,Empresa,Equipe,Cuiabá,MT,SE Coxipó,-15.62524,-56.057560000000002,VP Operações e Segurança,Operações,Superintendência de Produção da Transmissão,Departamento Regional de Produção e Transmissão do Mato Grosso ,Divisão de Produção e Trasmissão de Cuiabá,N/A,N/A,0,0,Não,0,N/A,,,,Baixo,15,Baixo,2 - Percepção de Risco,,,,,,,,,45756,
1,Terceiro,Típico com afastamento,Não,Sim,Eletrobras,CSC,Masculino,19,6 meses a 1 ano,Quinta - feira,10,4,2025,14:00 - 15:00,Empresa,Individual,Minaçu,GO,UHE Serra da Mesa,-13.736166667197001,-48.298111111110998,VP Suprimentos e Serviços,VSS,-,SSCIS - Gerência CSC Infraestrutura,SSCISO - Gestão de Manutenção e Obras,45757,45758,1,0,Não,,45763,Ferramenta Manual,"Laceração, Corte",Dedo da mão Esquerda,Baixo,11,Médio,2 - Percepção de Risco,APR mal elaborada,EPI inadequado,Ferramenta (foice) não atendeu a etapa da atividade,,,,,,45757,
1,Terceiro,Trajeto com afastamento,,Sim,CHESF,Logistica,Masculino,24,3 a 6 anos,Quinta - feira,10,4,2025,17:00 - 18:00,Via pública,Individual,Paulo Afonso,BA,Via Pública,-9.4015005214103002,-38.221973055614903,VP Suprimentos e Serviços,VSS,CSC,CSC,CSC,45758,45761,3,,,,,Moto - Queda,Lesão,Joelho,Médio,10,Médio,8 - Veículos e Equipamentos Móveis,,,,,,,,,45757,
1,Terceiro,Trajeto com afastamento,,Sim,CHESF,Logistica,Feminino,26,1 a 3 anos,Quinta - feira,10,4,2025,17:00 - 18:00,Via pública,Individual,Paulo Afonso,BA,Via Pública,-9.4015005214103002,-38.221973055614903,VP Suprimentos e Serviços,VSS,CSC,CSC,CSC,45758,45760,2,,,,,Moto - Queda,Lesão,Tórax,Médio,10,Médio,8 - Veículos e Equipamentos Móveis,,,,,,,,,45757,
1,Terceiro,Típico com afastamento,,Sim,CHESF,Transmissão,Masculino,23,6 meses a 1 ano,Quinta - feira,10,4,2025,10:00 - 11:00,Empresa,Individual,Sobral,CE,SE SBD,-3.6350226908710899,-40.385166059714301,VP Operações e Segurança,Operações,OOC,OOTM.C,OOTMC.C,45757,45787,30,,,,,Outros,Lesão,Dedo da mão Esquerda,Médio,10,Médio,2 - Percepção de Risco,,,,,,,,,45757,
1,Próprio,Quase Acidente,,Sim,Eletronorte,Transmissão,Masculino,> 60,Acima de 10 anos,Domingo,13,4,2025,16:00 - 17:00,Empresa,Individual,Rio Branco,AC,SE Acre,-9.9661299999999997,-67.386600000000001,VP Operações e Segurança,Operações,Superintendência de Produção da Transmissão,Departamento Regional de Produção da transmissão Norte,,N/A,N/A,0,0,Não,0,N/A,,,,Baixo,15,Baixo,8 - Veículos e Equipamentos Móveis,,,,,,,,,45760,
1,Próprio,Quase Acidente,,Não ,CGT Eletrosul,Transmissão,Masculino,53,Acima de 10 anos,Segunda - feira,14,4,2025,16:00 - 17:00,Área rural,Dupla,Tijucas do Sul,PR,SE Curitiba,-25.759720000000002,-49.10472,VP Operações e Segurança,Operações,OOG.S - Produção de Geração e Transmissão,OOGN.S - Produção de Transmissão Gerência Norte,NA,NA,NA,NA,NA,Não,NA,NA,,,,,15,Baixo,2 - Percepção de Risco,,,,,,,,,45761,
1,Próprio,Doença Ocupacional,,Sim,CGT Eletrosul,Adm,Feminino,35,1 a 3 anos,Terça - feira,15,4,2025,,Empresa,Individual,Florianópolis ,SC,Sede,-27.597490000000001,-48.54383,"VP Gente, Gestão e Cultura",Outros,GCSS -  Grência Executiva Segurança do Trabalho,GCSS.S -  SST CGT Eletrosul,NA ,45761,56819,101,NA,Não,NA,45762,209500000 - Tipo inexistente (informação da CAT),"704090000 - Doença, NIC +- Humor depressivo - Ansiedade ( informação da CAT)","75850000 - Sistemas e Aparelhos, NIC ",,,,11 - Não se Aplica,,,,,,,,,45762,
1,Terceiro,Quase Acidente,Não,Não,Eletrobras,Transmissão,,,,Terça- feira,15,4,2025,11:00 - 12:00,Área rural,Equipe,Guarapari,ES,LT 345kV Vitória - Rio Novo do Sul - T.427,-20.525833334087999,-40.472499999999997,VP Operações e Segurança,Operações,OOT.F - Produção da Transmissão,OOTM.F - Gerência Minas e Vitória,OOTMB.F - O&M Espírito Santo T Sudeste,N/A,N/A,N/A,N/A,,,N/A,,,,,4,Alto,3 - Trabalho em Altura,"Procedimento de trabalho incompleto, sem clareza nas responsabilidades de cada profissional ","Descumprimento do Procedimento de trabalho, que exigia a verificação da posição do pino de travamento ",,,,,,,45762,
1,Terceiro,Quase Acidente,,Não ,CGT Eletrosul,Geração,Masculino,30,6 meses a 1 ano,Quarta - feira,16,4,2025,07:00 - 08:00,Via pública,Individual,Santana do Livramento,RS,Parque Eólico Coxilha Negra,-31.032080000000001,-55.749139999999997,VP Operações e Segurança,Operações,OOG.S - Produção de Geração e Transmissão,OOGR.S - Geração Renovável,NA,NA,NA,NA,NA,Não,NA,NA,,,,,5,Alto,8 - Veículos e Equipamentos Móveis,,,,,,,,,45763,
1,Terceiro,Típico com afastamento,,Sim,CHESF,CSC,Masculino,41,1 a 3 anos,Quarta - feira,16,4,2025,08:00 - 09:00,Empresa,Individual,Teresina,PI,SE TSA,-5.1266872799999996,-42.799485060000002,VP Suprimentos e Serviços,VSS,CSC,INFRA ESTRUTURA OPERAÇÕES,OPERAÇÃO DE FACILITES E MANUTENÇÃO,45764,45767,3,,,,,Outros,Lesão,Dedo da mão Direita,Médio,11,Médio,2 - Percepção de Risco,,,,,,,,,45763,
1,Terceiro,Quase Acidente,,Sim,CHESF,Transmissão,Masculino,21,Até 6 meses,Quinta - feira,17,4,2025,15:00 - 16:00,Empresa,Individual,Mossoró,RN,"LT-04L1 Quixeré/Mossoró II, estrutura 74/2",-5.1658410000000003,-37.352542,VP Operações e Segurança,Operações,OOC,OOTF.C,OOTFB.C,,,,,,,,"Golpeado contra (correndo em direção, tropeçando em)",Lesão,Pé Esquerdo,,13,Médio,2 - Percepção de Risco,,,,,,,,,45764,
1,Terceiro,Quase Acidente,,Sim,CHESF,Geração - Hidráulica,Masculino,32,1 a 3 anos,Quinta - feira,17,4,2025,13:00 - 14:00,Empresa,Individual,Petrolândia,PE,UHE Luiz Gonzaga,-9.1425280000000004,-38.309981999999998,VP Operações e Segurança,Operações,OOC,OOG.C,OOGLG.C,,,,,,,,,Sem Lesões,,,15,Baixo,8 - Veículos e Equipamentos Móveis,,,,,,,,,45764,
1,Terceiro,Típico com afastamento,,Sim,Eletronorte,Geração - Hidráulica,Masculino,,1 a 3 anos,Sexta-feira,18,4,2025,,Empresa,Equipe,Tucuruí,PA,UHE Tucuruí,-3.79,-49.66,VP Operações e Segurança,Operações,Gerência Executiva  Produção de Geração Hidraulica,OOGTM.N,Man Mecânica Tucur G Eletronorte,45765,45780,14,3,Não,0,45770,Atingido entre ou abaixo (esmagado ou amputado),Amputação Traumática,Mão Esquerda,Médio,5,Alto,2 - Percepção de Risco,,,,,,,,,45765,
1,Terceiro,Quase Acidente,,Sim,Eletronorte,CSC,Masculino,,,Quarta - feira,23,4,2025,17:00 - 18:00,Via pública,Dupla,Açailândia,MA,SE Imperatriz,-5.4222000000000001,-47.47316,VP Suprimentos e Serviços,VSS,CSC,Infraestrutura de Operações,"Gestão de Frotas, Transporte e Mobilidade",N/A,N/A,,,,,N/A,,Sem Lesões,,,10,Médio,8 - Veículos e Equipamentos Móveis,,,,,,,,,45770,
1,Próprio,Trajeto sem afastamento,,Sim,CHESF,Adm,Masculino,49,Acima de 10 anos,Quarta - feira,23,4,2025,08:00 - 09:00,Empresa,Individual,Recife,PE,Sede Recife,-8.0635971547917507,-34.929949705626598,VP Tecnologia e Inovação,Outros,ID.PAR.MA,ID.PAR.MA,ID.PAR.MA,,,,,,,,Moto - Colisão,Lesão,Dedo da mão Direita,Médio,13,Médio,8 - Veículos e Equipamentos Móveis,,,,,,,,,45770,
227,Terceiro,Típico com afastamento,,Sim,CHESF,CSC,Masculino,26,Até 6 meses,Quinta - feira,24,4,2025,14:00 - 15:00,Empresa,Individual,Recife,PE,Sede Recife Bloco C,-8.0635971547917507,-34.929949705626598,VP Suprimentos e Serviços,VSS,CSC,INFRA ESTRUTURA CORPORATIVA,GESTÃO DE MANUTENÇÃO E OBRAS,45772,45787,15,,,,,Outros,Lesão,Mão Direita,Médio,11,Médio,2 - Percepção de Risco,,,,,,,,,45771,
1,Terceiro,Quase Acidente,,Sim,Eletronorte,Meio Ambiente,,,,Sexta-feira,25,4,2025,12:00- 13:00,Empresa,Dupla,Presidente Figueiredo,AM,UHE Balbina,-1.91,-59.47,VP Operações e Segurança,Operações,CSC,Gestão de condicionantes Eletronorte,,N/A,N/A,,,,,N/A,,Sem Lesões,,,11,Médio,8 - Veículos e Equipamentos Móveis,,,,,,,,,45772,
1,Terceiro,Quase Acidente,,Sim,CHESF,CSC,Masculino,28,6 meses a 1 ano,Domingo,27,4,2025,10:00 - 11:00,Empresa,Individual,Petrolândia,PE,SE Luiz Gonzaga,-9.1425280000000004,-38.309981999999998,VP Suprimentos e Serviços,VSS,CSC,INFRA ESTRUTURA OPERAÇÕES,"GESTÃO DE FROTAS, TRANSPORTE E MOBILIDADE",,,,,,,,Outros,Sem Lesões,,,11,Médio,8 - Veículos e Equipamentos Móveis,,,,,,,,,45774,
1,Próprio,Quase Acidente,Não,Não,Eletrobras,Transmissão,Masculino,,,Segunda - feira,28,4,2025,15:00 - 16:00,Área rural,Dupla,Niquelândia,GO,LT 230kV Samambaia - Niquelândia 1 / torre 083,-14.336847000000001,-48.203502999999998,VP Operações e Segurança,Operações,OOT.F - Produção da Transmissão,OOTG.F - Gerência Goiás,OOTGA.F - Man. Eletromec Brasília,N/A,N/A,N/A,N/A,,N/A,N/A,,,,,4,Alto,11 - Não se Aplica,(em investigação),,,,,,,,45775,
229,Terceiro,Típico com afastamento,,Sim,CHESF,CSC,Feminino,42,3 a 6 anos,Segunda - feira,28,4,2025,15:00 - 16:00,Empresa,Individual,Recife,PE,Sede Recife - Anexo II,-8.0635971547917507,-34.929949705626598,VP Suprimentos e Serviços,VSS,CSC,INFRA ESTRUTURA CORPORATIVA,GESTÃO DE FACILITES,45776,45790,14,,,,,Outros,Lesão,Pé Direito,Médio,11,Médio,2 - Percepção de Risco,,,,,,,,,45775,
1,Terceiro,Quase Acidente,,Não ,CGT Eletrosul,Almoxarifado ,Masculino,51,6 a 10 anos,Segunda - feira,28,4,2025,08:00 - 09:00,Empresa,Individual,Xanxerê,SC,SE Xanxerê,-26.878060000000001,-52.404989999999998,VP Suprimentos e Serviços,VSS,SSLG - Gerência Executiva Gestão Logística,SSLGA - Operações de Almoxarifado,SSLGF.S - Operação Regional Almoxarifado ,NA,NA,NA ,NA,Não,NA,NA,,,,,15,Baixo,2 - Percepção de Risco,,,,,,,,,45775,
1,Terceiro,Fatalidade Trajeto,,Não ,CGT Eletrosul,CSC,Masculino,30,6 meses a 1 ano,Terça- feira,29,4,2025,19:00 - 20:00 ,Via pública,Individual,Quedas do Iguaçu ,PR,SE Salto Osório,-25.451730000000001,-52.90607,VP Suprimentos e Serviços,VSS,NA ,Infra Estrutura Operações,Gestão de Segurança ,NA,NA,NA,NA,Não,NA,NA,,,,Alto,4,Alto,8 - Veículos e Equipamentos Móveis,,,,,,,,,45776,
1,Próprio,Quase Acidente,,Não ,CGT Eletrosul,Transmissão,Masculino,39,6 a 10 anos,Terça- feira,29,4,2025,21:00 - 22:00 ,Empresa,Individual,Santo Ângelo,RS,SE Xanxerê,-28.300229999999999,-54.262810000000002,VP Operações e Segurança,Operações,OOG.S - Produção de Geração e Transmissão,OOGS.S - Produção de Transmissão Gerência Sul ,OOGSX.S - Divisão de Produção de Transmissão Xanxerê,NA,NA,NA,NA,Não,NA,NA,,,,,15,Baixo,4 - Eletricidade,,,,,,,,,45776,
228,Terceiro,Típico com afastamento,,Sim,CHESF,CSC,Masculino,36,Até 6 meses,Quarta - feira,30,4,2025,15:00 - 16:00,Empresa,Individual,Recife,PE,Sede Recife Bloco C,-8.0635971547917507,-34.929949705626598,VP Suprimentos e Serviços,VSS,CSC,INFRA ESTRUTURA CORPORATIVA,GESTÃO DE MANUTENÇÃO E OBRAS,45777,45782,5,,,,,Queda com diferença de nível,Lesão,Pé Direito,Médio,11,Médio,2 - Percepção de Risco,,,,,,,,,45777,
1,Terceiro,Típico com afastamento,,Sim,CHESF,Transmissão,Masculino,28,1 a 3 anos,Domingo,27,7,2025,10:00 - 11:00,Empresa,Individual,Teresina,PI, TSDPDD 05C9,-5.1266872799999996,-42.799485060000002,VP Operações e Segurança,Operações,OOT,OOTF.C,OOTFA.C,45865,45867,2,,,,,Animal,Lesão,,Médio,10,Médio,2 - Percepção de Risco,,,,,,,,,45865,
1,Terceiro,Quase Acidente,,Sim,Eletronorte,CSC,Masculino,,,Quinta - feira,1,5,2025,05:00 - 06:00,Via pública,Individual,Manaus,AM,UTE Aparecida,,,VP Suprimentos e Serviços,VSS,CSC,Infraestrutura de Operações,Operação de Facilites e Manutenção,,,,,,,,,,,,11,Médio,8 - Veículos e Equipamentos Móveis,,,,,,,,,45778,
1,Próprio,Trajeto com afastamento,,Sim,CHESF,Transmissão,Feminino,27,6 meses a 1 ano,Sexta-feira,2,5,2025,12:00- 13:00,Via pública,Individual,Recife,PE,Via Pública,-8.0635971547917507,-34.929949705626598,VP Suprimentos e Serviços,VSS,CSC,OONA.C,OONA.C,45780,45790,10,,,,,Queda com diferença de nível,Lesão,Coluna,Médio,11,Médio,8 - Veículos e Equipamentos Móveis,,,,,,,,,45779,
1,Terceiro,Típico sem afastamento,,Sim,Eletronorte,Geração - Hidráulica,Feminino,35,1 a 3 anos,Sexta-feira,2,5,2025,15:00 - 16:00,Empresa,Individual,Ferreira Gomes,AP,UHE Coaracy Nunes,0.90,-51.25,VP Operações e Segurança,Operações,Diretoria de Operação,Meio Ambiente da Operação Eletronorte,Gestão de Condicionante,N/A,N/A,,,,,,,,,Baixo,15,Baixo,2 - Percepção de Risco,,,,,,,,,45779,
1,Terceiro,Quase Acidente,Não,Não,Eletrobras,Transmissão,Masculino,,,Domingo,4,5,2025,16:00 - 17:00,Empresa,Equipe,Rio Verde,GO,SE Rio Verde,-17.76107,-50.883994999999999,VP Operações e Segurança,Operações,OOT.F - Produção da Transmissão,OOTG.F - Gerência Goiás,OOTGC.F - O&M de Goiás,N/A,N/A,N/A,N/A,,N/A,N/A,,,,,8,Alto,11 - Não se Aplica,Defeito oculto de fabricação na cimentação da porcelana da coluna isoladora da SC735FA,,,,,,,,45781,
1,Terceiro,Típico sem afastamento,Não,Não,Eletrobras,CSC,Masculino,26,3 a 6 anos,Segunda - feira,5,5,2025,08:00 - 09:00,Empresa,Individual,Cachoeira Paulista,SP,SE Cachoeira Paulista,-22.630962350000001,-45.035328819999997,VP Suprimentos e Serviços,VSS,-,SSCIS - Gerência CSC Infraestrutura,SSCISO - Gestão de Manutenção e Obras,N/A,N/A,N/A,N/A,,N/A,45805,Golpeado por (atingido por objeto em movimento),"Escoriação, Abrasão",Face,Baixo,11,Médio,2 - Percepção de Risco,EPI de baixa eficiência,,,,,,,,45782,
1,Terceiro,Típico com afastamento,Não,Sim,Eletrobras,Transmissão,Masculino,53,6 meses a 1 ano,Segunda - feira,5,5,2025,10:00 - 11:00,Área rural,Equipe,Itapeva,SP,"LT 750kV Itaberá - Tijuco Preto 1, torre 48 ",-23.880832999999999,-48.958610999999998,VP Operações e Segurança,Operações,OOT.F - Produção da Transmissão,OOTP.F - Gerência Parana e São Roque,OOTPD.F - O&M Itaberá T Sudeste,45782,45811,30,0,Não,,45784,Queda com diferença de nível,Fratura,Perna Esquerda,Médio,8,Alto,2 - Percepção de Risco,Desnível natural do terreno (buraco) não identificado antes do início da atividade,"Treinamento insuficiente ou genérico sobre movimentação segura em áreas de vegetação densa, especialmente com equipamentos de corte motorizados",Ausência de método padronizado para inspeção do terreno antes do desgalhamento,"Planejamento inadequado da supressão vegetal, sem inspeção prévia minuciosa da área (reconhecimento de obstáculos, desníveis, etc.)",Ausência de vigilância ativa ou acompanhamento no momento da operação (vigia ou apoio visual para o operador),,,,45782,
1,Terceiro,Típico sem afastamento,Não,Sim,Eletrobras,Melhoria,Masculino,> 60,3 a 6 anos,Segunda - feira,5,5,2025,09:00 - 10:00,Empresa,Individual,São José da Barra,MG,UHE Furnas,-20.674721999999999,-46.330556000000001,VP Operações e Segurança,Operações,-,OOME.F - Testes e Ensaios,-,N/A,N/A,N/A,N/A,,N/A,45786,Transporte manual de carga,"Distensão, Torção",Braço Direito,Baixo,14,Baixo,11 - Não se Aplica,Desconcentração de Cargas,Condicionamento Físico Inadequado,,,,,,,45782,
1,Terceiro,Quase Acidente,,Sim,Eletronorte,Geração - Hidráulica,Masculino,35,1 a 3 anos,Segunda - feira,5,5,2025,15:00 - 16:00,Empresa,Individual,Tucuruí,PA,UHE Tucuruí,-3.79,-49.66,"VP Gente, Gestão e Cultura",Outros,Gerência executiva de Saúde e Segurança,Departamento de saúde e segurança do trabalho,,N/A,N/A,,,,,N/A,,Sem Lesões,,,15,Baixo,8 - Veículos e Equipamentos Móveis,,,,,,,,,45782,
1,Terceiro,Trajeto sem afastamento,,Sim,CHESF,CSC,Masculino,31,6 meses a 1 ano,Sexta-feira,4,4,2025,07:00 - 08:00,Via pública,Individual,Campina Grande,PB,Via Pública,-7.2659799999999999,-35.908569999999997,VP Suprimentos e Serviços,VSS,CSC,INFRA ESTRUTURA OPERAÇÕES,OPERAÇÃO DE FACILITES E MANUTENÇÃO,,,,,,,,Animal,Lesão,Face,Baixo,15,Baixo,Outros,,,,,,,,,45751,
1,Próprio,Típico sem afastamento,,Sim,CGT Eletrosul,Adm,Feminino,47,Acima de 10 anos,Terça- feira,5,5,2025,09:00 - 10:00,Empresa,Individual,Florianopólis,SC,Sede CGT Eletrosul,-27.659939999999999,-48.479419999999998,"VP Gente, Gestão e Cultura",Outros,GCSS -  Grência Executiva Segurança do Trabalho,GCSS.S - Gerência de Segurança do Trabalho,NA,NA,NA,NA,NA,Não,NA,NA,,,,Baixo,14,Baixo,11 - Não se Aplica,,,,,,,,,45782,
1,Próprio,Típico sem afastamento,,Sim,CHESF,Geração - Hidráulica,Feminino,39,1 a 3 anos,Terça- feira,6,5,2025,08:00 - 09:00,Empresa,Individual,Sobradinho,BA,UHE Sobradinho,-9.2080379521673592,-4.0760513368829097,VP Operações e Segurança,Operações,OOG,OOGO.C,OOGOI.C,45784,45844,0,,Sim,7,,Atingido entre ou abaixo (esmagado ou amputado),Lesão,Dedo da mão Direita,Baixo,11,Médio,2 - Percepção de Risco,,,,,,,,,45783,
1,Terceiro,Trajeto com afastamento,,Sim,Eletronorte,Transmissão,Masculino,26,Até 6 meses,Domingo,7,5,2025,11:00 - 12:00,Via pública,Equipe,Jaru,RO,SE Jaru,-10.407769999999999,-62.457999999999998,VP Operações e Segurança,Operações,Superintendência de Produção da Transmissão,Departamento Regional de Produção e Trasmissão do Acre e Rondônia,Divisão de Produção da Transmissão de Porto Velho e Ji-Paraná – OOTOP.N,45784,,60,25,Não,0,45792,Veículo rodoviário motorizado,Lesão,Partes Múltiplas,Médio,5,Alto,8 - Veículos e Equipamentos Móveis,,,,,,,,,45784,
1,Terceiro,Trajeto com afastamento,,Sim,Eletronorte,Transmissão,Masculino,59,Até 6 meses,Sábado,7,5,2025,11:00 - 12:00,Via pública,Equipe,Jaru,RO,SE Jaru,-10.407769999999999,-62.457999999999998,VP Operações e Segurança,Operações,Superintendência de Produção da Transmissão,Departamento Regional de Produção e Trasmissão do Acre e Rondônia,Divisão de Produção da Transmissão de Porto Velho e Ji-Paraná – OOTOP.N,45784,45798,15,0,Não,0,45792,Veículo rodoviário motorizado,"Escoriação, Abrasão",Partes Múltiplas,Médio,5,Alto,8 - Veículos e Equipamentos Móveis,,,,,,,,,45784,
1,Terceiro,Trajeto com afastamento,,Sim,Eletronorte,Transmissão,Masculino,50,Até 6 meses,Sexta-feira,7,5,2025,11:00 - 12:00,Via pública,Equipe,Jaru,RO,SE Jaru,-10.407769999999999,-62.457999999999998,VP Operações e Segurança,Operações,Superintendência de Produção da Transmissão,Departamento Regional de Produção e Trasmissão do Acre e Rondônia,Divisão de Produção da Transmissão de Porto Velho e Ji-Paraná – OOTOP.N,45784,45797,13,0,Não,0,45792,Veículo rodoviário motorizado,"Escoriação, Abrasão",Partes Múltiplas,Médio,5,Alto,8 - Veículos e Equipamentos Móveis,,,,,,,,,45784,
1,Terceiro,Trajeto com afastamento,,Sim,Eletronorte,Transmissão,Masculino,52,Até 6 meses,Quinta - feira,7,5,2025,11:00 - 12:00,Via pública,Equipe,Jaru,RO,SE Jaru,-10.407769999999999,-62.457999999999998,VP Operações e Segurança,Operações,Superintendência de Produção da Transmissão,Departamento Regional de Produção e Trasmissão do Acre e Rondônia,Divisão de Produção da Transmissão de Porto Velho e Ji-Paraná – OOTOP.N,45784,45786,2,0,Não,0,45792,Veículo rodoviário motorizado,"Escoriação, Abrasão",Partes Múltiplas,Médio,5,Alto,8 - Veículos e Equipamentos Móveis,,,,,,,,,45784,
1,Terceiro,Trajeto com afastamento,,Sim,Eletronorte,Transmissão,Masculino,55,Até 6 meses,Quarta - feira,7,5,2025,11:00 - 12:00,Via pública,Equipe,Jaru,RO,SE Jaru,-10.407769999999999,-62.457999999999998,VP Operações e Segurança,Operações,Superintendência de Produção da Transmissão,Departamento Regional de Produção e Trasmissão do Acre e Rondônia,Divisão de Produção da Transmissão de Porto Velho e Ji-Paraná – OOTOP.N,45784,45790,6,0,Não,0,45792,Veículo rodoviário motorizado,"Escoriação, Abrasão",Partes Múltiplas,Médio,5,Alto,8 - Veículos e Equipamentos Móveis,,,,,,,,,45784,
1,Próprio,Desvio Crítico,,Não,CGT Eletrosul,CSC,Masculino,48,3 a 6 anos,Sexta-feira,27,6,2025,09:00 - 10:00,Empresa,Individual,Florianopólis,SC,Sede CGT Eletrosul,-27.58981,-48.635579999999997,VP Suprimentos e Serviços,VSS,NA ,Infra Estrutura Corporativa,Gestão de Manutenção e Obras ,NA,NA,,NA,Não,NA,NA,,,,,4,Alto,3 - Trabalho em Altura,,,,,,,,,45835,
1,Próprio,Típico com afastamento,,Sim,CGT Eletrosul,Transmissão,Masculino,28,1 a 3 anos,Quinta - feira,8,5,2025,10:00 - 11:00,Empresa,Individual,Faxinalzinho ,RS,SE Xanxerê,-22.782360000000001,-46.590690000000002,VP Operações e Segurança,Operações,OOG.S - Produção de Geração e Transmissão,OOGS.S - Produção de Transmissão Gerência Sul ,OOGSX.S - Divisão de Produção de Transmissão Xanxerê,45785,45793,14,,,,,,,,Médio,11,Médio,3 - Trabalho em Altura,,,,,,,,,45785,
1,Próprio,Quase Acidente,Sim,Não,Eletrobras,Geração - Hidráulica,Masculino,,,Sexta-feira,9,5,2025,16:00 - 17:00,Via pública,Individual,São Carlos,SP,"Rodovia SP-310, km 235",-21.991416999999998,-47.884306000000002,VP Operações e Segurança,Operações,OOG.F - Produção da Geração,OOGM.F - Gerência de Minas Gerais,OOGMP.F - O&M Marimb. P. Colomb.,N/A,N/A,N/A,N/A,,N/A,N/A,,,,,11,Médio,8 - Veículos e Equipamentos Móveis,Excesso de velocidade do motociclista durante a condução,Ofuscamento do sol (pôr do sol) em direção ao motociclista,"A via SP-310 em manutenção com ausência de sinalização de trânsito (cones, placas de sinalização e bandeiras) pela empresa executante no local",,,,,,45786,
1,Terceiro,Fatalidade Trajeto,Não,Sim,Eletrobras,CSC,Masculino,51,6 meses a 1 ano,Sexta-feira,9,5,2025,05:00 - 06:00,Via pública,Individual,Goianira,GO,Laboratório de Aparecida de Goiânia,,,VP Suprimentos e Serviços,VSS,-,SSCIS - Gerência CSC Infraestrutura,SSCISS - Gestão de Segurança,N/A,N/A,N/A,6000,Não,,45786,Carro - Colisão ,Traumatismo,Partes Múltiplas,Alto,4,Alto,8 - Veículos e Equipamentos Móveis,Situação adversa não identificada,Estrutura da via compromete a segurança dos usuários em caso de erro humano,,,,,,,45786,
1,Próprio,Quase Acidente,Sim,Não,Eletrobras,Transmissão,Masculino,48,Acima de 10 anos,Sábado,10,5,2025,13:00 - 14:00,Via pública,Individual,Araraquara,SP,SE Araraquara,-21.786102,-48.168621999999999,VP Operações e Segurança,Operações,OOT.F - Produção da Transmissão,OOTM.F - Gerência Minas e Vitória,OOTMA.F - O&M Triângulo Mineiro T Sudeste,N/A,N/A,N/A,N/A,,,N/A,,,,,11,Médio,8 - Veículos e Equipamentos Móveis,Atenção das partes envolvidas,,,,,,,,45787,
1,Próprio,Quase Acidente,,Sim,Eletronorte,Transmissão,Masculino,39,Até 6 meses,Segunda - feira,12,5,2025,16:00 - 17:00,Empresa,Equipe,Porto Franco,MA,Via Pública,,,VP Operações e Segurança,Operações,Superintendência de Produção da Transmissão,Departamento Regional de Produção da transmissão ,,N/A,N/A,,,,,N/A,,,,,14,Baixo,6 - Linha de Perigo,,,,,,,,,45789,
1,Terceiro,Quase Acidente,,Não,CGT Eletrosul,CSC,Masculino,47,Até 6 meses,Segunda - feira,12,5,2025,17:00 - 18:00,Via pública,Individual,Tio Hugo ,SC,SE Gravataí ,-28.575579999999999,-52.594209999999997,VP Suprimentos e Serviços,VSS,NA ,Infra Estrutura Operações,"Gestão de Frotas, Transporte e Mobilidade ",NA,NA,NA,NA,Não,NA,NA,,,,,10,Médio,8 - Veículos e Equipamentos Móveis,,,,,,,,,45789,
1,Terceiro,Típico com afastamento,,Sim,CHESF,Transmissão,Masculino,27,6 meses a 1 ano,Terça- feira,13,5,2025,09:00 - 10:00,Empresa,Individual,Cabo de Santo Agostinho,PE,LT 04M1- RIB/RCD,-8.2727682338734105,-35.025394625146703,VP Operações e Segurança,Operações,OOT.C,OOTR.C,OOTRA.C,45790,45800,10,,,,,Golpeado por (atingido por objeto em movimento),Lesão,,Baixo,14,Baixo,8 - Veículos e Equipamentos Móveis,,,,,,,,,45790,
1,Terceiro,Típico sem afastamento,Não,Sim,Eletrobras,Geração - Hidráulica,Masculino,46,1 a 3 anos,Terça- feira,13,5,2025,11:00 - 12:00,Empresa,Individual,Pedregulho,SP,UHE Luiz Carlos Barreto de Carvalho,-20.155028999999999,-47.281723,VP Operações e Segurança,Operações,OOG.F - Produção da Geração,OOGM.F - Gerência de Minas Gerais,OOGMB.F - O&M Luiz Carlos Barreto G Sudeste,N/A,N/A,N/A,N/A,,,,,,,Baixo,14,Baixo,2 - Percepção de Risco,Falta de percepção de risco da atividade executada,,,,,,,,45790,
1,Próprio,Quase Acidente,,Sim,Eletronorte,Transmissão,Masculino,30,,Terça- feira,13,5,2025,19:00 - 20:00 ,Empresa,Equipe,Rondonópolis,MT,SE Rondonópolis,-16.472049999999999,-54.599159999999998,VP Operações e Segurança,Operações,Superintendência de Produção da Transmissão,Departamento Regional de Produção e Transmissão do Mato Grosso,Divisão de Produção da Transmissão de Rondonópolis,NA,NA,,0,Não,0,NA,,,,Baixo,14,Baixo,2 - Percepção de Risco,,,,,,,,,45790,
1,Terceiro,Típico sem afastamento,,Sim,Eletronorte,CSC,Feminino,,1 a 3 anos,Terça- feira,13,5,2025,08:00 - 09:00,Via pública,Individual,Tucuruí,PA,UHE Tucuruí,-3.79,-49.66,VP Suprimentos e Serviços,VSS,CSC,Infraestrutura de Operações,Operação de Facilites e Manutenção,N/A,N/A,0,0,Não,0,N/A,Queimadura,Queimadura Térmica ,Mão Esquerda,Baixo,15,Baixo,2 - Percepção de Risco,,,,,,,,,45790,
1,Terceiro,Típico sem afastamento,,Não,CGT Eletrosul,CSC,Masculino,44,Até 6 meses,Quarta - feira,14,5,2025,16:00 - 17:00,Empresa,Individual,Gravataí ,RS,SE Gravataí,-28.575579999999999,-52.594209999999997,VP Suprimentos e Serviços,VSS,NA ,Infra Estrutura Operações,Operação  de Facilites e Manutenção,NA,NA,NA,NA,Não,NA,NA,,,,Médio,10,Médio,2 - Percepção de risco,,,,,,,,,45791,
1,Terceiro,Quase Acidente,,Sim,Eletronorte,Adm,Feminino,39,1 a 3 anos,Quinta - feira,15,5,2025,13:00 - 14:00,Empresa,Individual,Marabá,PA,SE Marabá,-5.4,-49.07,VP Suprimentos e Serviços,VSS,Superintendência de Coordenação Regional do CSC Norte,Departamento de Infraestrutura de Serviços,,N/A,N/A,,,,,N/A,,,,,15,Baixo,2 - Percepção de Risco,,,,,,,,,45792,
1,Terceiro,Quase Acidente,,Sim,Eletronorte,CSC,Masculino,49,6 a 10 anos,Sexta-feira,16,5,2025,02:00 - 03:00,Empresa,Individual,Balsas,MA,SE Balsas,-7.55,-46.01,VP Suprimentos e Serviços,VSS,CSC,Infraestrutura de Operações,Gestão de Segurança,,,,,,,,,,,,4,Alto,Outros,,,,,,,,,45793,
1,Terceiro,Trajeto sem afastamento,,Sim,Eletronorte,Geração - Hidráulica,Masculino,,,Sexta-feira,19,9,2025,17:00 - 18:00,Via pública,Dupla,Tucuruí,PA,Via Pública - Rodovia Br 422,-3.79,-49.66,VP Operações e Segurança,Operações,Gerência Executiva  Produção de Geração Hidraulica,Seg Barragem Manut Civil P G Eletronorte,OO.N/ OOGTC.N,45920,,,,,,45923,Moto - Queda,Lesão,Partes Múltiplas,Médio,10,Médio,8 - Veículos e Equipamentos Móveis,,,,,,,,,45919,
1,Terceiro,Quase Acidente,,Sim,Eletronorte,Geração - Hidráulica,Feminino,25,1 a 3 anos,Segunda - feira,19,5,2025,07:00 - 08:00,Via pública,Individual,Tucuruí,PA,Entrada do Porto Montante / PA 263  - Em Frente ao Edificio de Comando UHE Tucuruí,-3.79,-49.66,VP Operações e Segurança,Operações, ,Operações de Meio Ambiente - OOAM.N,Meio Ambiente da Operação Eletronorte,N/A,N/A,,,,,N/A,,,,Baixo,15,Baixo,8 - Veículos e Equipamentos Móveis,,,,,,,,,45796,
1,Terceiro,Típico com afastamento,,Sim,CHESF,CSC,Masculino,40,3 a 6 anos,Terça- feira,20,5,2025,11:00 - 12:00,Empresa,Individual,Recife,PE,Sede Recife,-8.0635971547917507,-34.929949705626598,VP Suprimentos e Serviços,VSS,CSC,INFRA ESTRUTURA CORPORATIVA,GESTÃO DE FACILITES,45798,45806,8,,,,,Golpeado por (atingido por objeto em movimento),Lesão,Face,Médio,11,Médio,2 - Percepção de Risco,,,,,,,,,45797,
1,Próprio,Quase Acidente,Não,Não,Eletrobras,Geração - Hidráulica,Masculino,37,1 a 3 anos,Quarta - feira,21,5,2025,16:00 - 17:00,Empresa,Individual,Araporã,MG,UHE Itumbiara,-18.4078594,-49.099829300000003,VP Operações e Segurança,Operações,OOG.F - Produção da Geração,OOGG.F - Gerência de GO-DF,OOGGI.F - O&M Itumbiara,N/A,N/A,N/A,N/A,,N/A,N/A,,,,,11,Médio,2 - Percepção de Risco,Possível falha do redutor (ainda sob investigação e perícia do fornecedor da modernização do Pórtico),,,,,,,,45798,
1,Terceiro,Quase Acidente,Sim,Não,Eletrobras,CSC,Masculino,45,3 a 6 anos,Quarta - feira,21,5,2025,12:00- 13:00,Via pública,Individual,Caldas Novas,GO,UHE Corumbá,,,VP Suprimentos e Serviços,VSS,-,SSCIS - Gerência CSC Infraestrutura,SSCISO - Gestão de Manutenção e Obras,N/A,N/A,N/A,N/A,,N/A,N/A,,,,,13,Médio,8 - Veículos e Equipamentos Móveis,Interferência no cabeamento aéreo pela Carga (empilhadeira) Transportado por Caminhão,,,,,,,,45798,
1,Terceiro,Típico sem afastamento,Não,Sim,Eletrobras,Geração - Hidráulica,Masculino,38,Até 6 meses,Quinta - feira,22,5,2025,15:00 - 16:00,SPE,Individual,Porto Velho,RO,UHE Santo Antonio (SPE),-8.81481623558272,-63.969833974509697,VP Operações e Segurança,Operações,-,GO - Gerência de Operação,COG,N/A,N/A,N/A,N/A,,N/A,45800,Atingido entre ou abaixo (esmagado ou amputado),Amputação Traumática,Dedo da mão Direita,Baixo,16,Baixo,2 - Percepção de Risco,Posicionar a mão na linha de perigo,Procedimento de manutenção não detalha a etapa de inspeção dos porões,Não utilização de EPI,Falha de comunicação,Falta de atenção,,,,45799,
1,Próprio,Quase acidente,Sim,Não,Eletrobras,Transmissão,Masculino,36,Acima de 10 anos,Quinta - feira,22,5,2025,13:00 - 14:00,Via pública,Individual,Guarapari,ES,SE Vitória,-20.672789000000002,-40.499476000000001,VP Operações e Segurança,Operações,OOT.F - Produção da Transmissão,OOTM.F - Gerência Minas e Vitória,OOTMB.F - O&M Espírito Santo T Sudeste,N/A,N/A,N/A,N/A,,N/A,N/A,,,,Baixo,11,Médio,8 - Veículos e Equipamentos Móveis,Situação adversa,Visibilidade do cruzamento comprometida,,,,,,,45799,
1,Terceiro,Típico sem afastamento,Não,Sim,Eletrobras,CSC,Feminino,45,6 meses a 1 ano,Sexta-feira,23,5,2025,14:00 - 15:00,Empresa,Individual,Barro Alto,GO,SE Barro Alto,-15.119166999999999,-48.925277999999999,VP Suprimentos e Serviços,VSS,-,SSCIS - Gerência CSC Infraestrutura,SSCISO - Gestão de Manutenção e Obras,N/A,N/A,N/A,N/A,,N/A,45805,Produto ou Substância Química,Intoxicação,Face,Baixo,11,Médio,10 - Produtos Químicos Perigosos,(em investigação),,,,,,,,45800,
1,Próprio,Quase Acidente,Não,Não,Eletrobras,Transmissão,Masculino,48,6 a 10 anos,Sexta-feira,23,5,2025,18:00 - 19:00 ,Via pública,Individual,São José do Rio Preto,SP,UHE Marimbondo,-20.8064129855502,-49.356095001917403,VP Operações e Segurança,Operações,OOT.F - Produção da Transmissão,OOTM.F - Gerência Minas e Vitória,OOTMA.F - O&M Triângulo Mineiro T Sudeste,N/A,N/A,N/A,N/A,,N/A,N/A,,,,,11,Médio,8 - Veículos e Equipamentos Móveis,Ausência da distância de segurança em relação ao veículo a frente,,,,,,,,45800,
1,Terceiro,Quase Acidente,Não,Não,Eletrobras,Geração - Hidráulica,Masculino,39,Até 6 meses,Segunda - feira,26,5,2025,15:00 - 16:00,SPE,Individual,Porto Velho,RO,UHE Santo Antonio (SPE),-8.81481623558272,-63.969833974509697,VP Operações e Segurança,Operações,-,,,N/A,N/A,N/A,N/A,,N/A,N/A,,,,,14,Baixo,9 - Trabalho a Quente,Não desligou o equipamento ao mudar o ponto de pega da ferramenta,Distração no momento do evento,,,,,,,45803,
1,Terceiro,Típico sem afastamento,,Sim,CGT Eletrosul,CSC,Masculino,40,6 meses a 1 ano,Terça- feira,27,5,2025,08:00 - 09:00,Empresa,Individual,Biguaçu ,SC,SE Biguaçu ,-27.495290000000001,-48.655160000000002,VP Suprimentos e Serviços,VSS,NA ,Infra Estrutura Corporativa,Gestão de Manutenção e Obras ,NA,NA,NA,NA,Não,NA,NA,,,,Médio,11,Médio,2 - Percepção de Risco,,,,,,,,,45804,
1,Próprio,Trajeto com afastamento,Não,Sim,Eletrobras,Transmissão,Masculino,49,Acima de 10 anos,Terça- feira,27,5,2025,07:00 - 08:00,Via pública,Individual,Cachoeira Paulista,SP,SE Cachoeira Paulista,-22.6322517122933,-45.0272801979376,VP Operações e Segurança,Operações,OOT.F - Produção da Transmissão,OOTR.F - Gerência Rio de Janeiro,OOTRC.F - O&M Cachoeira,45805,45819,14,0,,,45819,Moto - Queda,Fratura,Tórax,Médio,4,Alto,8 - Veículos e Equipamentos Móveis,Tráfego de animal pela via,,,,,,,,45804,
1,Terceiro,Quase Acidente,,Sim,CHESF,Logistica,Masculino,31,1 a 3 anos,Quarta - feira,28,5,2025,14:00 - 15:00,Empresa,Equipe,Abreu e Lima,PE,Almoxarifado Abreu e Lima,-7.9057424552485402,-34.903874050718798,VP Suprimentos e Serviços,VSS,CSC,CSC,CSC,,,,,,,,Golpeado por (atingido por objeto em movimento),Sem Lesões,,,15,Baixo,2 - Percepção de Risco,,,,,,,,,45805,
1,Terceiro,Trajeto com afastamento,Não,Sim,Eletrobras,CSC,Feminino,43,1 a 3 anos,Quarta - feira,28,5,2025,17:00 - 18:00,SPE,Individual,Porto Velho,RO,UHE Santo Antonio (SPE),-8.7631797056611695,-63.864676236923003,VP Suprimentos e Serviços,VSS,-,GA - Gerência Administrativa,-,45806,45808,3,0,Não,0,45828,Moto - Queda,"Escoriação, Abrasão",Tórax,Baixo,7,Alto,8 - Veículos e Equipamentos Móveis,Acidente de Trajeto,,,,,,,,45805,
1,Próprio,Quase Acidente,,Sim,Eletronorte,Transmissão,Masculino,47,6 a 10 anos,Quinta - feira,29,5,2025,07:00 - 08:00,Empresa,Individual,Imperatriz,MA,SE Imperatriz,-5.4222000000000001,-47.47316,VP Operações e Segurança,Operações,Superintendência de Produção da Transmissão,Departamento Regional de Produção e Transmissão do Maranhão e Tocantins,Divisão de Produção e Trasmissão de Imperatriz,N/A,N/A,,,,,N/A,,,,Baixo,13,Médio,2 - Percepção de Risco,,,,,,,,,45806,
1,Terceiro,Típico com afastamento,,Sim,Eletronorte,Geração - Hidráulica,Masculino,> 60,Até 6 meses,Quinta - feira,29,5,2025,16:00 - 17:00,Empresa,Equipe,Santarém,PA,UHE Curuá-Una,-2.81,-54.29,VP Operações e Segurança,Operações,Gerência Executiva  Produção de Geração Hidraulica,Diretoria de Operação e Manuteção - OO.N ,,45806,45811,4,0,Sim,1,45810,Queda com diferença de nível,,Partes Múltiplas,Médio,8,Alto,2 - Percepção de Risco,,,,,,,,,45806,
1,Terceiro,Quase Acidente,,Sim,CHESF,CSC,Masculino,42,1 a 3 anos,Sábado,31,5,2025,22:00 - 23:00 ,Via pública,Individual,Nossa Senhora do Socorro,SE,SE Jardim,-10.8747433644415,-37.146074189299298,VP Suprimentos e Serviços,VSS,CSC,INFRA ESTRUTURA OPERAÇÕES,"GESTÃO DE FROTAS, TRANSPORTE E MOBILIDADE",,,,,,,,Animal,Sem Lesões,,,14,Baixo,8 - Veículos e Equipamentos Móveis,,,,,,,,,45808,
1,Terceiro,Trajeto com afastamento,,Sim,CHESF,CSC,Masculino,22,6 meses a 1 ano,Quinta - feira,2,6,2025,06:00 - 07:00,Via pública,Individual,Campina Grande,PB,SE Campina Grande II,-7.2659799999999999,-35.908569999999997,VP Suprimentos e Serviços,VSS,CSC,INFRA ESTRUTURA OPERAÇÕES,OPERAÇÃO DE FACILITES E MANUTENÇÃO,45810,45813,3,,,,,Moto - Queda,Luxação,Joelho,Médio,9,Médio,8 - Veículos e Equipamentos Móveis,,,,,,,,,45810,
1,Terceiro,Quase Acidente,,Não,CGT Eletrosul,Transmissão,Masculino,24,6 a 10 anos,Segunda - feira,2,6,2025,09:00 - 10:00,Empresa,Individual,Gravataí ,RS,SE Gravataí,-28.575579999999999,-52.594209999999997,VP Operações e Segurança,Operações,OOG.S - Produção de Geração e Transmissão,OOGS.S - Produção de Geração e Transmissão Gerência Sul,NA,NA,NA,,NA,Não,NA,NA,,,,,11,Médio,4 - Eletricidade,,,,,,,,,45810,
1,Terceiro,Quase Acidente,,Sim,CHESF,Transmissão,Masculino,38,1 a 3 anos,Terça- feira,3,6,2025,08:00 - 09:00,Empresa,Equipe,Jatobá,PE, LT 04F1 TAT/PAF,-9.1835020402898095,-38.269127423262603,VP Operações e Segurança,Operações,OOT,OOTBB.C,OOTBB.C,,,,,,,,Outros,Sem Lesões,,,10,Médio,3 - Trabalho em Altura,,,,,,,,,45811,
1,Terceiro,Quase Acidente,,Sim,CHESF,CSC,Masculino,58,Até 6 meses,Segunda - feira,3,6,2025,11:00 - 12:00,Via pública,Individual,Paulo Afonso,BA,UPA,-9.4015005214103002,-38.221973055614903,VP Suprimentos e Serviços,VSS,CSC,INFRA ESTRUTURA OPERAÇÕES,GESTÃO DE SEGURANÇA,,,,,,,,Moto - Queda,Sem Lesões,,,15,Baixo,8 - Veículos e Equipamentos Móveis,,,,,,,,,45811,
1,Terceiro,Quase Acidente,Sim,Não,Eletrobras,Transmissão,Masculino,52,3 a 6 anos,Terça- feira,3,6,2025,14:00 - 15:00,Via pública,Individual,Uberlândia,MG,"BR 050, km 122",-19.324611000000001,-48.102888999999998,VP Operações e Segurança,Operações,OOT.F - Produção da Transmissão,OOTG.F - Gerência Goiás,OOTGA.F - Man. Eletromec Brasília,N/A,N/A,N/A,N/A,,N/A,N/A,,,,,4,Alto,8 - Veículos e Equipamentos Móveis,(em investigação),,,,,,,,45811,
1,Terceiro,Quase Acidente,Sim,Não,Eletrobras,CSC,Masculino,> 60,3 a 6 anos,Terça- feira,3,6,2025,11:00 - 12:00,Empresa,Individual,Fronteira,MG,UHE Marimbondo,-20.303055556303999,-49.198333333332997,VP Suprimentos e Serviços,VSS,-,SSCIS - Gerência CSC Infraestrutura,SSCISO - Gestão de Manutenção e Obras,N/A,N/A,N/A,N/A,,N/A,N/A,,,,,14,Baixo,8 - Veículos e Equipamentos Móveis,Veículos parados muito próximos um ao outro,Falta de sinalização (cones/pisca-alerta) em torno do caminhão,Falta de atenção em relação aos procedimentos de sinalização de atividades,Veículo estacionado em função de parada de curta duração,,,,,45811,
1,Terceiro,Trajeto com afastamento,,Sim,Eletronorte,CSC,Feminino,40,6 meses a 1 ano,Quarta - feira,4,6,2025,16:00 - 17:00,Via pública,Individual,Imperatriz,MA,SE Imperatriz,-5.4222000000000001,-47.47316,VP Suprimentos e Serviços,VSS,CSC,Infraestrutura de Operações,Operação de Facilites e Manutenção,45812,45814,1,0,Não,0,45819,Veículo rodoviário motorizado,"Escoriação, Abrasão",Partes Múltiplas,Médio,5,Alto,8 - Veículos e Equipamentos Móveis,,,,,,,,,45812,
1,Próprio,Quase Acidente,Sim,Sim,CHESF,Transmissão,Masculino,53,Acima de 10 anos,Quinta - feira,5,6,2025,07:00 - 08:00,Via pública,Individual,Aracaju,SE,Via Pública,-10.916131999999999,-37.076411,VP Operações e Segurança,Operações,OOT,OOTS.C,OOTSA.C,,,,,,,,Carro - Colisão ,Sem Lesões,,,10,Médio,8 - Veículos e Equipamentos Móveis,,,,,,,,,45813,
1,Próprio,Quase Acidente,Não,Não,Eletrobras,Transmissão,Masculino,46,Acima de 10 anos,Quinta - feira,5,6,2025,15:00 - 16:00,Área rural,Equipe,Poços de Caldas,MG,LT 500kV Araraquara - Poços de Caldas - torre 414,-21.773610999999999,-46.634444000000002,VP Operações e Segurança,Operações,OOT.F - Produção da Transmissão,OOTM.F - Gerência Minas e Vitória,OOTMC.F - Man. Minas,N/A,N/A,N/A,N/A,,N/A,N/A,,,,,4,Alto,6 - Linha de Perigo,(em investigação),,,,,,,,45813,
1,Terceiro,Trajeto com afastamento,,Sim,CHESF,CSC,Masculino,> 60,3 a 6 anos,Sexta-feira,6,6,2025,18:00 - 19:00 ,Via pública,Individual,Mossoró,RN,Via Pública,-5.1658410000000003,-37.352542,VP Suprimentos e Serviços,VSS,CSC,INFRA ESTRUTURA OPERAÇÕES,GESTÃO DE SEGURANÇA,45814,45829,15,,,,,Moto - Colisão,Lesão,,Médio,5,Alto,8 - Veículos e Equipamentos Móveis,,,,,,,,,45814,
1,Terceiro,Trajeto com afastamento,Não,Sim,Eletrobras,CSC,Feminino,45,Até 6 meses,Segunda - feira,9,6,2025,17:00 - 18:00,Via pública,Individual,Campos dos Goytacazes,RJ,SE Campos,-21.725546600000001,-41.322909299999999,VP Suprimentos e Serviços,VSS,-,SSCIS - Gerência CSC Infraestrutura,SSCISO - Gestão de Manutenção e Obras,45818,45827,9,0,Não,,45818,Moto - Queda,Lesão,Perna Direita,Baixo,15,Baixo,8 - Veículos e Equipamentos Móveis,Cachorro atravessando de forma inesperada,,,,,,,,45817,
1,Terceiro,Trajeto com afastamento,,Sim,Eletronorte,CSC,Masculino,32,1 a 3 anos,Segunda - feira,9,6,2025,07:00 - 08:00,Via pública,Individual,Ji-Paraná,RO,Via Pública,-10.92015,-61.900734,VP Suprimentos e Serviços,VSS,CSC,Infraestrutura de Operações,Operação de Facilites e Manutenção,45818,45821,4,0,Não,0,45820,Moto - Queda,"Distensão, Torção",Partes Múltiplas,Médio,10,Médio,8 - Veículos e Equipamentos Móveis,,,,,,,,,45817,
1,Próprio,Quase Acidente,,Sim,CHESF,Transmissão,Masculino,48,Acima de 10 anos,Segunda - feira,9,6,2025,07:00 - 08:00,Via pública,Individual,Lauro de Freitas,BA,Avenida Santos Dumont,-12.858819,-38.338152000000001,VP Operações e Segurança,Operações,OOM.C,OOMS.C,OOMS.C,,,,,,,,Carro - Colisão ,Sem Lesões,,,10,Médio,8 - Veículos e Equipamentos Móveis,,,,,,,,,45817,
1,Terceiro,Trajeto com afastamento,,Sim,Eletronorte,CSC,Masculino,43,3 a 6 anos,Segunda - feira,9,6,2025,15:00 - 16:00,Via pública,Individual,Rio Branco,AC,UTE Rio Branco I,-9.9656000000000002,-67.791899999999998,VP Suprimentos e Serviços,VSS,CSC,Infraestrutura de Operações,Operação de Facilites e Manutenção,45817,45819,2,,,,,Moto - Queda,Lesão,Partes Múltiplas,Médio,9,Médio,8 - Veículos e Equipamentos Móveis,,,,,,,,,45817,
1,Terceiro,Quase Acidente,Sim,Não,Eletrobras,CSC,Feminino,49,Até 6 meses,Terça- feira,10,6,2025,12:00- 13:00,Via pública,Individual,Planura,MG,UHE Porto Colômbia,-20.142931999999998,-48.676718000000001,VP Suprimentos e Serviços,VSS,-,SSCIS - Gerência CSC Infraestrutura,"SSCIST - Gestão de Frotas, Transporte e Mobilidade",N/A,N/A,N/A,N/A,,N/A,N/A,,,,,11,Médio,8 - Veículos e Equipamentos Móveis,Ausência da comunicação da motorista ao representante da Imaster sobre o defeito na direção veicular do ônibus,Ausência da lista de verificação para o veículo (check-list veicular) diariamente para a verificação do veículo,,,,,,,45818,
1,Terceiro,Típico com afastamento,Não,Sim,Eletrobras,CSC,Feminino,50,1 a 3 anos,Terça- feira,10,6,2025,14:00 - 15:00,Empresa,Individual,Planura,MG,UHE Porto Colômbia,-20.127773000000001,-48.571841999999997,VP Suprimentos e Serviços,VSS,-,SSCIS - Gerência CSC Infraestrutura,SSCISO - Gestão de Manutenção e Obras,45819,45820,1,0,Não,,45819,Queda mesmo nível,Luxação,Perna Esquerda,Baixo,14,Baixo,2 - Percepção de Risco,Falta de atenção,,,,,,,,45818,
1,Terceiro,Típico sem afastamento,,Sim,Eletronorte,CSC,Masculino,38,1 a 3 anos,Terça- feira,10,6,2025,14:00 - 15:00,Área rural,Equipe,Presidente Figueiredo,AM,Vila de Balbina ( Estação de Tratamento de àgua),-1.9,-59.48,VP Suprimentos e Serviços,VSS,CSC,Infraestrutura Corporativa,Gestão de Manutenção e Obra,N/A,N/A,,,,,,,,,Baixo,15,Baixo,2 - Percepção de Risco,,,,,,,,,45818,
1,Próprio,Trajeto com afastamento,Não,Sim,Eletrobras,Transmissão,Masculino,47,Até 6 meses,Terça- feira,10,6,2025,18:00 - 19:00 ,Via pública,Individual,Serra,ES,SE Vitória,-20.136535258873302,-40.437181232448602,VP Operações e Segurança,Operações,OOT.F - Produção da Transmissão,OOTM.F - Gerência Minas e Vitória,OOTMB.F - O&M Espírito Santo T Sudeste,45820,45835,15,0,Não,,45821,Moto - Colisão,"Distensão, Torção",Partes Múltiplas,Médio,4,Alto,8 - Veículos e Equipamentos Móveis,Situação adversa,,,,,,,,45818,
1,Terceiro,Quase Acidente,Sim,Não,Eletrobras,CSC,Masculino,22,3 a 6 anos,Quarta - feira,11,6,2025,11:00 - 12:00,Via pública,Individual,Araraquara,SP,UHE Marimbondo,-21.806583,-48.177138999999997,VP Suprimentos e Serviços,VSS,-,SSCIS - Gerência CSC Infraestrutura,SSCISO - Gestão de Manutenção e Obras,N/A,N/A,N/A,N/A,,N/A,N/A,,,,,14,Baixo,8 - Veículos e Equipamentos Móveis,Ausência da sinalização (luzes de advertência) por parte do condutor Nissan (FRM-79866),Pressa do condutor do veículo Nissan (FRM7866) ao realizar a manobra a esquer,Falta de atenção dos condutores do veículo Nissan (FRM7866) na observação do tráfego dos veículos na pista da esquerda,,,,,,45819,
1,Terceiro,Típico sem afastamento,,Não,CGT Eletrosul,CSC,Masculino,27,Até 6 meses,Quarta - feira,11,6,2025,10:00 - 11:00,Empresa,Individual,Londrina ,PR,SE Londrina ,-23.316839999999999,-51.16337,VP Suprimentos e Serviços,VSS,NA ,Infra Estrutura Operações,Operação  de Facilites e Manutenção,NA,NA,,NA,Não,NA,45821,Metal,ferimento superificial,Pé,Baixo,11,Médio,2 - Percepção de risco,,,,,,,,,45819,
1,Terceiro,Trajeto sem afastamento,,Sim,Eletronorte,Geração - Hidráulica,Masculino,,,Sexta-feira,19,9,2025,17:00 - 18:00,Via pública,Dupla,Tucuruí,PA,Via Pública - Rodovia Br 422,-3.79,-49.66,VP Operações e Segurança,Operações,Gerência Executiva  Produção de Geração Hidraulica,Seg Barragem Manut Civil P G Eletronorte,OO.N/ OOGTC.N,45920,45920,0,0,Não,0,45921,Moto - Queda,Luxação,Braço Direito,Médio,10,Médio,8 - Veículos e Equipamentos Móveis,,,,,,,,,45919,
1,Terceiro,Quase Acidente,,Sim,Eletronorte,CSC,Masculino,32,3 a 6 anos,Quinta - feira,12,6,2025,15:00 - 16:00,Empresa,Dupla,Altamira,PA,Se Altamira,-3.2,-52.2,VP Suprimentos e Serviços,VSS,CSC,Infraestrutura de Operações,"Gestão de Frotas, Transporte e Mobilidade","Gestão de Frotas, Transporte e Mobilidade",N/A,0,0,Não,0,N/A,,,,,14,Baixo,2 - Percepção de Risco,,,,,,,,,45820,
1,Terceiro,Quase Acidente,,Sim,Eletronorte,CSC,Masculino,46,1 a 3 anos,Quinta - feira,12,6,2025,15:00 - 16:00,Empresa,Dupla,Altamira,PA,Se Altamira,-3.2,-52.2,VP Suprimentos e Serviços,VSS,CSC,Infraestrutura de Operações,"Gestão de Frotas, Transporte e Mobilidade",N/A,N/A,0,0,Não,0,N/A,,,,,14,Baixo,2 - Percepção de Risco,,,,,,,,,45820,
1,Terceiro,Quase Acidente,,Sim,CHESF,CSC,Masculino,35,Até 6 meses,Quinta - feira,12,6,2025,07:00 - 08:00,Via pública,Individual,Milagres,CE,Rodovia estadual,-7.2829465086659102,-39.222530944431803,VP Suprimentos e Serviços,VSS,CSC,INFRA ESTRUTURA OPERAÇÕES,"GESTÃO DE FROTAS, TRANSPORTE E MOBILIDADE",,,,,,,,Carro - Atropelamento,Sem Lesões,,,14,Baixo,8 - Veículos e Equipamentos Móveis,,,,,,,,,45820,
1,Terceiro,Trajeto sem afastamento,Não,Sim,Eletrobras,CSC,Feminino,28,1 a 3 anos,Quinta - feira,12,6,2025,16:00 - 17:00,SPE,Individual,Porto Velho,RO,UHE Santo Antonio (SPE),-8.81481623558272,-63.969833974509697,VP Operações e Segurança,Operações,-,COG,-,N/A,N/A,N/A,N/A,,N/A,45820,Queda mesmo nível,Lesão,Tórax,Baixo,14,Baixo,2 - Percepção de Risco,PISO CERAMICA (LISO/NÃO INDUSTRIAL),RETORNO PARA AREA OPERACIONAL SEM ULTILIZAÇÃO DOS EPI INDICADOS PELA EMPRESA,OCORRENCIA DE INCIDENTE DE QUEDA DE MESMO NIVEL,,,,,,45820,
1,Terceiro,Trajeto sem afastamento,,Não,CGT Eletrosul,CSC,Masculino,44,1 a 3 anos,Sexta-feira,13,6,2025,06:00 - 07:00,Empresa,Individual,Joinville ,SC,SE Joinville,-26.297519999999999,-48.820140000000002,VP Suprimentos e Serviços,VSS,NA ,Infra Estrutura Operações,Operação  de Facilites e Manutenção,NA,NA,,NA,Não,NA,NA,,,,Médio,10,Médio,8 - Veículos e Equipamentos Móveis,,,,,,,,,45821,
1,Terceiro,Quase Acidente,,Sim,CHESF,Adm,Masculino,53,Até 6 meses,Sexta-feira,13,6,2025,16:00 - 17:00,Via pública,Individual,Recife,PE,BR 232 – Curado – Recife-PE,-8.0635971547917507,-34.929949705626598,"VP Gente, Gestão e Cultura",Outros,GCSST.C,GCSST.C,GCSST.C,,,,,,,,Carro - Colisão ,Sem Lesões,,,10,Médio,8 - Veículos e Equipamentos Móveis,,,,,,,,,45821,
1,Terceiro,Quase Acidente,,Sim,CHESF,Logistica,Masculino,20,1 a 3 anos,Quarta - feira,11,6,2025,16:00 - 17:00,Empresa,Individual,Dias D´Ávila,BA,Almoxarifado de Camaçari,-12.620089999999999,-38.343640000000001,VP Suprimentos e Serviços,VSS,SSL,SSLG.C,SSLGB.C,,,,,,,,Atingido por (pontos agudos ou cortantes),Sem Lesões,,,8,Alto,Outros,,,,,,,,,45819,
1,Terceiro,Trajeto com afastamento,,Sim,CHESF,Adm,Masculino,53,1 a 3 anos,Sábado,14,6,2025,07:00 - 08:00,Via pública,Individual,Paulo Afonso,BA,Via Pública,-9.4015005214103002,-38.221973055614903,VP Operações e Segurança,Operações,OOA.C,OOAM.C,OOAM.C,45822,45828,6,,,,,Moto - Colisão,Lesão,,Médio,11,Médio,8 - Veículos e Equipamentos Móveis,,,,,,,,,45822,
1,Próprio,Quase Acidente,,Não,CGT Eletrosul,Transmissão,NA ,,N/A,Domingo,15,6,2025,08:00 - 09:00,Empresa,Equipe,Forquilhinhas,SC,Divisão Capivari de Baixo ,-28.751550000000002,-49.471409999999999,VP Operações e Segurança,Operações,OOG.S - Produção de Geração e Transmissão,OOGS.S - Produção de Geração e Transmissão Gerência Norte,OOGNB.S - Divisão de Produção e Transmissão Capivari de Baixo,NA,NA,,NA,Não,NA,NA,,,,,10,Médio,2 - Percepção de risco,,,,,,,,,45823,
247,Terceiro,Quase Acidente,,Sim,CHESF,Geração - Hidráulica,Masculino,42,1 a 3 anos,Segunda - feira,16,6,2025,16:00 - 17:00,Empresa,Equipe,Canindé de São Francisco,SE,Usina de Xingó,-9.6203761653190707,-37.792745817155399,VP Operações e Segurança,Operações,OO.C , OOG.C , OOGXI.C ,,,,,,,,Outros,Sem Lesões,,,15,Baixo,8 - Veículos e Equipamentos Móveis,,,,,,,,,45824,
301,Terceiro,Quase Acidente,,Sim,CHESF,Transmissão,Masculino,34,1 a 3 anos,Terça - feira,23,9,2025,08:00 - 09:00,Área rural,Equipe,Santana dos Matos,RN," LT 03C2 SMDACD, estrutura 12/2",-5.9504299999999999,-36.652149999999999,VP Operações e Segurança,Operações,OOT.C,OOTR.C,OOTRN.C,,,,,,,,Animal,Sem Lesões,Partes Múltiplas,,14,Baixo,2 - Percepção de Risco,,,,,,,,,45923,
1,Terceiro,Trajeto com afastamento,Não,Sim,Eletrobras,Geração - Hidráulica,Masculino,41,1 a 3 anos,Segunda - feira,16,6,2025,06:00 - 07:00,SPE,Individual,Porto Velho,RO,UHE Santo Antonio (SPE),-8.7713357115408908,-63.862161303403802,VP Operações e Segurança,Operações,-,GMA - Gerencia de Manutenção de Auxiliares,-,45825,45839,15,0,Não,,,,,,Médio,7,Alto,8 - Veículos e Equipamentos Móveis,Descumprimento da legislação de trânsito,Veículo estacionado de forma irregular,Falta de visibilidade da via preferencial,,,,,,45824,
1,Terceiro,Quase Acidente,Sim,Sim,CHESF,CSC,Masculino,32,Até 6 meses,Terça- feira,17,6,2025,16:00 - 17:00,Empresa,Equipe,Recife,PE,Sede Recife,-8.0635971547917507,-34.929949705626598,VP Suprimentos e Serviços,VSS,CSC,INFRA ESTRUTURA OPERAÇÕES,"GESTÃO DE FROTAS, TRANSPORTE E MOBILIDADE",,,,,,,,Carro - Colisão ,Sem Lesões,,,15,Baixo,8 - Veículos e Equipamentos Móveis,,,,,,,,,45825,
1,Próprio,Quase Acidente,Não,Não,Eletrobras,Transmissão,Masculino,34,1 a 3 anos,Quarta - feira,18,6,2025,10:00 - 11:00,Área rural,Equipe,Caconde,SP,LT 345kV Furnas – Poços de Caldas 2 / torre 241,-21.54,-46.517499999999998,VP Operações e Segurança,Operações,OOT.F - Produção da Transmissão,OOTM.F - Gerência Minas e Vitória,OOTMC.F - Man. Minas,N/A,N/A,N/A,N/A,,N/A,N/A,,,,,11,Médio,2 - Percepção de Risco,(em investigação),,,,,,,,45826,
1,Próprio,Típico sem afastamento,,Sim,CHESF,Geração - Hidráulica,Masculino,49,Acima de 10 anos,Quarta - feira,18,6,2025,14:00 - 15:00,Empresa,Individual,Paulo Afonso,BA,UPA,-9.4015005214103002,-38.221973055614903,VP Operações e Segurança,Operações,OOG,OOG.C,OOGPA.C,,,,,,,,Queimadura,Lesão,Mão Esquerda,Baixo,15,Baixo,2 - Percepção de Risco,,,,,,,,,45826,
1,Terceiro,Quase Acidente,,Sim,CHESF,CSC,Masculino,37,3 a 6 anos,Quarta - feira,18,6,2025,13:00 - 14:00,Empresa,Individual,Recife,PE,Sede Recife - Anexo V,-8.0635971547917507,-34.929949705626598,VP Suprimentos e Serviços,VSS,CSC,INFRA ESTRUTURA CORPORATIVA,GESTÃO DE MANUTENÇÃO E OBRAS,,,,,,,,Atingido por (pontos agudos ou cortantes),Sem Lesões,,,15,Baixo,2 - Percepção de Risco,,,,,,,,,45826,
1,Próprio,Trajeto com afastamento,Não,Sim,Eletrobras,Transmissão,Masculino,27,1 a 3 anos,Sexta-feira,20,6,2025,07:00 - 08:00,Via pública,Individual,Brasília,DF,SE Brasília Geral,-15.836935,-48.090502000000001,VP Operações e Segurança,Operações,OOT.F - Produção da Transmissão,OOTG.F - Gerência Goiás,OOTGB.F - Man. Eletroele. Brasília,45829,45833,5,0,Não,,45833,Carro - Atropelamento,Lesão,Partes Múltiplas,Baixo,4,Alto,8 - Veículos e Equipamentos Móveis,(em investigação),,,,,,,,45828,
1,Terceiro,Típico com afastamento,,Sim,CHESF,Geração - Hidráulica,Masculino,53,1 a 3 anos,Sexta-feira,20,6,2025,11:00 - 12:00,Empresa,Individual,Jequié,BA,UHE de Pedra,-13.8686712689786,-40.235393661309899,VP Operações e Segurança,Operações,OOG,OOG.C,OOGSF.C,45828,45830,2,,,,,Eletricidade,Lesão,Braço Direito,Médio,4,Alto,4 - Eletricidade,,,,,,,,,45828,
1,Próprio,Quase Acidente,Não,Não,Eletrobras,Transmissão,,,,Sexta-feira,20,6,2025,10:00 - 11:00,Empresa,Equipe,Foz do Iguaçu,PR,SE Foz do Iguaçu,,,VP Operações e Segurança,Operações,OOT.F - Produção da Transmissão,OOTP.F - Gerência Parana e São Roque,OOTPC.F - Man. Foz do Iguaçu,N/A,N/A,N/A,N/A,,N/A,N/A,,,,,15,Baixo,7 - Bloqueio e Proteção,(em investigação),,,,,,,,45828,
1,Próprio,Quase Acidente,,Sim,Eletronorte,Transmissão,Masculino,34,Até 6 meses,Domingo,22,6,2025,14:00 - 15:00,,Dupla,Altamira,PA,Se Altamira,-3.2,-52.2,VP Operações e Segurança,Operações,Superintendência de Produção da Transmissão,Departamento Regional de Produção da transmissão ,OOTNA.N,N/A,N/A,0,0,Não,0,N/A,,,,,15,Baixo,2 - Percepção de Risco,,,,,,,,,45830,
1,Próprio,Quase Acidente,,Sim,Eletronorte,Transmissão,Masculino,35,Até 6 meses,Domingo,22,6,2025,14:00 - 15:00,,Dupla,Altamira,PA,Se Altamira,-3.2,-52.2,VP Operações e Segurança,Operações,Superintendência de Produção da Transmissão,Departamento Regional de Produção da transmissão ,OOTNA.N,N/A,N/A,0,0,Não,0,N/A,,,,Baixo,15,Baixo,2 - Percepção de Risco,,,,,,,,,45830,
1,Próprio,Típico com afastamento,,Sim,Eletronorte,Transmissão,Masculino,48,6 a 10 anos,Domingo,22,6,2025,09:00 - 10:00,Empresa,Dupla,Imperatriz,MA,SE Imperatriz,-5.4222000000000001,-47.47316,VP Operações e Segurança,Operações,Superintendência de Produção da Transmissão,Departamento Regional de Produção da transmissão ,Divisão de Produção e Trasmissão de Imperatriz,45799,43973,2,0,Sim,23,45833,Ferramenta Manual,Fratura,Mão Direita,Médio,11,Médio,2 - Percepção de Risco,,,,,,,,,45830,
1,Terceiro,Típico sem afastamento,Sim,Sim,Eletrobras,CSC,Masculino,36,Até 6 meses,Terça- feira,24,6,2025,08:00 - 09:00,Empresa,Individual,Chapada dos Guimarães,MT,UHE Manso,-14.871389000000001,-55.785556,VP Suprimentos e Serviços,VSS,-,SSCIS - Gerência CSC Infraestrutura,SSCISS - Gestão de Segurança,N/A,N/A,N/A,N/A,Não,N/A,45832,Moto - Queda,"Escoriação, Abrasão",Mão Esquerda,Baixo,14,Baixo,8 - Veículos e Equipamentos Móveis,Relação moto ronda / pavimento ,,,,,,,,45832,
1,Terceiro,Trajeto com afastamento,,Sim,Eletronorte,Geração - Hidráulica,Masculino,48,1 a 3 anos,Terça- feira,24,6,2025,06:00 - 07:00,Via pública,Individual,Presidente Figueiredo,AM,Vila de Balbina (KM 09 - Ramal da Morena),-1.9,-59.48,VP Operações e Segurança,Operações,Diretoria de Operação e Manutenção - PR.NO,Gerência de Gestão de Condicionantes - OOAMG.N,,45832,45834,2,0,Sim,8,,,,,Médio,11,Médio,8 - Veículos e Equipamentos Móveis,,,,,,,,,45832,
1,Próprio,Quase Acidente,,Sim,CHESF,Transmissão,Masculino,46,Acima de 10 anos,Quarta - feira,25,6,2025,12:00- 13:00,Via pública,Individual,Juazeiro,BA,BR 407,-9.4799108389318203,-40.476853992530003,VP Operações e Segurança,Operações,OOT,OOTB.C,OOTBA.C,,,,,,,,Carro - Colisão ,Sem Lesões,,,5,Alto,8 - Veículos e Equipamentos Móveis,,,,,,,,,45833,
1,Terceiro,Quase Acidente,,Sim,CHESF,CSC,Masculino,44,6 meses a 1 ano,Sexta-feira,20,6,2025,13:00 - 14:00,Empresa,Individual,Recife,PE,COS,-8.0635971547917507,-34.929949705626598,VP Suprimentos e Serviços,VSS,CSC,INFRA ESTRUTURA OPERAÇÕES,GESTÃO DE SEGURANÇA,,,,,,,,Queda com diferença de nível,"Distensão, Torção",,Médio,11,Médio,Outros,,,,,,,,,45828,
1,Terceiro,Desvio Crítico,,Sim,CHESF,CSC,Masculino,22,Até 6 meses,Segunda - feira,10,11,2025,14:00 - 15:00,Empresa,Individual,Guadalupe,PI,Usina Boa Esperança,-6.7489999668621898,-43.566127559099698,VP Suprimentos e Serviços,VSS,CSC,INFRA ESTRUTURA OPERAÇÕES,OPERAÇÃO DE FACILITES E MANUTENÇÃO,,,,,,,,Outros,Sem Lesões,,,4,Alto,3 - Trabalho em Altura,,,,,,,,,45971,5 meses
1,Próprio,Desvio Crítico,Sim,Não,Eletrobras,Geração - Hidráulica,Masculino,26,1 a 3 anos,Sexta-feira,31,1,2025,16:00 - 17:00,Empresa,Individual,Planura,MG,UHE Porto Colômbia,-20.127773000000001,-48.571841999999997,VP Operações e Segurança,Operações,OOG.F - Produção da Geração,OOGM.F - Gerência de Minas Gerais,OOGMP.F - O&M Marimb. P. Colomb.,N/A,N/A,N/A,N/A,,N/A,N/A,,,,,16,Baixo,8 - Veículos e Equipamentos Móveis,Suposta projeção de objeto no para-brisa do veículo,,,,,,,,45688,
1,Próprio,Quase Acidente,,Não,CGT Eletrosul,Transmissão,Masculino,48,6 a 10 anos,Quarta - feira,2,7,2025,10:00 - 11:00,Empresa,Individual,Candiota ,RS,SE Povo Novo ,-31.56034,"-53, 67542",VP Operações e Segurança,Operações,OOG.S - Produção de Geração e Transmissão,OOGS.S - Produção de Geração e Transmissão Gerência Sul,OOGSM.S -  O&M Marmeleiro T CGT Eletrosul ,NA,NA,NA,NA,Não,NA,NA,,,,,11,Médio,8 - Veículos e Equipamentos Móveis,,,,,,,,,45840,
1,Terceiro,Quase Acidente,,Sim,Eletronorte,CSC,Masculino,29,6 meses a 1 ano,Quarta - feira,2,7,2025,11:00 - 12:00,Empresa,Individual,Ruropólis ,PA,SE Ruropólis,-4.0426729999999997,-54.912075999999999,VP Suprimentos e Serviços,VSS,CSC,Infraestrutura de Operações,Operação de Facilites e Manutenção,N/A,N/A,0,0,Não,0,N/A,,,,,15,Baixo,8 - Veículos e Equipamentos Móveis,,,,,,,,,45840,
1,Terceiro,Típico com afastamento,,Sim,CHESF,CSC,Masculino,23,1 a 3 anos,Segunda - feira,27,6,2025,11:00 - 12:00,Empresa,Individual,Sobradinho,BA,UHE Sobradinho,-9.2080379521673592,-4.0760513368829097,VP Suprimentos e Serviços,VSS,CSC,INFRA ESTRUTURA OPERAÇÕES,GESTÃO DE SEGURANÇA,45835,45838,3,,,,,Escorregou/Desequilibrou,"Distensão, Torção",Pé Esquerdo,Médio,11,Médio,Outros,,,,,,,,,45835,
1,Próprio,Trajeto sem afastamento,Não,Sim,Eletrobras,Adm,Masculino,31,1 a 3 anos,Quinta - feira,3,7,2025,09:00 - 10:00,Via pública,Individual,Rio de Janeiro,RJ,EBM,-22.898689999999998,-43.211019999999998,VP Suprimentos e Serviços,VSS,SSGP - Gestão de Patrimônio e Fundiário,SSGPC - Integração e Controle Patrimonial,-,N/A,N/A,27,N/A,Sim,0,45854,Moto - Queda,Lesão,Braço Direito,Médio,4,Alto,8 - Veículos e Equipamentos Móveis,Um veículo próximo mudou de faixa repentinamente e sem sinalizar,,,,,,,,45841,
1,Próprio,Quase Acidente,,Sim,Eletronorte,Transmissão,Masculino,36,1 a 3 anos,Quinta - feira,3,7,2025,07:00 - 08:00,Empresa,Individual,São Luís,MA,SE São Luís II,-2.56,-44.25,VP Operações e Segurança,Operações,Superintendência de Produção da Transmissão,Departamento Regional de Produção da transmissão ,,N/A,N/A,0,0,0,0,N/A,,,,Médio,7,Alto,2 - Percepção de Risco,,,,,,,,,45841,
1,Terceiro,Quase Acidente,Sim,Sim,CHESF,CSC,Masculino,35,6 meses a 1 ano,Quarta - feira,3,7,2025,14:00 - 15:00,Empresa,Individual,Fortaleza,CE,Via Pública,-3.8331499608013302,-38.543632519179603,VP Suprimentos e Serviços,VSS,CSC,INFRA ESTRUTURA OPERAÇÕES,OPERAÇÃO DE FACILITES E MANUTENÇÃO,,,,,,,,Carro - Colisão ,Sem Lesões,,,6,Alto,8 - Veículos e Equipamentos Móveis,,,,,,,,,45841,
1,Terceiro,Quase acidente,Sim,Não,Eletrobras,CSC,Masculino,29,,Sexta-feira,4,7,2025,18:00 - 19:00 ,Via pública,Individual,Minaçu,GO,UHE Serra da Mesa,,,VP Suprimentos e Serviços,VSS,-,SSCIS - Gerência CSC Infraestrutura,"SSCIST - Gestão de Frotas, Transporte e Mobilidade",N/A,N/A,N/A,N/A,,N/A,N/A,,,,,14,Baixo,8 - Veículos e Equipamentos Móveis,"Estava escuro, noite, e era uma curva",Local de atravessia de animais,,,,,,,45842,
1,Próprio,Quase Acidente,Não,Não,Eletrobras,Transmissão,Masculino,35,1 a 3 anos,Sexta-feira,4,7,2025,11:00 - 12:00,Área rural,Equipe,Santa Branca,SP,LT 500kV Tijuco Preto/Taubaté - T147,-23.369444000000001,-45.938889000000003,VP Operações e Segurança,Operações,OOT.F - Produção da Transmissão,OOTS.F - Gerência São Paulo,OOTSA.F - Manutenção Eletromec. SP,N/A,N/A,N/A,N/A,,N/A,N/A,,,,,4,Alto,2 - Percepção de Risco,(em investigação),,,,,,,,45842,
1,Próprio,Típico com afastamento,,Sim,CHESF,Transmissão,Masculino,46,Acima de 10 anos,Sexta-feira,4,7,2025,14:00 - 15:00,Empresa,Individual,Ceara Mirim,RN,SE Ceará Mirim,-5.6381480000000002,-35.423285,VP Operações e Segurança,Operações,OOT,OOTR.C,OOTRB.C,45842,45887,38,,,,,Queimadura,Queimadura Arco-elétrico,Face,Médio,7,Alto,4 - Eletricidade,,,,,,,,,45842,
1,Terceiro,Trajeto sem afastamento,Não,Sim,Eletrobras,CSC,Masculino,> 60,3 a 6 anos,Sexta-feira,4,7,2025,06:00 - 07:00,Via pública,Individual,São José da Barra,MG,UHE Furnas,-20.685555999999998,-46.335749999999997,VP Suprimentos e Serviços,VSS,-,SSCIS - Gerência CSC Infraestrutura,SSCISO - Gestão de Manutenção e Obras,N/A,N/A,N/A,N/A,,N/A,45842,Queda mesmo nível,Lesão,Cabeça,Baixo,14,Baixo,2 - Percepção de Risco,Falta de atenção e percepção de risco,Desnível acentuado e terreno estável sem infraestrutura adequada para passagem segura,,,,,,,45842,
1,Terceiro,Trajeto sem afastamento,,Sim,CHESF,CSC,Masculino,44,3 a 6 anos,Sábado,5,7,2025,05:00 - 06:00,Via pública,Individual,Sobradinho,BA,UHE Sobradinho,-9.2080379521673592,-4.0760513368829097,VP Suprimentos e Serviços,VSS,CSC,INFRA ESTRUTURA OPERAÇÕES,"GESTÃO DE FROTAS, TRANSPORTE E MOBILIDADE",,,,,,,,Carro - Colisão ,Sem Lesões,,Médio,7,Alto,8 - Veículos e Equipamentos Móveis,,,,,,,,,45843,
1,Próprio,Trajeto sem afastamento,,Sim,CHESF,CSC,Feminino,39,3 a 6 anos,Sábado,5,7,2025,05:00 - 06:00,Via pública,Individual,Sobradinho,BA,UHE Sobradinho,-9.2080379521673592,-4.0760513368829097,VP Suprimentos e Serviços,VSS,CSC,INFRA ESTRUTURA OPERAÇÕES,"GESTÃO DE FROTAS, TRANSPORTE E MOBILIDADE",,,,,Sim,,,Carro - Colisão ,"Distensão, Torção",Cabeça,Médio,7,Alto,8 - Veículos e Equipamentos Móveis,,,,,,,,,45843,
1,Terceiro,Quase Acidente,,Sim,CHESF,CSC,Masculino,35,1 a 3 anos,Domingo,6,7,2025,06:00 - 07:00,Via pública,Individual,Teresina,PI,"Nas proximidades da Rua 4, n. 11686, bairro Jardim Europa, próximo a sua residência.",-5.1266872799999996,-42.799485060000002,VP Suprimentos e Serviços,VSS,CSC,INFRA ESTRUTURA OPERAÇÕES,GESTÃO DE SEGURANÇA,,,,,,,,Animal,Lesão,,Baixo,11,Médio,8 - Veículos e Equipamentos Móveis,,,,,,,,,45844,
1,Próprio,Trajeto sem afastamento,,Não,CGT Eletrosul,Transmissão,Masculino,49,Acima de 10 anos,Segunda - feira,7,7,2025,08:00 - 09:00,Empresa,Individual,Londrina ,PR,SE Londrina ,-23.316839999999999,-51.16337,VP Operações e Segurança,Operações,OOG.S - Produção de Geração e Transmissão,OOGN.S - Produção de Transmissão Gerência Norte,OOGNL.S - O&M Londrina T CGT Eletrosul ,,,,,,,,Veículo,,,Baixo,15,Baixo,8 - Veículos e Equipamentos Móveis,,,,,,,,,45845,
1,Terceiro,Típico com afastamento,,Sim,CHESF,CSC,Masculino,25,Até 6 meses,Segunda - feira,16,6,2025,14:00 - 15:00,Empresa,Equipe,Milagres,CE,SE Milagres,-7.2829465086659102,-39.222530944431803,VP Suprimentos e Serviços,VSS,CSC,INFRA ESTRUTURA OPERAÇÕES,OPERAÇÃO DE FACILITES E MANUTENÇÃO,45824,45826,2,,,,,Animal,Lesão,Face,Baixo,14,Baixo,Outros,,,,,,,,,45824,
1,Terceiro,Quase Acidente,,Sim,CHESF,CSC,Masculino,> 60,3 a 6 anos,Quarta - feira,3,7,2025,11:00 - 12:00,Empresa,Individual,Paulo Afonso,BA,UPA,-9.4015005214103002,-38.221973055614903,VP Suprimentos e Serviços,VSS,CSC,INFRA ESTRUTURA OPERAÇÕES,"GESTÃO DE FROTAS, TRANSPORTE E MOBILIDADE",,,,,,,,Queda mesmo nível,Sem Lesões,,,16,Baixo,2 - Percepção de Risco,,,,,,,,,45841,
1,Terceiro,Típico com afastamento,,Sim,Eletronorte,Transmissão,Masculino,40,6 meses a 1 ano,Terça- feira,8,7,2025,11:00 - 12:00,Empresa,Individual,Alta Araguaia ,MT,SE Couto Magalhaes,,,VP Operações e Segurança,Operações,Superintendência de Produção da Transmissão,Departamento Regional de Produção e Transmissão do Mato Grosso,,45847,,30,0,Não,,45848,Ferramenta Manual,Fratura,Mão Direita,Médio,11,Médio,2 - Percepção de Risco,,,,,,,,,45846,
1,Próprio,Trajeto com afastamento,,Sim,CHESF,CSC,Masculino,29,6 meses a 1 ano,Terça - feira,8,7,2025,17:00 - 18:00,Via pública,Individual,Recife,PE,Via Pública,-8.0635971547917507,-34.929949705626598,VP Suprimentos e Serviços,VSS,CSC,INFRA ESTRUTURA CORPORATIVA,GESTÃO DE FACILITES,45846,45853,7,,,,,Moto - Queda,"Laceração, Corte",,Médio,9,Médio,8 - Veículos e Equipamentos Móveis,,,,,,,,,45846,
1,Terceiro,Quase Acidente,,Sim,CHESF,Transmissão,Masculino,40,1 a 3 anos,Quarta - feira,9,7,2025,17:00 - 18:00,Empresa,Individual,Angicos,RN,RN 041,-5674951,-36612254,VP Operações e Segurança,Operações,OOT,OOTR.C,OOTRN.C,,,,,,,,Carro - Colisão ,Sem Lesões,,,5,Alto,8 - Veículos e Equipamentos Móveis,,,,,,,,,45847,
1,Terceiro,Típico com afastamento,,Sim,CHESF,CSC,Masculino,> 60,1 a 3 anos,Quarta - feira,9,7,2025,21:00 - 22:00 ,Empresa,Individual,Paulo Afonso,BA,UPA,-9.4015005214103002,-38.221973055614903,VP Suprimentos e Serviços,VSS,CSC,INFRA ESTRUTURA OPERAÇÕES,GESTÃO DE SEGURANÇA,45847,45849,2,,,,,Atingido entre ou abaixo (esmagado ou amputado),"Laceração, Corte",Mão Direita,Médio,11,Médio,2 - Percepção de Risco,,,,,,,,,45847,
1,Terceiro,Trajeto com afastamento,,Sim,Eletronorte,CSC,Masculino,> 60,1 a 3 anos,Quinta - feira,10,7,2025,06:00 - 07:00,Via pública,Individual,Miracema,TO,SE Miracema,-9.5399999999999991,-48.52,VP Suprimentos e Serviços,VSS,CSC,Infraestrutura de Operações,Operação de Facilites e Manutenção,45849,45850,2,0,0,0,45849,Moto - Queda,"Escoriação, Abrasão",Partes Múltiplas,Médio,7,Alto,8 - Veículos e Equipamentos Móveis,,,,,,,,,45848,
1,Terceiro,Típico com afastamento,,Sim,CHESF,Geração - Hidráulica,Masculino,39,1 a 3 anos,Segunda - feira,7,7,2025,15:00 - 16:00,Empresa,Individual,Paulo Afonso,BA,UHE Apolônio Sales,-9.4015005214103002,-38.221973055614903,VP Operações e Segurança,Operações,OOG,OOGA.C,OOGAS.C,45845,45935,90,,,,,Golpeado por (atingido por objeto em movimento),Fratura,Mão Direita,Médio,11,Médio,2 - Percepção de Risco,,,,,,,,,45845,
1,Próprio,Trajeto sem afastamento,,Não,CGT Eletrosul,Transmissão,Masculino,44,Acima de 10 anos,Domingo,13,7,2025,06:00 - 07:00,Empresa,Individual,Blumenau,SC,SE Blumenau,-26.912050000000001,-49.084699999999998,VP Operações e Segurança,Operações,OOG.S - Produção de Geração e Transmissão,OOGN.S - Produção de Transmissão Gerência Norte,OOGNJ.S - O&M Joinville T CGT ELETROSUL ,,,,,,,,Veículo,,,Médio,10,Médio,8 - Veículos e Equipamentos Móveis,,,,,,,,,45851,
256,Terceiro,Quase Acidente,,Sim,CHESF,CSC,Masculino,29,Até 6 meses,Segunda - feira,7,7,2025,11:00 - 12:00,Empresa,Individual,Recife,PE,Sede Recife,-8.0635971547917507,-34.929949705626598,VP Suprimentos e Serviços,VSS,CSC,INFRA ESTRUTURA CORPORATIVA,GESTÃO DE FACILITES,,,,,,,,Outros,Sem Lesões,,,15,Baixo,11 - Não se Aplica,,,,,,,,,45845,
1,Terceiro,Quase Acidente,,Sim,Eletronorte,Transmissão,Masculino,42,6 meses a 1 ano,Terça- feira,15,7,2025,13:00 - 14:00,Área rural,Individual,Porto Velho,RO,LT 230kV Abunã/Tucumã-ANTK-LI6-1 6,,,VP Operações e Segurança,Operações,Superintendência de Produção da Transmissão,,,N/A,N/A,0,0,0,0,N/A,,,,,15,Baixo,8 - Veículos e Equipamentos Móveis,,,,,,,,,45853,
1,Terceiro,Típico sem afastamento,,Sim,CHESF,Logistica,Masculino,19,Até 6 meses,Quinta - feira,10,7,2025,11:00 - 12:00,Empresa,Individual,Dias D´Ávila,BA,Almoxarifado de Camaçari,-12.620089999999999,-38.343640000000001,VP Suprimentos e Serviços,VSS,SSL,SSLG.C,SSLGB.C,,,,,,,,Outros,"Laceração, Corte",Pé Direito,Médio,13,Médio,2 - Percepção de Risco,,,,,,,,,45848,
1,Terceiro,Típico com afastamento,Não,Sim,Eletrobras,Transmissão,Masculino,54,Até 6 meses,Quarta - feira,16,7,2025,07:00 - 08:00,Área rural,Equipe,Mangaratiba,RJ,LT 138kV Santa Cruz - Angra dos Reis - T.93,-22.929722000000002,-43.98,VP Operações e Segurança,Operações,OOT.F - Produção da Transmissão,OOTR.F - Gerência Rio de Janeiro,OOTRA.F - Man. Adrianóp. e S. Jose,45855,45868,14,0,Não,,,Golpeado por (atingido por objeto em movimento),"Laceração, Corte",Perna Direita,Médio,7,Alto,2 - Percepção de Risco,(em investigação),,,,,,,,45854,
1,Próprio,Típico sem afastamento,,Sim,CHESF,Transmissão,Masculino,39,Acima de 10 anos,Quinta - feira,17,7,2025,10:00 - 11:00,Empresa,Individual,Arapiraca,AL,SE Arapiraca III,-9.7450460000000003,-36.646763,VP Operações e Segurança,Operações,OOT,OOTR.C,OOTRM.C,,,,,Não,,,Queda com diferença de nível,"Escoriação, Abrasão",,Médio,13,Médio,2 - Percepção de Risco,,,,,,,,,45855,
1,Terceiro,Típico com afastamento,,Sim,CHESF,CSC,Feminino,48,1 a 3 anos,Quinta - feira,17,7,2025,09:00 - 10:00,Empresa,Individual,Sobradinho,BA,UHE Sobradinho,-9.2080379521673592,-4.0760513368829097,VP Suprimentos e Serviços,VSS,CSC,INFRA ESTRUTURA OPERAÇÕES,OPERAÇÃO DE FACILITES E MANUTENÇÃO,45855,45857,2,,,,,Outros,"Laceração, Corte",Mão Esquerda,Baixo,14,Baixo,2 - Percepção de Risco,,,,,,,,,45855,
1,Terceiro,Quase Acidente,,Não,CGT Eletrosul,CSC,Masculino,34,Até 6 meses,Sexta - feira,18,7,2025,07:00 - 08:00,Empresa,Individual,Água Clara,MS,SE Campo Grande,-20.466229999999999,-54.614960000000004,VP Suprimentos e Serviços,VSS,NA ,Infra Estrutura Operações,Operação  de Facilites e Manutenção,NA,NA,NA,NA,Não,NA,NA,,,,,15,Baixo,8 - Veículos e Equipamentos Móveis,,,,,,,,,45856,
1,Terceiro,Típico com afastamento,Não,Sim,Eletrobras,CSC,Feminino,43,1 a 3 anos,Sexta-feira,18,7,2025,09:00 - 10:00,Empresa,Individual,Araporã,MG,UHE Itumbiara,-18.406666999999999,-49.098056,VP Suprimentos e Serviços,VSS,-,SSCIS - Gerência CSC Infraestrutura,SSCISO - Gestão de Manutenção e Obras,45857,45870,14,0,Não,,45859,"Golpeado contra (correndo em direção, tropeçando em)",Luxação,Dedo da mão Direita,Baixo,11,Médio,2 - Percepção de Risco,(em investigação),,,,,,,,45856,
1,Terceiro,Quase Acidente,,Não,CGT Eletrosul,CSC,Feminino,24,1 a 3 anos,Sexta - feira,18,7,2025,12:00 - 13:00,Empresa,Individual,Farroupilha ,RS,CRFAR,-29.223400000000002,-51.34693,VP Suprimentos e Serviços,VSS,NA ,Infra Estrutura Operações,Operação  de Facilities e Manutenção,NA,NA,NA,NA,Não,NA,NA,,,,,11,Médio,8 - Veículos e Equipamentos Móveis,,,,,,,,,45856,
1,Terceiro,Desvio Crítico,,Sim,Eletronorte,CSC,Masculino,22,1 a 3 anos,Quinta - feira,2,4,2025,15:00 - 16:00,Empresa,Individual,Boa Vista,RR,SE Boa Vista,2.82,-60.67,VP Suprimentos e Serviços,VSS,CSC,Infraestrutura de Operações,Operação de Facilites e Manutenção,,,,,,,,,Sem Lesões,,,15,Baixo,2 - Percepção de Risco,,,,,,,,,45749,
1,Terceiro,Quase Acidente,,Sim,CHESF,Transmissão,Masculino,31,Até 6 meses,Segunda - feira,21,7,2025,16:00 - 17:00,Via pública,Individual,São Gonçalo do Amarante,RN,Via Pública,-5.7874749999999997,-35.327491999999999,VP Operações e Segurança,Operações,OOT,OOTR.C,OOTRN.C,,,,,,,,Carro - Colisão ,Sem Lesões,,,10,Médio,8 - Veículos e Equipamentos Móveis,,,,,,,,,45859,
1,Terceiro,Quase Acidente,Não,Não,Eletrobras,CSC,Masculino,39,6 a 10 anos,Quinta - feira,21,7,2025,07:00 - 08:00,Empresa,Individual,São José da Barra,MG,UHE Furnas,-20.6559161903626,-46.341447886898003,VP Suprimentos e Serviços,VSS,-,SSCIS - Gerência CSC Infraestrutura,SSCISS - Gestão de Segurança,N/A,N/A,N/A,N/A,,N/A,N/A,,,,,14,Baixo,8 - Veículos e Equipamentos Móveis,(em investigação),,,,,,,,45859,
1,Terceiro,Quase Acidente,,Sim,CHESF,CSC,Masculino,49,1 a 3 anos,Terça- feira,22,7,2025,14:00 - 15:00,Empresa,Individual,Ubajara,CE,SE IBIAPINA II,-3.8544450000000001,-40.921109999999999,VP Suprimentos e Serviços,VSS,CSC,INFRA ESTRUTURA OPERAÇÕES,OPERAÇÃO DE FACILITES E MANUTENÇÃO,,,,,,,,Atingido por (pontos agudos ou cortantes),Lesão,,,16,Baixo,2 - Percepção de Risco,,,,,,,,,45860,
1,Terceiro,Quase Acidente,Não,Não,Eletrobras,CSC,Masculino,50,3 a 6 anos,Quarta - feira,23,7,2025,11:00 - 12:00,Via pública,Individual,São José da Barra,MG,UHE Furnas,-20.6559161903626,-46.341447886898003,VP Suprimentos e Serviços,VSS,-,SSCIS - Gerência CSC Infraestrutura,SSCISO - Gestão de Manutenção e Obras,N/A,N/A,N/A,N/A,,N/A,N/A,,,,,14,Baixo,8 - Veículos e Equipamentos Móveis,(em investigação),,,,,,,,45861,
1,Terceiro,Trajeto com afastamento,,Sim,Eletronorte,CSC,Masculino,54,6 meses a 1 ano,Quinta - feira,24,7,2025,16:00 - 17:00,Via pública,Individual,São Luís,MA,SE São Luís II,-2.56,-44.25,VP Suprimentos e Serviços,VSS,CSC,Infraestrutura de Operações,Operação de Facilites e Manutenção,45863,,20,,Não,,45863,Moto - Queda,Fratura,Braço Direito,Médio,10,Médio,8 - Veículos e Equipamentos Móveis,,,,,,,,,45862,
1,Terceiro,Quase Acidente,,Sim,Eletronorte,CSC,Masculino,38,3 a 6 anos,Sexta-feira,25,7,2025,23:00 - 00:00 ,,Individual,São Luís,MA,SE São Luís II,-2.56,-44.25,VP Suprimentos e Serviços,VSS,CSC,Infraestrutura de Operações,Gestão de Segurança,N/A,N/A,0,0,0,0,N/A,,,,,4,Alto,Outros,,,,,,,,,45863,
1,Próprio,Quase Acidente,,Não,CGT Eletrosul,Transmissão,Masculino,23,1 a 3 anos,Segunda - feira,28,7,2025,14:00 - 15:00,Empresa,Individual,Curitiba ,PR,SE Curitiba,-25.433029999999999,-49.247929999999997,VP Operações e Segurança,Operações,OOG.S - Produção de Geração e Transmissão,OOGN.S - Produção de Transmissão Gerência Norte,NA ,NA,NA,NA,NA,Não,NA,NA,,,,,11,Médio,4 - Eletricidade,,,,,,,,,45866,
1,Terceiro,Trajeto com afastamento,Não,Sim,Eletrobras,Transmissão,Masculino,18,Até 6 meses,Segunda - feira,28,7,2025,06:00 - 07:00,Empresa,Individual,Foz do Iguaçu,PR,SE Foz do Iguaçu,-25.466667000000001,-54.541666999999997,VP Operações e Segurança,Operações,OOT.F - Produção da Transmissão,OOTP.F - Gerência Parana e São Roque,OOTPB.F - Op. Foz do Iguaçu,45866,45872,6,0,Não,,,,,,Médio,10,Médio,2 - Percepção de Risco,(em investigação),,,,,,,,45866,
1,Próprio,Quase Acidente,,Sim,CHESF,Transmissão,Masculino,42,Acima de 10 anos,Quarta - feira,16,7,2025,15:00 - 16:00,Empresa,Individual,Juazeiro,BA,SE JZD,-9.4799108389318203,-40.476853992530003,VP Operações e Segurança,Operações,OOT,OOT.C,OOTBA.C,,,,,,,,Outros,Sem Lesões,,,11,Médio,3 - Trabalho em Altura,,,,,,,,,45854,
1,Terceiro,Quase Acidente,,Sim,CHESF,CSC,Masculino,29,1 a 3 anos,Quarta - feira,30,7,2025,16:00 - 17:00,Empresa,Individual,Natal,RN,SE NATAL,-5.8004610000000003,-35.21217,VP Suprimentos e Serviços,VSS,CSC,INFRA ESTRUTURA OPERAÇÕES,OPERAÇÃO DE FACILITES E MANUTENÇÃO,,,,,,,,Golpeado por (atingido por objeto em movimento),Lesão,Coluna,,15,Baixo,2 - Percepção de Risco,,,,,,,,,45868,
1,Terceiro,Típico sem afastamento,,Não ,CGT Eletrosul,CSC,Masculino,42,1 a 3 anos,Quarta - feira,30,7,2025,15:00 - 16:00,Empresa,Individual,Florianopólis,SC,Sede CGT Eletrosul,-27.597490000000001,-48.54383,VP Suprimentos e Serviços,VSS,NA ,Infra Estrutura Corporativa,Gestão de Facilites,NA,NA,NA ,NA,Não,NA,,,,,Baixo,11,Médio,2 - Percepção de risco,,,,,,,,,45868,
1,Terceiro,Quase Acidente,,Sim,Eletronorte,CSC,Masculino,45,6 a 10 anos,Quinta - feira,31,7,2025,02:00 - 03:00,Empresa,Dupla,São Luís,MA,SE São Luís II,-2.56,-44.25,VP Suprimentos e Serviços,VSS,CSC,Infraestrutura de Operações,Gestão de Segurança,N/A,N/A,0,0,0,0,N/A,,,,,4,Alto,Outros,,,,,,,,,45869,
1,Terceiro,Quase Acidente,,Sim,Eletronorte,CSC,Masculino,54,6 a 10 anos,Quinta - feira,31,7,2025,02:00 - 03:00,Empresa,Dupla,São Luís,MA,SE São Luís II,-2.56,-44.25,VP Suprimentos e Serviços,VSS,CSC,Infraestrutura de Operações,Gestão de Segurança,N/A,N/A,0,0,0,0,N/A,,,,,4,Alto,Outros,,,,,,,,,45869,
1,Terceiro,Típico sem afastamento,,Sim,CHESF,Logistica,Masculino,20,6 meses a 1 ano,Quarta - feira,31,7,2025,09:00 - 10:00,Empresa,Individual,Dias D´Ávila,BA,Almoxarifado de Camaçari,-12.620089999999999,-38.343640000000001,VP Suprimentos e Serviços,VSS,CSC,CSC,CSC,,,,,,,,Atingido por (pontos agudos ou cortantes),Lesão,Pé Esquerdo,Médio,9,Médio,2 - Percepção de Risco,,,,,,,,,45869,
1,Terceiro,Quase Acidente,,Sim,CHESF,Transmissão,Masculino,34,6 meses a 1 ano,Quinta - feira,1,8,2025,07:00 - 08:00,Via pública,Individual,Ibicoara,BA,"BA-900, próximo a Paraguaçu",-13.331416000000001,-41.358787,VP Operações e Segurança,Operações,OOT,OOTSF.C,OOTSF.C,,,,,,,,Animal,Sem Lesões,,,5,Alto,8 - Veículos e Equipamentos Móveis,,,,,,,,,45870,
1,Terceiro,Típico sem afastamento,Não,Sim,Eletrobras,CSC,Masculino,20,1 a 3 anos,Sexta - feira,1,8,2025,15:00 - 16:00,Empresa,Individual,Campinas,SP,SE Campinas,-22.773889,-47.004443999999999,VP Suprimentos e Serviços,VSS,-,SSCIS - Gerência CSC Infraestrutura,SSCISO - Gestão de Manutenção e Obras,N/A,N/A,N/A,N/A,,N/A,45873,Queda mesmo nível,"Distensão, Torção",Mão Esquerda,Baixo,14,Baixo,2 - Percepção de Risco,Desatenção e falta de percepção de risco,,,,,,,,45870,
1,Terceiro,Quase Acidente,,Sim,Eletronorte,CSC,Masculino,54,6 meses a 1 ano,Sexta-feira,1,8,2025,11:00 - 12:00,,Individual,Macapá,AP,Via Pública - Rodovia AP-070 (KM 9),0.111,-51.13,VP Suprimentos e Serviços,VSS,CSC,Infraestrutura de Operações,"Gestão de Frotas, Transporte e Mobilidade",N/A,N/A,0,0,0,0,N/A,,,,,16,Baixo,8 - Veículos e Equipamentos Móveis,,,,,,,,,45870,
273,Terceiro,Quase Acidente,,Sim,CHESF,CSC,Masculino,42,1 a 3 anos,Domingo,3,8,2025,07:00 - 08:00,Via pública,Equipe,Mamanguape ,PB,Rodovia Governador Mário Covas BR 101 ,-6.834301,-35.139271999999998,VP Suprimentos e Serviços,VSS,CSC,INFRA ESTRUTURA OPERAÇÕES,OPERAÇÃO DE FACILITES E MANUTENÇÃO,,,,,,,,Carro - Colisão ,Sem Lesões,,,13,Médio,8 - Veículos e Equipamentos Móveis,,,,,,,,,45872,
1,Terceiro,Típico sem afastamento,Não,Sim,Eletrobras,CSC,Feminino,21,Até 6 meses,Segunda - feira,4,8,2025,07:00 - 08:00,Empresa,Individual,Mogi das Cruzes,SP,SE Tijuco Preto,-23.710277999999999,-46.273333000000001,VP Suprimentos e Serviços,VSS,-,SSCIS - Gerência CSC Infraestrutura,SSCISO - Gestão de Manutenção e Obras,N/A,N/A,N/A,N/A,Não,,45873,Queimadura,Queimadura Térmica ,Perna Direita,Baixo,11,Médio,2 - Percepção de Risco,Alça da leiteira se desprendeu,Não utilização do EPI específico para a atividade,Falta procedimento e treinamento,Ausência de EPIs adequados,,,,,45873,
1,Terceiro,Típico sem afastamento,Não,Sim,Eletrobras,Geração - Hidráulica,Masculino,37,Até 6 meses,Segunda - feira,4,8,2025,15:00 - 16:00,SPE,Individual,Porto Velho,RO,UHE Santo Antonio (SPE),-8.8146004999999992,-63.980074600000002,VP Operações e Segurança,Operações,-,GMA - Gerencia de Manutenção de Auxiliares,-,,,,,,,,,,,Baixo,15,Baixo,2 - Percepção de Risco,(em investigação),,,,,,,,45873,
1,Próprio,Quase Acidente,,Não ,CGT Eletrosul,Geração - Hidráulica,Masculino,37,1 a 3 anos,Terça - feira,5,8,2025,18:00 - 19:00,Via pública,Individual,Dourados ,MS,SE Campo Grande,-20.466229999999999,-54.614960000000004,VP Operações e Segurança,Operações,OOG.S - Produção de Geração e Transmissão,OOGR.S - Regional O&M Geração CGT EletrosuL,NA ,NA,NA,NA ,NA,Não,NA,NA,,,,,11,Médio,8 - Veículos e Equipamentos Móveis,,,,,,,,,45874,
1,Próprio,Trajeto sem afastamento,,Não ,CGT Eletrosul,Transmissão,Masculino,34,1 a 3 anos,Terça - feira,5,8,2025,20:00 - 21:00,Área urbana,Individual,Trindade do Sul ,RS,SE Ytá ,-27.085280000000001,-52.087009999999999,VP Operações e Segurança,Operações,OOG.S - Produção de Geração e Transmissão,OOGS.S - Produção de Geração e Transmissão Gerência Sul,OOGSX.S - O&M Xanxerê T CGT Eletrosul,NA,NA,NA ,NA,Não,NA,45880,"Escada permanente cujos degraus permitem apoio integral do pé, degrau - superfície utilizada para sustentar pessoas._x000D_",Lesão imediata.,Articulação do tornozelo.,Baixo,11,Médio,2 - Percepção de Risco,,,,,,,,,45874,
1,Terceiro,Quase Acidente,,Sim,CHESF,Transmissão,Masculino,41,3 a 6 anos,Terça - feira,5,8,2025,15:00 - 16:00,Empresa,Equipe,Santa Cruz,RN,SE Paraiso,-6.2261776045629498,-36.022234467914203,VP Operações e Segurança,Operações,OOT.C,OOTR.C,OOTRN.C,,,,,,,,Outros,Sem Lesões,,,8,Alto,4 - Eletricidade,,,,,,,,,45874,
1,Terceiro,Quase Acidente,,Sim,Eletronorte,CSC,Masculino,54,Até 6 meses,Segunda-feira,5,8,2025,13:00 - 14:00,,Individual,Porto Velho,RO,Via Pública,,,VP Suprimentos e Serviços,VSS,CSC,Infraestrutura de Operações,"Gestão de Frotas, Transporte e Mobilidade",N/A,N/A,0,0,0,0,N/A,,,,,15,Baixo,8 - Veículos e Equipamentos Móveis,,,,,,,,,45874,
1,Terceiro,Quase acidente,Não,Não,Eletrobras,Transmissão,Masculino,54,6 meses a 1 ano,Segunda - feira,22,9,2025,10:00 - 11:00,Área rural,Individual,Miguelópolis,SP,LT 345kV Porto Colômbia – Volta Grande / torre 109,-20.041824999999999,-48.222723000000002,VP Operações e Segurança,Operações,OOT.F - Produção da Transmissão,OOTM.F - Gerência Minas e Vitória,OOTMA.F - O&M Triângulo Mineiro T Sudeste,N/A,N/A,N/A,N/A,,N/A,N/A,,,,,10,Médio,2 - Percepção de Risco,Descumprimento contratual,,,,,,,,45922,
1,Terceiro,Trajeto com afastamento,CCEE - CONSORCIO CONSTRUTOR ELASTRI ENGEFORM,Sim,Eletrobras,CSC,Masculino,51,1 a 3 anos,Quarta - feira,6,8,2025,07:00 - 08:00,Via pública,Individual,Aparecida de Goiânia,GO,SE Bandeirantes,-16.790409499999999,-49.223703399999998,VP Suprimentos e Serviços,VSS,-,SSCIS - Gerência CSC Infraestrutura,SSCISO - Gestão de Manutenção e Obras,45876,45887,12,0,Não,,45880,Moto - Colisão,Luxação,Partes Múltiplas,Médio,10,Médio,8 - Veículos e Equipamentos Móveis,Condição pessoal do motociclista,,,,,,,,45875,
1,Terceiro,Trajeto com afastamento,Não,Sim,Eletrobras,CSC,Feminino,47,1 a 3 anos,Quarta - feira,6,8,2025,07:00 - 08:00,Via pública,Individual,Aparecida de Goiânia,GO,SE Bandeirantes,-16.790409499999999,-49.223703399999998,VP Suprimentos e Serviços,VSS,-,SSCIS - Gerência CSC Infraestrutura,SSCISO - Gestão de Manutenção e Obras,45876,45875,30,0,Não,,45880,Moto - Queda,Fratura,Tórax,Médio,10,Médio,8 - Veículos e Equipamentos Móveis,Condição pessoal do motociclista,,,,,,,,45875,
1,Próprio,Quase Acidente,,Sim,Eletronorte,Transmissão,,,,Quarta-feira,6,8,2025,21:00 - 22:00,,Individual,Peritoró,MA,SE Peritoró,,,VP Operações e Segurança,Operações,Superintendência de Produção da Transmissão,,,N/A,N/A,0,0,0,0,N/A,,,,,11,Médio,4 - Eletricidade,,,,,,,,,45875,
1,Terceiro,Quase Acidente,,Sim,CHESF,CSC,Masculino,45,Até 6 meses,Quinta - feira,7,8,2025,08:00 - 09:00,Empresa,Individual,Santa Cruz,RN,SE Santa Cruz,-6.2261776045629498,-36.022234467914203,VP Suprimentos e Serviços,VSS,CSC,INFRA ESTRUTURA OPERAÇÕES,"GESTÃO DE FROTAS, TRANSPORTE E MOBILIDADE",,,,,,,,Atingido por (pontos agudos ou cortantes),Sem Lesões,Mão Direita,,15,Baixo,2 - Percepção de Risco,,,,,,,,,45876,
1,Terceiro,Quase acidente,Não,Não,Eletrobras,CSC,,,,Quinta - feira,7,8,2025,16:00 - 17:00,Empresa,Individual,Rio de Janeiro,RJ,EBM,-22.898689999999998,-43.211019999999998,VP Suprimentos e Serviços,VSS,-,SSCIS - Gerência CSC Infraestrutura,SSCISO - Gestão de Manutenção e Obras,N/A,N/A,N/A,N/A,,N/A,N/A,,,,,6,Alto,2 - Percepção de Risco,(em investigação),,,,,,,,45876,
1,Próprio,Trajeto sem afastamento,,Sim,CHESF,Geração - Hidráulica,Masculino,49,Acima de 10 anos,Sexta - feira,8,8,2025,13:00 - 14:00,Via pública,Individual,Paulo Afonso,BA,UPA,-9.4015005214103002,-38.221973055614903,VP Operações e Segurança,Operações,OOG.C,OOGP.C,OOGPA.C,,,,,,,,Moto - Queda,Lesão,Articulação do tornozelo,Médio,13,Médio,8 - Veículos e Equipamentos Móveis,,,,,,,,,45877,
1,Terceiro,Quase Acidente,,Sim,Eletronorte,CSC,,,,Sexta-feira,8,8,2025,11:00 - 12:00,,Equipe,Belém,PA,SE Guamá,-1.46,-48.44,VP Suprimentos e Serviços,VSS,CSC,Infraestrutura de Operações,Gestão de Manutenção e Obra,N/A,N/A,0,0,Não,0,N/A,,,,,10,Médio,2 - Percepção de Risco,,,,,,,,,45877,
1,Próprio,Trajeto sem afastamento,,Sim,Eletronorte,Telecomunicação,Masculino,58,Acima de 10 anos,Sexta-feira,8,8,2025,23:00 - 00:00,,Individual,Nova Mutum,MT,Via Pública,,,VP Operações e Segurança,Operações,Superintendência de Produção da Transmissão,Departamento Regional de Produção e Transmissão do Mato Grosso,,N/A,N/A,0,0,Não,0,45887,Transporte Publico Regular - Colisão,Sem Lesões,Não se Aplica,Baixo,6,Alto,8 - Veículos e Equipamentos Móveis,,,,,,,,,45877,
1,Terceiro,Quase Acidente,,Não ,CGT Eletrosul,Transmissão,Masculino,44,Até 6 meses,Sábado,9,8,2025,10:00 - 11:00,Área rural,Individual,Angelina ,SC,Sede ,-27.597490000000001,-48.54383,VP Operações e Segurança,Operações,OOM.S - Engenharia da Manutenção,OOMI.S - Gestão e Investimentos G&T CGT Eletrosul,NA ,NA,NA,NA ,NA,Não,NA,NA,NA,,,,2,Crítico,8 - Veículos e Equipamentos Móveis,,,,,,,,,45878,
1,Próprio,Quase Acidente,,Sim,CHESF,Transmissão,Masculino,49,Acima de 10 anos,Quarta - feira,6,8,2025,10:00 - 11:00,Empresa,Individual,Jucás,CE,LT 04M4 (MLG-TAD),-6.4793130000000003,-39.624454,VP Operações e Segurança,Operações,OOT.C,OOTF.C,OOTFI.C,,,,,,,,Animal,Lesão,Partes Múltiplas,,10,Médio,Outros,,,,,,,,,45875,
1,Terceiro,Quase Acidente,,Sim,CHESF,Logistica,Masculino,18,Até 6 meses,Quinta - feira,7,8,2025,10:00 - 11:00,Empresa,Individual,Dias Dávila,BA,Almoxarifado de Camaçari,-12.620089999999999,-38.343640000000001,VP Suprimentos e Serviços,VSS,SSLG.C,SSLGB.C,SSLGB.C,,,,,,,,Atingido por (pontos agudos ou cortantes),Sem Lesões,,,12,Médio,Outros,,,,,,,,,45876,
1,Próprio,Quase Acidente,Não,Não,Eletrobras,CSC,,,,Segunda - feira,11,8,2025,12:00 - 13:00,Empresa,,Chapada dos Guimarães,MT,UHE Manso,-14.871389000000001,-55.785556,VP Operações e Segurança,Operações,OOG.F - Produção da Geração,OOGG.F - Gerência de GO-DF,OOGGM.F - O&M Manso G Sudeste,N/A,N/A,N/A,N/A,,N/A,N/A,,,,,14,Baixo,2 - Percepção de Risco,(em investigação),,,,,,,,45880,
1,Terceiro,Típico com afastamento,,Sim,Eletronorte,CSC,Masculino,45,1 a 3 anos,Terça-feira,12,8,2025,11:00 - 12:00,,Individual,Porto Franco,MA,SE Porto Franco,-6.35,-47.38,VP Suprimentos e Serviços,VSS,CSC,Infraestrutura de Operações,Operação de Facilites e Manutenção,45881,45882,1,0,Não,0,45887,Animal,Sem Lesões,Face,Baixo,14,Baixo,2 - Percepção de Risco,,,,,,,,,45881,
1,Terceiro,Quase Acidente,,Sim,CHESF,Logistica,Masculino,31,Até 6 meses,Segunda - feira,11,8,2025,08:00 - 09:00,Empresa,Individual,Dias Dávila,BA,Almoxarifado de Camaçari,-12.620089999999999,-38.343640000000001,VP Suprimentos e Serviços,VSS,SSL,SSLG.C,SSLG.C,,,,,,,,Outros,Sem Lesões,,,14,Baixo,8 - Veículos e Equipamentos Móveis,,,,,,,,,45880,
1,Próprio,Trajeto sem afastamento,,Sim,CHESF,CSC,Feminino,36,1 a 3 anos,Quinta - feira,14,8,2025,07:00 - 08:00,Via pública,Individual,Recife,PE,Via Pública,-8.0635971547917507,-34.929949705626598,VP Suprimentos e Serviços,VSS,CSC,FINANCEIRO,FINANÇAS E TESOURARIA,,,,,Sim,,,Moto - Queda,Lesão,Pé Direito,Baixo,11,Médio,8 - Veículos e Equipamentos Móveis,,,,,,,,,45883,
1,Próprio,Trajeto sem afastamento,,Sim,CHESF,Transmissão,Masculino,41,Acima de 10 anos,Sexta - feira,15,8,2025,07:00 - 08:00,Via pública,Individual,Recife,PE,Via Pública,-8.0635971547917507,-34.929949705626598,VP Operações e Segurança,Operações,OOCF,OOCF,OOCF,,,,,Sim,,,Moto - Queda,Lesão,,Médio,11,Médio,8 - Veículos e Equipamentos Móveis,,,,,,,,,45884,
1,Terceiro,Quase acidente,Sim,Não,Eletrobras,CSC,Masculino,,Até 6 meses,Sexta - feira,15,8,2025,11:00 - 12:00,Empresa,Individual,Ibiraci,MG,UHE Mascarenhas de Moraes,-20.28631,-47.064571000000001,VP Suprimentos e Serviços,VSS,-,SSCIS - Gerência CSC Infraestrutura,SSCISO - Gestão de Manutenção e Obras,N/A,N/A,N/A,N/A,,N/A,N/A,,,,,16,Baixo,8 - Veículos e Equipamentos Móveis,Possível falta de atenção do condutor no momento da manobra,Falta de delimitação fisica,,,,,,,45884,
1,Terceiro,Típico sem afastamento,,Sim,Eletronorte,CSC,Feminino,51,1 a 3 anos,Segunda-feira,18,8,2025,07:00 - 08:00,,Individual,São Luís,MA,SE São Luís I,-2.56,-44.25,VP Suprimentos e Serviços,VSS,CSC,Infraestrutura de Operações,Operação de Facilites e Manutenção,,,,,,,,,,,Médio,10,Médio,2 - Percepção de Risco,,,,,,,,,45887,
1,Terceiro,Quase Acidente,,Sim,CHESF,CSC,Masculino,> 60,3 a 6 anos,Quinta - feira,21,8,2025,11:00 - 12:00,Empresa,Individual,Fortaleza,CE,SE Delmiro Golveia,-3.5186638905442398,-38.526521638857403,VP Suprimentos e Serviços,VSS,CSC,INFRA ESTRUTURA CORPORATIVA,GESTÃO DE MANUTENÇÃO E OBRAS,,,,,,,,Outros,Sem Lesões,,,11,Médio,8 - Veículos e Equipamentos Móveis,,,,,,,,,45890,
1,Próprio,Quase acidente,Sim,Não,Eletrobras,Geração - Hidráulica,Masculino,35,Acima de 10 anos,Sexta - feira,22,8,2025,19:00 - 20:00,Via pública,Individual,Jaciara,MT,UHE Colíder,-15.962471799999999,-54.9646294,VP Operações e Segurança,Operações,OOG.F - Produção da Geração,OOGM.F - Gerência de Minas Gerais,OOGMA.F - Operação LCB M. Moraes,N/A,N/A,N/A,N/A,,N/A,N/A,,,,,7,Alto,8 - Veículos e Equipamentos Móveis,(em investigação),,,,,,,,45891,
1,Próprio,Trajeto sem afastamento,,Sim,CHESF,CSC,Feminino,48,Acima de 10 anos,Quarta - feira,13,8,2025,08:00 - 09:00,Empresa,Individual,Recife,PE,Sede Recife,-8.0635971547917507,-34.929949705626598,VP Suprimentos e Serviços,VSS,CSC,FINANCEIRO,FINANÇAS E TESOURARIA,,,,,Sim,,,Escorregou/Desequilibrou,Lesão,Pé Direito,Baixo,11,Médio,Outros,,,,,,,,,45882,
1,Próprio,Quase acidente,Não,Não,Eletrobras,Geração - Hidráulica,Masculino,30,1 a 3 anos,Segunda - feira,25,8,2025,15:00 - 16:00,Empresa,Equipe,Araporã,MG,UHE Itumbiara,-18.4078594,-49.099829300000003,VP Operações e Segurança,Operações,OOG.F - Produção da Geração,OOGG.F - Gerência de GO-DF,OOGGI.F - O&M Itumbiara,N/A,N/A,N/A,N/A,,N/A,N/A,,,,,4,Alto,2 - Percepção de Risco,(em investigação),,,,,,,,45894,
1,Terceiro,Trajeto com afastamento,,Sim,Eletronorte,CSC,Masculino,29,1 a 3 anos,Quinta-feira,28,8,2025,07:00 - 08:00,Via pública,Individual,Barcarena,PA,SE Vila do Conde,-1.57,-48.73,VP Suprimentos e Serviços,VSS,CSC,Infraestrutura de Operações,Operação de Facilites e Manutenção,45898,45899,1,0,Não,0,45897,Calçada ou caminho para pedrestre - superfície utilizada para sustentar pessoas,"Escoriação, Abrasão",Perna Esquerda,Baixo,11,Médio,8 - Veículos e Equipamentos Móveis,,,,,,,,,45897,
1,Próprio,Quase Acidente,,Sim,CHESF,CSC,Masculino,36,Até 6 meses,Quarta - feira,3,9,2025,08:00 - 09:00,Via pública,Individual,Recife,PE,Via Pública,-8.0635971547917507,-34.929949705626598,VP Suprimentos e Serviços,VSS,CSC,INFRA ESTRUTURA CORPORATIVA,PLANEJAMENTO E CONTROLE,,,,,,,,Moto - Queda,Lesão,,,11,Médio,8 - Veículos e Equipamentos Móveis,,,,,,,,,45903,
1,Terceiro,Típico com afastamento,,Não ,CGT Eletrosul,Geração - Eólica,Masculino,35,1 a 3 anos,Sexta - feira,29,8,2025,11:00 - 12:00,Área urbana,Individual,Santana do Livramento ,RS,Parque Eólico Coxilha Negra ,-30.887060000000002,-55.522289999999998,VP Operações e Segurança,Operações,OOG.S - Produção de Geração e Transmissão,OOGR.S - Regional O&M Geração CGT EletrosuL,NA,45898,45812,6,NA,Não,NA,45898,"Painel de controle,barramento, chave, interruptor,disjuntor, fusível - equipamento elétrico","Queimadura de 1° grau em região da face, orelha e região occipital.","Cabeça, NIC",Alto,2,Crítico,4 - Eletricidade,,,,,,,,,45898,
1,Terceiro,Típico com afastamento,,Sim,CHESF,Transmissão,Masculino,21,Até 6 meses,Terça- feira,22,7,2025,08:00 - 09:00,Empresa,Individual,Caucaia,CE,"LT-05C2 PECEM II/FORTAELZAII, estrutura 7/1",-3.45859105286456,-38.902587801783497,VP Operações e Segurança,Operações,OOT,OOTF.C,OOTFB.C,45860,45862,2,,,,,Animal,Lesão,,Médio,10,Médio,2 - Percepção de Risco,,,,,,,,,45860,
1,Próprio,Trajeto sem afastamento,Próprio,Sim,CHESF,Transmissão,Masculino,45,1 a 3 anos,Sexta - feira,29,8,2025,17:00 - 18:00,Via pública,Equipe,São Sebastião do Passé,BA,"BR-324, próximo ao viaduto de saída para São Sebastião do Passé/BA",-12.501382,-38.539827000000002,VP Operações e Segurança,Operações,OOT.C,OOTS.C,OOTSE.C,,,,,Sim,,,Carro - Colisão ,Lesão,Coluna,Baixo,14,Baixo,8 - Veículos e Equipamentos Móveis,,,,,,,,,45898,
1,Terceiro,Desvio Crítico,,Sim,Eletronorte,Geração - Hidráulica,Masculino,41,,Terça- feira,1,7,2025,07:00 - 08:00,Empresa,Individual,Tucuruí,PA,UHE Tucuruí,-3.79,-49.66,VP Suprimentos e Serviços,VSS,CSC Regularização e Contratos,Contratos Imobiliários e Arrendamento,"Gestão de Frotas, Transporte e Mobilidade",N/A,N/A,0,0,,0,N/A,Golpeado por (atingido por objeto em movimento),,,Baixo,15,Baixo,8 - Veículos e Equipamentos Móveis,,,,,,,,,45839,
1,Terceiro,Típico com afastamento,Não,Sim,Eletrobras,CSC,Masculino,54,6 a 10 anos,Sábado,30,8,2025,06:00 - 07:00,Empresa,Individual,Poços de Caldas,MG,SE Poços de Caldas,-21.798888889680999,-46.613888888889001,VP Suprimentos e Serviços,VSS,-,SSCIS - Gerência CSC Infraestrutura,SSCISS - Gestão de Segurança,45901,45903,3,0,Não,,45901,Moto - Queda,"Escoriação, Abrasão",Perna Esquerda,Baixo,11,Médio,8 - Veículos e Equipamentos Móveis,(em investigação),,,,,,,,45899,
1,Próprio,Quase Acidente,Sim,Não ,CGT Eletrosul,Transmissão,Masculino,26,1 a 3 anos,Sábado,6,9,2025,07:00 - 08:00,Área rural,Individual,Santa Vitroria do Palmar,RS,SE Campo Mourão,-33.558439999999997,-53.37115,VP Operações e Segurança,Operações,OOG.S - Produção de Geração e Transmissão,OOGN.S - Produção de Transmissão Gerência Norte,OOGNL.S - O&M Londrina T CGT Eletrosul ,NA,NA,NA,NA,Não,NA,NA,NA,NA,NA ,,11,Médio,8 - Veículos e Equipamentos Móveis,,,,,,,,,45906,
1,Próprio,Típico sem afastamento,,Sim ,CGT Eletrosul,Transmissão,Masculino,58,Acima de 10 anos,Quarta - feira,17,9,2025,10:00 - 11:00,Área rural,Individual,Santa Vitória do Palmar ,RS,Divisão Laranjeiras do SuL ,-33.522190000000002,-53.36683,VP Operações e Segurança,Operações,OOG.S - Produção de Geração e Transmissão,OOGN.S - Produção de Transmissão Gerência Norte,OOGNA.S - O&M Areia Laranjeiras T CGT Eletrosul,NA,NA,NA ,NA,Não,NA,45919,"Torre, poste - edifício ou estrutura","Contusão, esmagamento (superfície cutânea intacta).","Nariz (inclusive fossas nasais, seios da face e olfato)",Baixo,11,Médio,2 - Percepção de Risco,,,,,,,,,45917,
1,Terceiro,Quase Acidente,,Não ,CGT Eletrosul,Transmissão,Masculino,36,Até 6 meses,Sábado,20,9,2025,11:00 - 12:00,Área rural,Individual,Angelina ,SC,Sede,-27.597490000000001,-48.54383,VP Operações e Segurança,Operações,OOM.S - Engenharia de Manutenção CGT Eletrosul ,OOMI.S - Gestão e Investimentos G&T CGT Eletrosul,NA ,NA,NA,NA ,NA,Não,NA,NA,NA,NA,NA,,11,Médio,3 - Trabalho em altura ,,,,,,,,,45920,
1,Próprio,Típico sem afastamento,,Sim ,CGT Eletrosul,Transmissão,Masculino,44,Acima de 10 anos,Terça - feira,23,9,2025,13:00 - 14:00,Empresa,Individual,Farroupilha ,RS,Divisão Farroupilha ,-29.215714999999999,-51.358316000000002,VP Operações e Segurança,Operações,OOG.S - Produção de Geração e Transmissão,OOGS.S - Produção de Geração e Transmissão Gerência Sul ,OOGSF.S,NA,NA,NA ,NA,Não,NA,,,,,Baixo,11,Médio,2 - Percepção de Risco,,,,,,,,,45923,
1,Próprio,Trajeto com afastamento,Não,Sim,CHESF,Transmissão,Masculino,28,1 a 3 anos,Segunda - feira,1,9,2025,11:00 - 12:00,Via pública,Individual,Matina,BA,BA 573,-13.839710999999999,-42.860626000000003,VP Operações e Segurança,Operações,OOT.C,OOTM.C,OOTMC.C,45901,45916,15,,Sim,,,Carro - Capotamento,Lesão,Braço Esquerdo,Médio,2,Crítico,8 - Veículos e Equipamentos Móveis,,,,,,,,,45901,
1,Terceiro,Quase Acidente,Não,Sim,CHESF,Geração - Hidráulica,Masculino,37,1 a 3 anos,Terça - feira,2,9,2025,09:00 - 10:00,Via pública,Individual,Paulo Afonso,BA,UPA,-9.4015005214103002,-38.221973055614903,VP Operações e Segurança,Operações,OOG.C,OOGA.C,OOGAS.C,,,,,,,,Carro - Colisão ,Sem Lesões,,,15,Baixo,8 - Veículos e Equipamentos Móveis,,,,,,,,,45902,
331,Próprio,Quase Acidente,,Sim,CHESF,Adm,,,,Quinta - feira,4,12,2025,15:00 - 16:00,Empresa,Individual,Teresina,PI,SE Teresina II,-5.1266872799999996,-42.799485060000002,"VP Gente, Gestão e Cultura",Outros,,,,,,,,,,,Outros,Sem Lesões,,,15,Baixo,Outros,,,,,,,,,45995,
1,Próprio,Quase Acidente,,Sim,CHESF,Adm,Masculino,56,Acima de 10 anos,Quarta - feira,3,9,2025,08:00 - 09:00,Empresa,Individual,Recife,PE,Sede Recife,-8.0635971547917507,-34.929949705626598,VP Engenharia de Expansão,Engenharia,EEG.C,EEGI.C,EEGIN.C,,,,,,,,Queda mesmo nível,Sem Lesões,,,15,Baixo,2 - Percepção de Risco,,,,,,,,,45903,Geração
1,Terceiro,Quase Acidente,,Sim,CHESF,Adm,Masculino,53,6 meses a 1 ano,Quarta - feira,3,9,2025,08:00 - 09:00,Via pública,Individual,Jaboatão dos Guararapes,PE,Via Pública,-8.1649659999999997,-34.998393,"VP Gente, Gestão e Cultura",Outros,GCS.C,GCSS.C,GCSST.C,,,,,,,,Outros,Sem Lesões,,,11,Médio,8 - Veículos e Equipamentos Móveis,,,,,,,,,45903,
1,Próprio,Típico sem afastamento,,Sim,Eletronorte,Telecomunicação,Masculino,35,1 a 3 anos,Quarta-feira,3,9,2025,15:00 - 16:00,Empresa,Dupla,Altamira,PA,Se Altamira,-3.2,-52.2,VP Operações e Segurança,Operações,Superintendência de Produção da Transmissão,Departamento Regional de Produção da transmissão ,OOTNA.N,N/A,N/A,0,0,Não,0,45905,Animal,,Face,Baixo,14,Baixo,2 - Percepção de Risco,,,,,,,,,45903,
1,Terceiro,Típico com afastamento,,Sim,CHESF,CSC,Masculino,27,Até 6 meses,Segunda - feira,8,9,2025,13:00 - 14:00,Empresa,Individual,Recife,PE,Sede Recife - Anexo V,-8.0635971547917507,-34.929949705626598,VP Suprimentos e Serviços,VSS,CSC,INFRA ESTRUTURA CORPORATIVA,GESTÃO DE MANUTENÇÃO E OBRAS,45908,45911,3,,,,,Queda mesmo nível,Lesão,Pé Esquerdo,Médio,10,Médio,2 - Percepção de Risco,,,,,,,,,45908,
1,Terceiro,Quase Acidente,,Sim,CHESF,Transmissão,Masculino,38,1 a 3 anos,Sexta - feira,12,9,2025,10:00 - 11:00,Empresa,Individual,Araçás,BA,LT JDMCMQ 05V7,-12.2066,-38.207526000000001,VP Operações e Segurança,Operações,OOT.C,OOTS.C,OOTSE.C,,,,,,,,Animal,Sem Lesões,,,11,Médio,2 - Percepção de Risco,,,,,,,,,45912,
1,Próprio,Quase Acidente,,Sim,CHESF,Geração - Hidráulica,Masculino,39,Acima de 10 anos,Sexta - feira,12,9,2025,11:00 - 12:00,Empresa,Individual,Paulo Afonso,BA,Usina IV,-9.4015005214103002,-38.221973055614903,VP Operações e Segurança,Operações,OOG.C,OOGA.C,OOGAS.C,,,,,,,,"Golpeado contra (correndo em direção, tropeçando em)",Lesão,Perna Direita,,14,Baixo,2 - Percepção de Risco,,,,,,,,,45912,
1,Terceiro,Quase Acidente,,Sim,CHESF,CSC,Masculino,47,1 a 3 anos,Terça - feira,16,9,2025,09:00 - 10:00,Empresa,Equipe,Fortaleza,CE,SE FORTALEZA,-3.5186638905442398,-38.526521638857403,VP Suprimentos e Serviços,VSS,CSC,INFRA ESTRUTURA OPERAÇÕES,OPERAÇÃO DE FACILITES E MANUTENÇÃO,,,,,,,,Golpeado por (atingido por objeto em movimento),Lesão,Face,,11,Médio,2 - Percepção de Risco,,,,,,,,,45916,
1,Terceiro,Quase Acidente,,Sim,CHESF,CSC,Masculino,31,Até 6 meses,Terça - feira,16,9,2025,11:00 - 12:00,Empresa,Individual,Recife,PE,Sede Recife - Anexo V,-8.0635971547917507,-34.929949705626598,VP Suprimentos e Serviços,VSS,CSC,INFRA ESTRUTURA OPERAÇÕES,"GESTÃO DE FROTAS, TRANSPORTE E MOBILIDADE",,,,,,,,Outros,Sem Lesões,,,15,Baixo,8 - Veículos e Equipamentos Móveis,,,,,,,,,45916,
1,Terceiro,Quase Acidente,,Sim,CHESF,CSC,Masculino,51,Até 6 meses,Quarta - feira,17,9,2025,10:00 - 11:00,Empresa,Individual,Paulo Afonso,BA,Centro Adm,-9.4015005214103002,-38.221973055614903,VP Suprimentos e Serviços,VSS,CSC,INFRA ESTRUTURA CORPORATIVA,GESTÃO DE FACILITES,,,,,,,,Animal,Lesão,,,16,Baixo,2 - Percepção de Risco,,,,,,,,,45917,
1,Próprio,Quase Acidente,,Sim,CHESF,Transmissão,Masculino,48,Acima de 10 anos,Quarta - feira,17,9,2025,13:00 - 14:00,Empresa,Equipe,Angelim,PE,SE ANGELIM,-8.8913759999999993,-36.294341000000003,VP Operações e Segurança,Operações,OOT.C,OOTR.C,OOTRM.C,,,,,,,,Outros,Sem Lesões,,,15,Baixo,4 - Eletricidade,,,,,,,,,45917,
1,Próprio,Trajeto com afastamento,,Sim,CHESF,Adm,Masculino,39,Acima de 10 anos,Terça - feira,23,9,2025,17:00 - 18:00,Via pública,Individual,Recife,PE,Via Pública,-8.0635971547917507,-34.929949705626598,VP Operações e Segurança,Operações,OOM.C,OOMP.C,OOMP.C,45923,45930,7,,,,,Outros,Lesão,Dedo da mão Esquerda,Médio,11,Médio,8 - Veículos e Equipamentos Móveis,,,,,,,,,45923,
1,Próprio,Quase acidente,Não,Não,Eletrobras,Geração - Hidráulica,Masculino,48,3 a 6 anos,Domingo,26,9,2025,15:00 - 16:00,Empresa,Equipe,Ibiraci,MG,UHE Mascarenhas de Moraes,-20.28631,-47.064571000000001,VP Operações e Segurança,Operações,OOG.F - Produção da Geração,OOGM.F - Gerência de Minas Gerais,OOGMA.F - Operação LCB M. Moraes,N/A,N/A,N/A,N/A,,N/A,N/A,,,,,14,Baixo,2 - Percepção de Risco,(em investigação),,,,,,,,45926,
1,Próprio,Quase Acidente,,Sim,Eletronorte,Geração - Hidráulica,,,,Terça-feira,2,9,2025,15:00 - 16:00,Empresa,,Candeias do Jamari,RO,UHE Samuel,-8.7618299999999998,-63.090200000000003,VP Operações e Segurança,Operações,Gerência Executiva  Produção de Geração Hidraulica,Diretoria de Operação e Manuteção - OO.N ,,N/A,N/A,N/A,N/A,N/A,N/A,N/A,,,,,11,Médio,Outros,,,,,,,,,45902,
1,Terceiro,Típico sem afastamento,,Sim,Eletronorte,CSC,Masculino,44,Até 6 meses,Sexta-feira,5,9,2025,10:00 - 11:00,Empresa,Individual,Brasilia,DF,SEDE,-15.77,-47.84,VP Suprimentos e Serviços,VSS,CSC,Infraestrutura de Operações,Gestão de Segurança,N/A,N/A,0,0,Sim,0,45905,"Líquido, NIC",Queimadura Térmica ,Partes Múltiplas,Baixo,16,Baixo,Outros,,,,,,,,,45905,
1,Terceiro,Típico sem afastamento,,Sim,Eletronorte,Geração - Hidráulica,Masculino,29,Até 6 meses,Quinta-feira,4,9,2025,01:00 - 02:00,Empresa,Individual,Jacareacanga,MT,UHE Teles Pires,-9.34,-56.77,VP Operações e Segurança,Operações,Gerência Executiva  Produção de Geração Hidraulica,,,N/A,N/A,0,0,Sim,0,,,,,Médio,11,Médio,2 - Percepção de Risco,,,,,,,,,45904,
1,Próprio,Típico sem afastamento,,Sim,Eletronorte,Transmissão,Masculino,44,Acima de 10 anos,Quarta-feira,3,9,2025,11:00 - 12:00,Empresa,Individual,Nobres ,MT,SE Nobres ,-14.72,-56.29,VP Operações e Segurança,Operações,Superintendência de Produção da Transmissão,Departamento Regional de Produção da transmissão ,,N/A,N/A,0,0,Sim,2,,,,,Baixo,14,Baixo,2 - Percepção de Risco,,,,,,,,,45903,
1,Próprio,Trajeto sem afastamento,,Sim,Eletronorte,Transmissão,Masculino,36,1 a 3 anos,Sexta-feira,19,9,2025,07:00 - 08:00,Via pública,Individual,São Luís,MA,Via Pública,-2.56,-44.25,VP Operações e Segurança,Operações,Superintendência de Produção da Transmissão,Departamento Regional de Produção da transmissão ,,,,0,0,Sim,0,,,,,Baixo,11,Médio,8 - Veículos e Equipamentos Móveis,,,,,,,,,45919,
1,Terceiro,Típico com afastamento,,Sim,Eletronorte,CSC,Feminino,40,6 meses a 1 ano,Sexta-feira,19,9,2025,11:00 - 12:00,Empresa,Individual,Brasilia,DF,SEDE,-15.77,-47.84,VP Suprimentos e Serviços,VSS,CSC,Infraestrutura de Operações,Operação de Facilites e Manutenção,45919,45926,7,,Não,,45919,Queda mesmo nível,Lesão,Perna Direita,Médio,11,Médio,2 - Percepção de Risco,,,,,,,,,45919,
1,Terceiro,Típico com afastamento,,Sim,Eletronorte,CSC,Masculino,31,Até 6 meses,Quinta-feira,18,9,2025,07:00 - 08:00,Empresa,Individual,Manaus,AM,Sede Administrativa,-3.0446620000000002,-59.967103899999998,VP Suprimentos e Serviços,VSS,CSC,Infraestrutura de Operações,Operação de Facilites e Manutenção,45887,45926,8,0,Não,,45919,Ferramenta Manual,Corte,Mão Direita,Médio,11,Médio,2 - Percepção de Risco,,,,,,,,,45918,
1,Terceiro,Trajeto com afastamento,,Sim,Eletronorte,CSC,Masculino,,1 a 3 anos,Sexta-feira,16,5,2025,17:00 - 18:00,Via pública,Dupla,Tucuruí,PA,Via Pública - BR 422 – Próximo ao Corpo de Bombeiro Militar - Tucuruí PA,-3.79,-49.66,VP Suprimentos e Serviços,VSS,CSC,Infraestrutura de Operações,Operação de Facilites e Manutenção,45793,45795,2,0,Não,0,45796,Moto - Queda,"Escoriação, Abrasão",Braço Direito,Baixo,15,Baixo,8 - Veículos e Equipamentos Móveis,,,,,,,,,45793,
1,Terceiro,Quase Acidente,,Sim,Eletronorte,CSC,Masculino,40,1 a 3 anos,Terça- feira,28,1,2025,16:00 - 17:00,Empresa,Individual,Tucuruí,PA,Almoxarifado SE Tucuruí,-3.79,-49.66,VP Suprimentos e Serviços,VSS,CSC,Infraestrutura Corporativa,Gestão de Manutenção e Obra,N/A,N/A,0,0,,,,Transporte manual de carga,Sem Lesões,Dedo da mão Direita,Baixo,15,Baixo,2 - Percepção de Risco,,,,,,,,,45685,
1,Terceiro,Típico sem afastamento,,Sim,Eletronorte,CSC,Masculino,42,3 a 6 anos,Sexta-feira,19,9,2025,09:00 - 10:00,Empresa,Individual,Porto Velho,RO,SE Coletora,-9.7200000000000006,-65.17,VP Suprimentos e Serviços,VSS,CSC,Infraestrutura de Operações,Operação de Facilites e Manutenção,45919,45919,0,0,não,0,45919,Veículo rodoviário motorizado,Lesão,Coluna,Baixo,14,Baixo,2 - Percepção de Risco,,,,,,,,,45919,
1,Próprio,Quase Acidente,,Sim,Eletronorte,Transmissão,Masculino,44,Acima de 10 anos,Terça-feira,23,9,2025,09:00 - 10:00,Empresa,Individual,Marabá,PA,SE Marabá,-5.4,-49.07,VP Operações e Segurança,Operações,Superintendência de Produção da Transmissão,Departamento Regional de Produção da transmissão ,,N/A,N/A,0,0,Não,0,,,,,,11,Médio,2 - Percepção de Risco,,,,,,,,,45923,
1,Terceiro,Quase Acidente,,Sim,Eletronorte,CSC,Masculino,34,Até 6 meses,Quarta-feira,24,9,2025,01:00 - 02:00,Empresa,Individual,Presidente Dutra,MA,SE Presidente Dutra,-5.26,-44.48,VP Suprimentos e Serviços,VSS,CSC,Infraestrutura de Operações,Gestão de Segurança,N/A,N/A,0,0,Sim,0,,,,,,14,Baixo,8 - Veículos e Equipamentos Móveis,,,,,,,,,45924,
1,Terceiro,Típico sem afastamento,,Sim,Eletronorte,Transmissão,Masculino,37,Até 6 meses,Segunda-feira,22,9,2025,11:00 - 12:00,Área rural,Dupla,Comodoro,MT,LT (Número da torre 407),,,VP Operações e Segurança,Operações,Superintendência de Produção da Transmissão,Departamento Regional de Produção da transmissão ,,,,,,,,,,,,Baixo,14,Baixo,2 - Percepção de Risco,,,,,,,,,45922,
1,Terceiro,Quase Acidente,,Sim,Eletronorte,CSC,Masculino,26,Até 6 meses,Sexta-feira,26,9,2025,15:00 - 16:00,Empresa,Dupla,São Luís,MA,SE São Luís I,-2.56,-44.25,VP Suprimentos e Serviços,VSS,CSC,Infraestrutura Corporativa,Gsetão de Manutenção e Obras,N/A,N/A,0,0,Não,0,,,,,,11,Médio,10 - Produtos Químicos Perigosos,,,,,,,,,45926,
1,Terceiro,Trajeto sem afastamento,,Sim,Eletronorte,CSC,Masculino,22,1 a 3 anos,Sexta-feira,7,2,2025,12:00- 13:00,Via pública,Dupla,Tucuruí,PA,Almoxarifado SE Tucuruí,-3.79,-49.66,VP Suprimentos e Serviços,VSS,CSC,Infraestrutura de Operações,Operação de Facilites e Manutenção,N/A,N/A,0,0,Não,0,45701,Moto - Queda,"Escoriação, Abrasão",Braço Esquerdo,Baixo,15,Baixo,8 - Veículos e Equipamentos Móveis,Pneu estourado,,,,,,,,45695,
1,Próprio,Quase acidente,Não,Não,Eletrobras,Geração - Hidráulica,Masculino,48,6 a 10 anos,Segunda - feira,1,9,2025,15:00 - 16:00,Empresa,Equipe,Pedregulho,SP,UHE Luiz Carlos Barreto de Carvalho,-20.155028999999999,-47.281723,VP Operações e Segurança,Operações,OOG.F - Produção da Geração,OOGM.F - Gerência de Minas Gerais,OOGMB.F - O&M Luiz Carlos Barreto G Sudeste,N/A,N/A,N/A,N/A,,N/A,N/A,,,,,14,Baixo,2 - Percepção de Risco,(em investigação),,,,,,,,45901,
1,Terceiro,Típico com afastamento,Não,Sim,Eletrobras,CSC,Masculino,25,Até 6 meses,Quinta - feira,11,9,2025,11:00 - 12:00,Empresa,Equipe,Fronteira,MG,UHE Marimbondo,-20.303169,-49.198532,VP Suprimentos e Serviços,VSS,-,SSCIS - Gerência CSC Infraestrutura,SSCISO - Gestão de Manutenção e Obras,45912,45972,59,0,Não,,45911,Golpeado por (atingido por objeto em movimento),"Laceração, Corte",Mão Direita,Médio,5,Alto,7 - Bloqueio e Proteção,Falha do procedimento quanto ao uso do náilon para a atividade de acabamento nas canaletas,Falta de percepção de risco do Colaborador quanto ao risco de projeção de fragmentos,,,,,,,45911,
1,Terceiro,Quase acidente,Sim,Não,Eletrobras,Geração - Hidráulica,Masculino,32,1 a 3 anos,Quinta - feira,18,9,2025,08:00 - 09:00,Empresa,Individual,Ibiraci,MG,UHE Mascarenhas de Moraes,-20.28631,-47.064571000000001,VP Operações e Segurança,Operações,OOG.F - Produção da Geração,OOGM.F - Gerência de Minas Gerais,OOGMA.F - Operação LCB M. Moraes,N/A,N/A,N/A,N/A,,N/A,N/A,,,,,16,Baixo,8 - Veículos e Equipamentos Móveis,Possível falta de atenção do condutor,Falta de delimitação fisica,,,,,,,45918,
1,Terceiro,Quase acidente,Não,Não,Eletrobras,CSC,Masculino,49,,Quinta - feira,18,9,2025,16:00 - 17:00,Empresa,Equipe,Ibiraci,MG,UHE Mascarenhas de Moraes,-20.28631,-47.064571000000001,VP Suprimentos e Serviços,VSS,-,SSCIS - Gerência CSC Infraestrutura,SSCISO - Gestão de Manutenção e Obras,N/A,N/A,N/A,N/A,,N/A,N/A,,,,,8,Alto,4 - Eletricidade,Descumprimento de Procedimento de Segurança (remoção da proteção acrílica sem autorização),,,,,,,,45918,
1,Terceiro,Típico com afastamento,Não,Sim,Eletrobras,Transmissão,Masculino,25,Até 6 meses,Domingo,21,9,2025,17:00 - 18:00,Área rural,Equipe,Angra dos Reis,RJ,LT 500kV Angra dos Reis - Cachoeira Paulista / torre 02,-23.005075999999999,-44.453645000000002,VP Operações e Segurança,Operações,-,OOMI.F - Gestão e Investimentos,-,,,1,,,,,Ferramenta Manual,,Tórax,Médio,11,Médio,2 - Percepção de Risco,(em investigação),,,,,,,,45921,
1,Terceiro,Típico sem afastamento,Não,Sim,Eletrobras,CSC,Masculino,28,3 a 6 anos,Terça- feira,28,1,2025,15:00 - 16:00,Empresa,Individual,Planura,MG,UHE Porto Colômbia,-20.121587000000002,-48.602158000000003,VP Suprimentos e Serviços,VSS,-,SSCIS - Gerência CSC Infraestrutura,SSCISCF - Coordenação Infra. Sudeste,N/A,N/A,N/A,N/A,,N/A,45686,Animal,Lesão,Face,Baixo,11,Médio,2 - Percepção de Risco,O barulho da motopoda pode ter causado o incômodo da abelha no local,,,,,,,,45685,
1,Terceiro,Quase acidente,Sim,Não,Eletrobras,CSC,Masculino,45,1 a 3 anos,Terça - feira,23,9,2025,10:00 - 11:00,Empresa,Individual,São José da Barra,MG,UHE Furnas,-22.528839000000001,-44.568314000000001,VP Suprimentos e Serviços,VSS,-,SSCIS - Gerência CSC Infraestrutura,SSCISO - Gestão de Manutenção e Obras,N/A,N/A,N/A,N/A,,N/A,N/A,,,,,14,Baixo,7 - Bloqueio e Proteção,Equipamento inadequado para uso em terrenos irregulares que tenham presença e/ou circulação de pessoas,"Presença de resíduos menores de madeira, ocultos na grama",,,,,,,45923,
1,Terceiro,Típico com afastamento,Não,Sim,Eletrobras,CSC,Masculino,26,Até 6 meses,Terça - feira,23,9,2025,11:00 - 12:00,Empresa,Equipe,São José dos Campos,SP,UHE Jaguari,-23.1958667,-46.021084000000002,VP Suprimentos e Serviços,VSS,-,SSCIS - Gerência CSC Infraestrutura,SSCISO - Gestão de Manutenção e Obras,,,4,0,Não,,,,,,Médio,5,Alto,3 - Trabalho em Altura,(em investigação),,,,,,,,45923,
1,Terceiro,Quase Acidente,,Sim,CHESF,Transmissão,,,,Quarta - feira,24,9,2025,11:00 - 12:00,Área rural,Equipe,Jeremoabo,BA,LT PAQ-JER 05S5,-10.0731512145525,-38.3479307845272,VP Operações e Segurança,Operações,OOT.C,OOTB.C,OOTBB.C,,,,,,,,Outros,Sem Lesões,,,13,Médio,4 - Eletricidade,,,,,,,,,45924,
1,Terceiro,Fatalidade Trajeto,,Sim,Eletrobras,Adm,Masculino,33,3 a 6 anos,Sábado,26,7,2025,18:00 - 19:00,Via pública,Individual,Niquelândia,GO,"Rodovia GO-237, km 193",-14.471972222779,-48.753527777777997,VP Operações e Segurança,Operações,-,OOAM.F - Meio Ambiente da Operação Sudeste,-,N/A,N/A,0,6000,,N/A,,,,,Alto,4,Alto,8 - Veículos e Equipamentos Móveis,,,,,,,,,45864,
1,Próprio,Quase Acidente,Sim,Sim,Eletronorte,Transmissão,Masculino,41,Acima de 10 anos,Sexta-feira,30,9,2025,11:00 - 12:00,Empresa,Individual,Rio Branco,AC,SE Rio Branco,-9.9661299999999997,-67.386600000000001,VP Operações e Segurança,Operações,Superintendência de Produção da Transmissão,Departamento Regional de Produção da transmissão Norte,,N/A,N/A,0,0,Não,0,N/A,,,,,15,Baixo,8 - Veículos e Equipamentos Móveis,,,,,,,,,45930,
1,Próprio,Quase Acidente,Próprio,Sim,CHESF,Transmissão,Masculino,61,Acima de 10 anos,Segunda - feira,29,9,2025,16:00 - 17:00,Empresa,Individual,Pedra Branca,CE,SE TAUÁ II,-5.2004450000000002,-37.448174000000002,VP Operações e Segurança,Operações,OOT.C,OOTM.C,OOTM.C,,,,,,,,Outros,Sem Lesões,,,16,Baixo,8 - Veículos e Equipamentos Móveis,,,,,,,,,45929,
1,Terceiro,Típico sem afastamento,,Não ,CGT Eletrosul,CSC,Masculino,26,Até 6 meses,Sexta - feira,3,10,2025,09:00 - 10:00,Via pública,Individual,Ivaiporã,PR,SE Londrina,-23.316839999999999,-51.16337,VP Suprimentos e Serviços,VSS,NA ,Infra Estrutura Operações,Operação  de Facilites e Manutenção,NA,NA,NA ,NA,Não,NA,45939," Tubo sob pressão (mangueira ou tubo para liquido, gás ou vapor)","Congelamento, geladura e outros efeitos da exposição à baixa temperatura.",Mão (exceto punho ou dedos)_x000D_,Baixo,15,Baixo,11 - Não se Aplica,,,,,,,,,45933,
1,Terceiro,Quase Acidente,Não ,Não ,CGT Eletrosul,CSC,Masculino ,40,Até 6 meses,Quarta - feira,15,10,2025,07:00 - 08:00,Via pública,Individual,Pinhão ,PR,SE Curitiba ,-25.433029999999999,-49.247929999999997,VP Suprimentos e Serviços,Outros,NA ,Infra Estrutura Operações,"Gestão de Frotas, Transporte e Mobilidade ",NA,NA,NA ,NA,Não,NA,NA,NA,NA,NA,,11,Médio,8 - Veículos e Equipamentos Móveis,,,,,,,,,45945,
1,Terceiro,Quase Acidente,,Sim,CHESF,CSC,,,,Segunda - feira,6,10,2025,09:00 - 10:00,Empresa,Equipe,Teresina,PI,Almoxarifado,-5.1266872799999996,-42.799485060000002,VP Suprimentos e Serviços,VSS,CSC,INFRA ESTRUTURA OPERAÇÕES,OPERAÇÃO DE FACILITES E MANUTENÇÃO,,,,,,,,Transporte manual de carga,Sem Lesões,,,15,Baixo,2 - Percepção de Risco,,,,,,,,,45936,
1,Terceiro,Quase Acidente,,Sim,CHESF,Geração - Eólica,,,,Quarta - feira,8,10,2025,08:00 - 09:00,Empresa,Individual,Casa Nova,BA,Casa Nova A,-9.1698489999999993,-40.983567000000001,VP Operações e Segurança,Operações,OOG. C,OOGS.C,OOGSS.C,,,,,,,,Outros,Sem Lesões,,,8,Alto,11 - Não se Aplica,,,,,,,,,45938,
1,Terceiro,Quase Acidente,,Sim,CHESF,Transmissão,Masculino,23,Até 6 meses,Sexta - feira,10,10,2025,14:00 - 15:00,Via pública,Individual,Milagres,CE,Via Pública,-7.3074000000000003,-38.937890000000003,"VP Gente, Gestão e Cultura",Outros, GS/STSTNDTR, GS/STSTNDTR, GS/STSTNDTR,,,,,,,,Animal,Sem Lesões,,,13,Médio,11 - Não se Aplica,,,,,,,,,45940,
1,Terceiro,Quase Acidente,,Sim,CHESF,CSC,Masculino,45,3 a 6 anos,Quarta - feira,8,10,2025,10:00 - 11:00,Empresa,Individual,Abreu e Lima,PE,Almoxarifado de Abreu e Lima,-7.8889795578967901,-34.9025711939505,VP Suprimentos e Serviços,VSS,ISG,INFRA ESTRUTURA OPERAÇÕES,OPERAÇÃO DE FACILITES E MANUTENÇÃO,,,,,,,,Atingido por (pontos agudos ou cortantes),Sem Lesões,,,15,Baixo,2 - Percepção de Risco,,,,,,,,,45938,
1,Terceiro,Quase Acidente,,Sim,CHESF,Geração - Hidráulica,Masculino,38,1 a 3 anos,Segunda - feira,13,10,2025,16:00 - 17:00,Empresa,Individual,Guadalupe,PI,Usina Boa Esperança,-6.7489999668621898,-43.566127559099698,VP Operações e Segurança,Operações,OOG.C,OOGS.C,OOGSB.C,,,,,,,,Outros,Sem Lesões,,,15,Baixo,2 - Percepção de Risco,,,,,,,,,45943,
1,Terceiro,Quase Acidente,Próprio,Sim,CHESF,CSC,Masculino,37,Até 6 meses,Sexta - feira,17,10,2025,13:00 - 14:00,Via pública,Individual,Recife,PE,Avenida Beberibe 3194,-8.0635971547917507,-34.929949705626598,VP Suprimentos e Serviços,VSS,CSC,INFRA ESTRUTURA OPERAÇÕES,"GESTÃO DE FROTAS, TRANSPORTE E MOBILIDADE",,,,,,,,Outros,Sem Lesões,,,6,Alto,8 - Veículos e Equipamentos Móveis,,,,,,,,,45947,
1,Terceiro,Quase Acidente,,Sim,CHESF,Transmissão,Masculino,29,,Quinta - feira,16,10,2025,08:00 - 09:00,Área rural,Equipe,São José do Belmonte,PE, LT 04F4-MTD/BNO,-7.8647179999999999,-38.760002,VP Operações e Segurança,Operações,OOT.C,OOTF.C,OOTFI.C,,,,,,,,Outros,Sem Lesões,,,15,Baixo,3 - Trabalho em Altura,,,,,,,,,45946,
1,Terceiro,Quase Acidente,,Sim,CHESF,Transmissão,Masculino,58,,Quinta - feira,16,10,2025,08:00 - 09:00,Área rural,Equipe,Jaguarari,BA,LT 04L1 JGR-SNB - Estrutura 100-2,-10.257909070071699,-40.195187662714297,VP Operações e Segurança,Operações,OOTB.C,OOTBA.C,OOTBA.C,,,,,,,,Outros,Sem Lesões,,,15,Baixo,3 - Trabalho em Altura,,,,,,,,,45946,
1,Terceiro,Típico com afastamento,,Sim,CHESF,CSC,Masculino,27,Até 6 meses,Segunda - feira,22,10,2025,13:00 - 14:00,Empresa,Individual,Recife,PE,SE Recife II,-8.0635971547917507,-34.929949705626598,VP Suprimentos e Serviços,VSS,CSC,INFRA ESTRUTURA CORPORATIVA,GESTÃO DE MANUTENÇÃO E OBRAS,45952,45954,2,,,,,Outros,Lesão,Pé Esquerdo,Médio,10,Médio,2 - Percepção de Risco,,,,,,,,,45952,
1,Terceiro,Típico sem afastamento,,Sim,CHESF,Logistica,Masculino,31,1 a 3 anos,Segunda - feira,27,10,2025,14:00 - 15:00,Empresa,Individual,Abreu e Lima,PE,Almoxarifado de Abreu e Lima,-7.8889795578967901,-34.9025711939505,VP Suprimentos e Serviços,VSS,CSC,SSCISO,SSCISO,,,,,,,,Golpeado por (atingido por objeto em movimento),Lesão,Pé Esquerdo,Médio,11,Médio,8 - Veículos e Equipamentos Móveis,,,,,,,,,45957,
1,Terceiro,Quase Acidente,,Sim,CHESF,Logistica,Masculino,20,Até 6 meses,Terça - feira,28,10,2025,08:00 - 09:00,Empresa,Individual,Dias Dávila,BA,Almoxarifado de Camaçari,-12.620089999999999,-38.343640000000001,VP Suprimentos e Serviços,VSS,CSC,GLOANE,GLOANE,,,,,,,,Outros,Lesão,Dedo da mão Esquerda,,15,Baixo,Outros,,,,,,,,,45958,
1,Terceiro,Quase Acidente,,Sim,CHESF,Transmissão,Masculino,29,3 a 6 anos,Quinta - feira,30,10,2025,11:00 - 12:00,Empresa,Individual,São José do Belmonte,PE,LT 04F4-MTD/BNO,-7845648,-38885052,VP Operações e Segurança,Operações,OOT.C,OOTF.C,OOTFI.C,,,,,,,,Outros,Sem Lesões,,,13,Médio,3 - Trabalho em Altura,,,,,,,,,45960,
1,Terceiro,Típico sem afastamento,,Sim,CHESF,Transmissão,Masculino,21,Até 6 meses,Quarta - feira,29,10,2025,12:00 - 13:00,Empresa,Individual,São Joao,PE,LT PAQ/AGD 500 kV – 05L6,-8866007,-36375641,VP Operações e Segurança,Operações,OOT.C,OOTR.C,OOTRM.C,,,,,,,,Animal,Lesão,,Baixo,15,Baixo,Outros,,,,,,,,,45959,
1,Próprio,Típico sem afastamento,,Sim,Eletronorte,Transmissão,Masculino,55,Acima de 10 anos,Segunda-feira,6,10,2025,10:00 - 11:00,Empresa,Equipe,Belém,PA,SE Miramar ,-1.411,-48.486400000000003,VP Operações e Segurança,Operações,Superintendência de Produção da Transmissão,Departamento Regional de Produção da transmissão ,OOTNB.N,N/A,N/A,0,0,Sim,27,45939,Golpeado por (atingido por objeto em movimento),Lesão,Partes Múltiplas,Médio,13,Médio,8 - Veículos e Equipamentos Móveis,,,,,,,,,45936,
1,Terceiro,Quase Acidente,,Sim,Eletronorte,CSC,Masculino,42,6 meses a 1 ano,Sexta-feira,10,10,2025,18:00 - 19:00,Via pública,Individual,Marabá,PA,Via Pública,,,VP Suprimentos e Serviços,VSS,CSC,Infraestrutura de Operações,"Gestão de Frotas, Transporte e Mobilidade",N/A,N/A,0,0,Sim,0,,,,,,11,Médio,8 - Veículos e Equipamentos Móveis,,,,,,,,,45940,
1,Terceiro,Típico sem afastamento,,Sim,Eletronorte,CSC,Feminino,36,6 meses a 1 ano,Quinta-feira,16,10,2025,14:00 - 15:00,Empresa,Individual,Rio Branco,AC,UTE Rio Branco I,-9.9656000000000002,-67.791899999999998,VP Suprimentos e Serviços,VSS,CSC,Infraestrutura de Operações,Gestão de Segurança,N/A,N/A,0,0,Sim,0,45947,Queda mesmo nível,"Escoriação, Abrasão",Perna Esquerda,Baixo,14,Baixo,2 - Percepção de Risco,,,,,,,,,45946,
1,Terceiro,Trajeto com afastamento,,Sim,Eletronorte,CSC,Feminino,26,Até 6 meses,Quarta-feira,8,10,2025,07:00 - 08:00,Via pública,Individual,Tucuruí,PA,Via Pública,,,VP Suprimentos e Serviços,VSS,CSC,Infraestrutura de Operações,Gestão de Segurança,45938,45942,4,0,Não,0,45951,Moto - Queda,Luxação,Perna Esquerda,Médio,10,Médio,8 - Veículos e Equipamentos Móveis,,,,,,,,,45938,
1,Terceiro,Típico sem afastamento,,Sim,Eletronorte,CSC,Masculino,40,Até 6 meses,Segunda-feira,20,10,2025,10:00 - 11:00,Empresa,Equipe,Tucuruí,PA,SE Tucuruí,-3.79,-49.66,VP Suprimentos e Serviços,VSS,CSC,Infraestrutura Corporativa,Gsetão de Manutenção e Obras,N/A,N/A,0,0,Sim,0,45950,Escada - Queda,"Escoriação, Abrasão",Partes Múltiplas,Médio,13,Médio,2 - Percepção de Risco,,,,,,,,,45950,
1,Terceiro,Quase Acidente,,Sim,Eletronorte,CSC,Masculino,41,6 a 10 anos,Sábado,4,10,2025,14:00 - 15:00,Via pública,Dupla,Presidente Dutra,MA,Via Pública,,,VP Suprimentos e Serviços,VSS,CSC,Infraestrutura de Operações,"Gestão de Frotas, Transporte e Mobilidade",N/A,N/A,0,0,Não,0,N/A,,,,,4,Alto,8 - Veículos e Equipamentos Móveis,,,,,,,,,45934,
1,Terceiro,Quase Acidente,,Sim,Eletronorte,Geração - Hidráulica,,,,Sexta-feira,3,10,2025,11:00 - 12:00,Empresa,Equipe,Tucuruí,PA,UHE Tucuruí,-3.79,-49.66,VP Suprimentos e Serviços,VSS,Superintendência de Coordenação Regional do CSC Norte,,,N/A,N/A,0,0,Não,0,N/A,,,,,11,Médio,6 - Linha de Perigo,,,,,,,,,45933,
1,Próprio,Quase Acidente,,Sim,Eletronorte,Geração - Hidráulica,,,,Quarta-feira,15,10,2025,14:00 - 15:00,Empresa,Individual,Presidente Figueiredo,AM,UHE Balbina,-1.91,-59.47,VP Operações e Segurança,Operações,Gerência Executiva  Produção de Geração Hidraulica,,OOGBA.N,N/A,N/A,0,0,Não,0,N/A,,,,,11,Médio,7 - Bloqueio e Proteção,,,,,,,,,45945,
1,Terceiro,Quase Acidente,,Sim,Eletronorte,Geração - Hidráulica,,,,Segunda-feira,20,10,2025,09:00 - 10:00,Empresa,Individual,Tucuruí,PA,UHE Tucuruí,-3.79,-49.66,VP Suprimentos e Serviços,VSS,Superintendência de Coordenação Regional do CSC Norte,,OOMG.N,N/A,N/A,0,0,Não,0,N/A,,,,Baixo,13,Médio,6 - Linha de Perigo,,,,,,,,,45950,
1,Terceiro,Quase Acidente,,Sim,Eletronorte,Geração - Hidráulica,,,,Quarta-feira,22,10,2025,10:00 - 11:00,Empresa,Equipe,Tucuruí,PA,UHE Tucuruí,-3.79,-49.66,VP Operações e Segurança,Operações,Gerência Executiva  Produção de Geração Hidraulica,,OOMG.N,N/A,N/A,0,0,Não,0,N/A,,,,Baixo,13,Médio,6 - Linha de Perigo,,,,,,,,,45952,
1,Próprio,Trajeto sem afastamento,,Sim,Eletronorte,Telecomunicação,Masculino,50,Acima de 10 anos,Quarta-feira,22,10,2025,18:00 - 19:00,Via pública,Individual,Belém,PA,Via Pública,,,VP Operações e Segurança,Operações,Superintendência de Produção da Transmissão,Departamento Regional de Produção da transmissão ,,N/A,N/A,0,0,Sim,0,,,,,Baixo,14,Baixo,8 - Veículos e Equipamentos Móveis,,,,,,,,,45952,
1,Próprio,Quase Acidente,,Sim,Eletronorte,Transmissão,Masculino,51,Acima de 10 anos,Sexta-feira,31,10,2025,10:00 - 11:00,Via pública,Individual,Belém,PA,Via Pública Rodovia BR-226,,,VP Operações e Segurança,Operações,Superintendência de Produção da Transmissão,Departamento Regional de Produção da transmissão ,,N/A,N/A,0,0,Não,0,N/A,,,,,11,Médio,8 - Veículos e Equipamentos Móveis,,,,,,,,,45961,
1,Próprio,Desvio Crítico,Não,Não,Eletrobras,Adm,,,,Domingo,17,8,2025,09:00 - 10:00,Empresa,,Foz do Iguaçu,PR,SE Foz do Iguaçu,-25.466737999999999,-54.541885000000001,VP Operações e Segurança,Operações,OOT.F - Produção da Transmissão,OOTP.F - Gerência Parana e São Roque,OOTPB.F - Op. Foz do Iguaçu,N/A,N/A,N/A,N/A,,N/A,N/A,,,,,16,Baixo,2 - Percepção de Risco,Possível limite da vida útil do equipamento ou fiação,,,,,,,,45886,
1,Terceiro,Desvio Crítico,,Sim,Eletronorte,Geração - Hidráulica,,,,Quarta - feira,3,4,2025,10:00 - 11:00,Empresa,Equipe,Ferreira Gomes,AP,UHE Coaracy Nunes,0.90,-51.25,VP Operações e Segurança,Operações,Gerência Executiva de Produção de Geração Hidraulica,OOGN,,N/A,N/A,,,,,N/A,,Sem Lesões,,,11,Médio,11 - Não se Aplica,Fumaça propaganda por ação do departamento de endemias,,,,,,,,45750,
1,Próprio,Trajeto sem afastamento,Não,Sim,Eletrobras,Adm,Feminino,53,,Sexta - feira,3,10,2025,06:00 - 07:00,Via pública,Individual,Rio de Janeiro,RJ,SE Jacarepaguá,,,"VP Gente, Gestão e Cultura",Operações,GCS - Saúde e Segurança no Trabalho,GCSP - Saúde Integral,GCSPS.F - Saúde Sudeste,N/A,N/A,N/A,N/A,,N/A,45936,Carro - Colisão ,Outros,Não se Aplica,Baixo,7,Alto,8 - Veículos e Equipamentos Móveis,(em investigação),,,,,,,,45933,
1,Terceiro,Quase acidente,Não,Não,Eletrobras,CSC,Masculino,36,3 a 6 anos,Sexta - feira,3,10,2025,06:00 - 07:00,Via pública,Individual,Santo Antonio do Descoberto,GO,SE Brasília Sul,,,VP Suprimentos e Serviços,VSS,-,SSCIS - Gerência CSC Infraestrutura,SSCISO - Gestão de Manutenção e Obras,N/A,N/A,N/A,N/A,,N/A,N/A,,,,,14,Baixo,8 - Veículos e Equipamentos Móveis,Distância segura entre veículos,,,,,,,,45933,
1,Terceiro,Típico sem afastamento,Não,Sim,Eletrobras,CSC,Feminino,> 60,3 a 6 anos,Sexta - feira,3,10,2025,09:00 - 10:00,Empresa,Equipe,São Paulo,SP,SE Guarulhos,-23.441897999999998,-46.585777,VP Suprimentos e Serviços,VSS,-,SSCIS - Gerência CSC Infraestrutura,SSCISO - Gestão de Manutenção e Obras,,,,,,,,,,,Baixo,14,Baixo,2 - Percepção de Risco,,,,,,,,,45933,
1,Próprio,Trajeto com afastamento,Não,Sim,Eletrobras,Adm,Masculino,31,Até 6 meses,Sexta - feira,3,10,2025,17:00 - 18:00,Via pública,Individual,Rio de Janeiro,RJ,EBM,,,Diretoria Comunicação,Outros,DCOC - Conteúdo Digital e Planejamento,DCOCD - Conteúdo Digital,-,45934,45945,12,0,Sim,,45940,Moto - Queda,Fratura,Perna Esquerda,Médio,5,Alto,8 - Veículos e Equipamentos Móveis,(em investigação),,,,,,,,45933,
1,Terceiro,Trajeto sem afastamento,Não,Sim,Eletrobras,CSC,Masculino,29,1 a 3 anos,Domingo,5,10,2025,18:00 - 19:00,Via pública,Individual,Rio de Janeiro,RJ,SE Zona Oeste,-23.0176460862433,-43.482991218622402,VP Suprimentos e Serviços,VSS,-,SSCIS - Gerência CSC Infraestrutura,SSCISS - Gestão de Segurança,N/A,N/A,N/A,N/A,Não,N/A,45937,Carro - Colisão ,Lesão,Cabeça,Médio,10,Médio,8 - Veículos e Equipamentos Móveis,(em investigação),,,,,,,,45935,
1,Terceiro,Quase acidente,Não,Não,Eletrobras,CSC,Masculino,37,1 a 3 anos,Sábado,11,10,2025,16:00 - 17:00,Empresa,Individual,Caldas Novas,GO,UHE Corumbá,-17.989305000000002,-48.530971999999998,VP Suprimentos e Serviços,VSS,-,SSCIS - Gerência CSC Infraestrutura,SSCISS - Gestão de Segurança,N/A,N/A,N/A,N/A,,N/A,N/A,,,,,10,Médio,8 - Veículos e Equipamentos Móveis,(em investigação),,,,,,,,45941,
1,Próprio,Quase Acidente,Não,Não,Eletrobras,Transmissão,,,,Domingo,12,10,2025,17:00 - 18:00,Empresa,Equipe,Rio Verde,GO,SE Rio Verde,-17.76107,-50.883994999999999,VP Operações e Segurança,Operações,OOT.F - Produção da Transmissão,OOTG.F - Gerência Goiás,OOTGC.F - O&M de Goiás,N/A,N/A,N/A,N/A,,N/A,N/A,,,,,15,Baixo,11 - Não se Aplica,(em investigação),,,,,,,,45942,
1,Terceiro,Quase acidente,Não,Não,Eletrobras,CSC,Masculino,50,,Sexta - feira,17,10,2025,04:00 - 05:00,Empresa,Individual,Minaçu,GO,UHE Serra da Mesa,-13.841267999999999,-48.296284,VP Suprimentos e Serviços,VSS,-,SSCIS - Gerência CSC Infraestrutura,SSCISS - Gestão de Segurança,N/A,N/A,N/A,N/A,,N/A,N/A,,,,,14,Baixo,8 - Veículos e Equipamentos Móveis,(em investigação),,,,,,,,45947,
1,Terceiro,Quase Acidente,Não,Não,Eletrobras,Transmissão,Masculino,37,Até 6 meses,Sexta - feira,24,10,2025,10:00 - 11:00,Área rural,Equipe,Itumbiara,GO,,,,VP Operações e Segurança,Operações,OOT.F - Produção da Transmissão,OOTG.F - Gerência Goiás,OOTGC.F - O&M de Goiás,N/A,N/A,N/A,N/A,,N/A,N/A,,,,Baixo,13,Médio,2 - Percepção de Risco,(em investigação),,,,,,,,45954,
1,Terceiro,Típico com afastamento,Não,Sim,Eletrobras,Transmissão,Masculino,46,Até 6 meses,Segunda - feira,27,10,2025,17:00 - 18:00,Área rural,Equipe,Itapeva,SP,LT 600kV Foz do Iguaçu - Ibiúna / t.1278,-24.015958000000001,-48.976846999999999,VP Operações e Segurança,Operações,OOT.F - Produção da Transmissão,OOTP.F - Gerência Parana e São Roque,OOTPD.F - O&M Itaberá T Sudeste,45958,45960,3,0,Não,,,,,,Médio,9,Médio,2 - Percepção de Risco,(em investigação),,,,,,,,45957,
1,Terceiro,Típico com afastamento,Não,Sim,Eletrobras,Transmissão,Masculino,21,Até 6 meses,Quarta - feira,29,10,2025,11:00 - 12:00,Área rural,Equipe,Itapeva,SP,LT 600kV Foz do Iguaçu - Ibiúna / t.1267,-24.021177000000002,-49.027079000000001,VP Operações e Segurança,Operações,OOT.F - Produção da Transmissão,OOTP.F - Gerência Parana e São Roque,OOTPD.F - O&M Itaberá T Sudeste,45960,45964,5,0,Não,,,,,,Médio,9,Médio,2 - Percepção de Risco,(em investigação),,,,,,,,45959,
1,Próprio,Típico com afastamento,Não,Sim,Eletrobras,Geração - Hidráulica,Masculino,46,Acima de 10 anos,Quinta - feira,30,10,2025,08:00 - 09:00,Empresa,Individual,Pedregulho,SP,UHE Luiz Carlos Barreto de Carvalho,-20.155028999999999,-47.281723,VP Operações e Segurança,Operações,OOG.F - Produção da Geração,OOGM.F - Gerência de Minas Gerais,OOGMB.F - O&M Luiz Carlos Barreto G Sudeste,45961,45962,2,0,Não,,45961,Escada - Queda,"Distensão, Torção",Partes Múltiplas,Baixo,14,Baixo,2 - Percepção de Risco,Escada com material fadigado,,,,,,,,45960,
1,Terceiro,Quase Acidente,Não,Sim,Eletrobras,CSC,Feminino,54,Até 6 meses,Quinta - feira,30,10,2025,16:00 - 17:00,Empresa,Individual,São José da Barra,MG,UHE Furnas,-20.670172000000001,-46.317588999999998,VP Suprimentos e Serviços,VSS,-,SSCIS - Gerência CSC Infraestrutura,SSCISO - Gestão de Manutenção e Obras,N/A,N/A,N/A,N/A,Não,N/A,N/A,,,,Baixo,14,Baixo,2 - Percepção de Risco,Falta de inspeção ambiental e de controle preventivo para identificação de fauna silvestre,,,,,,,,45960,
1,Próprio,Quase acidente,Sim,Não,Eletrobras,Geração - Hidráulica,Masculino,23,1 a 3 anos,Sexta - feira,31,10,2025,09:00 - 10:00,Via pública,Individual,Planura,MG,UHE Porto Colômbia,-20.127773000000001,-48.571841999999997,VP Operações e Segurança,Operações,OOG.F - Produção da Geração,OOGM.F - Gerência de Minas Gerais,OOGMP.F - O&M Marimb. P. Colomb.,N/A,N/A,N/A,N/A,,N/A,N/A,,,,,14,Baixo,8 - Veículos e Equipamentos Móveis,(em investigação),,,,,,,,45961,
1,Terceiro,Quase acidente,Sim,Não,Eletrobras,CSC,Masculino,29,1 a 3 anos,Sexta - feira,31,10,2025,17:00 - 18:00,SPE,Individual,Pompéu,MG,UHE Retiro Baixo (SPE),,,VP Operações e Segurança,Operações,OOG.F - Produção da Geração,OOGM.F - Gerência de Minas Gerais,OOGMR.F - O&M de Retiro Baixo,N/A,N/A,N/A,N/A,,N/A,N/A,,,,,14,Baixo,8 - Veículos e Equipamentos Móveis,(em investigação),,,,,,,,45961,
1,Próprio,Típico sem afastamento,Não,Sim,Eletrobras,Adm,Feminino,52,1 a 3 anos,Quinta - feira,18,9,2025,15:00 - 16:00,Empresa,Individual,Rio de Janeiro,RJ,EBM,-22.9101812,-43.173720299999999,Diretoria Comunicação,Outros,Comunicação,-,-,N/A,N/A,N/A,N/A,Não,N/A,45965,Escada - Queda,Fratura,Pé Direito,Baixo,14,Baixo,2 - Percepção de Risco,,,,,,,,,45918,
1,Terceiro,Quase acidente,Não,Não,Eletrobras,CSC,Feminino,32,1 a 3 anos,Domingo,16,3,2025,17:00 - 18:00,Empresa,Individual,Chapada dos Guimarães,MT,UHE Manso,-14.871216,-55.785423000000002,VP Suprimentos e Serviços,VSS,-,SSCIS - Gerência CSC Infraestrutura,SSCISS - Gestão de Segurança,N/A,N/A,N/A,N/A,,N/A,N/A,,,,,14,Baixo,2 - Percepção de Risco,Falta de sinalização das canaletas,,,,,,,,45732,
1,Terceiro,Trajeto com afastamento,Não,Sim,Eletrobras,CSC,Masculino,28,Até 6 meses,Quarta - feira,11,6,2025,18:00 - 19:00,Via pública,Individual,Serra,ES,SE Vitória,-20.201239855753801,-40.2543274349635,VP Suprimentos e Serviços,VSS,-,SSCIS - Gerência CSC Infraestrutura,SSCISO - Gestão de Manutenção e Obras,45820,45821,1,0,Não,,45821,Golpeado por (atingido por objeto em movimento),Lesão,Braço Direito,Médio,8,Alto,8 - Veículos e Equipamentos Móveis,Veículo em direção do colaborador,,,,,,,,45819,
1,Próprio,Trajeto com afastamento,Não,Sim,Eletrobras,CSC,Masculino,37,6 a 10 anos,Quarta - feira,9,7,2025,17:00 - 18:00,SPE,Individual,Porto Velho,RO,UHE Santo Antonio (SPE),-8.9108699999999992,-63.93365,VP Operações e Segurança,Operações,-,GSC,-,,,,,,,,,,,Baixo,7,Alto,8 - Veículos e Equipamentos Móveis,Ingestão de medicamento ,Fadiga devido rotina de exercício físico de alta intensidade,Condutor com sonolência,,,,,,45847,
1,Terceiro,Trajeto com afastamento,Não,Sim,Eletrobras,CSC,Masculino,36,Até 6 meses,Segunda - feira,28,7,2025,08:00 - 09:00,Via pública,Individual,Mogi das Cruzes,SP,SE Mogi das Cruzes,,,VP Suprimentos e Serviços,VSS,-,SSCIS - Gerência CSC Infraestrutura,SSCISS - Gestão de Segurança,45867,45867,1,0,Não,,45866,Moto - Queda,Lesão,Partes Múltiplas,Médio,10,Médio,8 - Veículos e Equipamentos Móveis,Manobra indevida de veículo de terceiro,,,,,,,,45866,
1,Terceiro,Típico com afastamento,Não,Sim,Eletrobras,Transmissão,Masculino,23,Até 6 meses,Quinta - feira,31,7,2025,09:00 - 10:00,Área rural,Equipe,Telêmaco Borba,PR,"LT 750kV Itaberá - Ivaiporã 2, t.242",-24.136666999999999,-50.518332999999998,VP Operações e Segurança,Operações,OOT.F - Produção da Transmissão,OOTP.F - Gerência Parana e São Roque,OOTPC.F - Man. Foz do Iguaçu,45870,45874,5,0,Não,60,45869,Queda mesmo nível,Fratura,Perna Esquerda,Médio,9,Médio,2 - Percepção de Risco,(em investigação),,,,,,,,45869,
1,Terceiro,Desvio Crítico,,Sim,Eletronorte,Telecomunicação,,,,Quinta - feira,8,5,2025,16:00 - 17:00,Empresa,Individual,Porto Velho,RO,SE Porto Velho,,,VP Operações e Segurança,Operações,"Gerência de SPCS, Estudos e Telecomunicação - OOP.N",Departamento de O&M de Telecomunicação - OOPT.N,,N/A,N/A,,0,Não,0,N/A,,,,,10,Médio,2 - Percepção de Risco,,,,,,,,,45785,
1,Terceiro,Quase Acidente,Não,Não,Eletrobras,CSC,Feminino,30,Até 6 meses,Quinta - feira,28,8,2025,08:00 - 09:00,Empresa,Individual,Planura,MG,UHE Porto Colômbia,,,VP Suprimentos e Serviços,VSS,-,SSCIS - Gerência CSC Infraestrutura,SSCISO - Gestão de Manutenção e Obras,N/A,N/A,N/A,N/A,,N/A,N/A,,,,,14,Baixo,2 - Percepção de Risco,Falta de percepção de risco quanto ao uso do rodo improvisado,Ausência de um controle/procedimento para reposição dos materiais de limpeza adequados para a realização da atividade,Ausência de controle padronizado dos materiais utilizados nas atividades de limpeza geral,,,,,,45897,
1,Terceiro,Quase Acidente,Sim,Não,Eletrobras,CSC,Masculino,> 60,3 a 6 anos,Quarta - feira,27,8,2025,14:00 - 15:00,Empresa,Individual,Araporã,MG,UHE Itumbiara,-18.406931,-49.098267,VP Operações e Segurança,VSS,-,SSCIS - Gerência CSC Infraestrutura,SSCISO - Gestão de Manutenção e Obras,N/A,N/A,N/A,N/A,,N/A,N/A,,,,,14,Baixo,2 - Percepção de Risco,Pedra projetada contra o pára-brisa após manobra concha da máquina,Pára-brisa da cabine da máquina danificado,Material estranho (pedra) entre os resíduos objeto da atividade,,,,,,45896,
1,Terceiro,Quase Acidente,Não,Não,Eletrobras,Geração - Hidráulica,Masculino,38,3 a 6 anos,Segunda - feira,25,8,2025,07:00 - 08:00,SPE,Individual,Porto Velho,RO,UHE Santo Antonio (SPE),-8.8129951645176803,-63.9515650217256,VP Operações e Segurança,Operações,-,GO - Gerencia de Operações,-,N/A,N/A,N/A,N/A,,N/A,N/A,,,,,11,Médio,2 - Percepção de Risco,Falta de Atenção; Pressa (perda do ônibus); Armazenamento de capacete na carroceria do veículo;,,,,,,,,45894,
1,Próprio,Trajeto sem afastamento,Não,Sim,Eletrobras,Transmissão,Masculino,48,Acima de 10 anos,Quarta - feira,24,9,2025,18:00 - 19:00,Via pública,Individual,Rio de Janeiro,RJ,EBM,,,VP Operações e Segurança,Operações,OOO.F - Gestão da Operação Sudeste,OOOH.F - Rec Hídricos e Prog Energética Sudeste,-,N/A,N/A,N/A,N/A,Sim,,45936,Moto - colisão,"Laceração, Corte",Face,Baixo,5,Alto,8 - Veículos e Equipamentos Móveis,(em investigação),,,,,,,,45924,
1,Próprio,Quase Acidente,Não,Não,Eletrobras,Geração - Hidráulica,Masculino,26,Até 6 meses,Domingo,26,9,2025,09:00 - 10:00,Empresa,Individual,Planura,MG,UHE Porto Colômbia,-20.127773000000001,-48.571841999999997,VP Operações e Segurança,Operações,OOG.F - Produção da Geração,OOGM.F - Gerência de Minas Gerais,OOGMP.F - O&M Marimb. P. Colomb.,N/A,N/A,N/A,N/A,,N/A,N/A,,,,,14,Baixo,2 - Percepção de Risco,Inexistência de uma rotina de inspeção periódica focada em pragas em áreas de grande circulação,,,,,,,,45926,
1,Terceiro,Quase Acidente,Não,Não,Eletrobras,CSC,Masculino,49,Até 6 meses,Terça - feira,30,9,2025,14:00 - 15:00,Empresa,Individual,Mogi das Cruzes,SP,SE Campinas,,,VP Suprimentos e Serviços,VSS,-,SSCIS - Gerência CSC Infraestrutura,"SSCIST - Gestão de Frotas, Transporte e Mobilidade",N/A,N/A,N/A,N/A,,N/A,N/A,,,,Baixo,14,Baixo,2 - Percepção de Risco,(em investigação),,,,,,,,45930,
1,Terceiro,Trajeto com afastamento,,Sim,Eletronorte,CSC,Feminino,40,Até 6 meses,Segunda-feira,27,10,2025,10:00 - 11:00,Via pública,Individual,Belém,PA,Via Pública,,,VP Suprimentos e Serviços,VSS,CSC,Infraestrutura de Operações,Gestão de Segurança,45957,45962,4,0,Não,,45961,Moto - Queda,"Escoriação, Abrasão",Partes Múltiplas,Baixo,8,Alto,8 - Veículos e Equipamentos Móveis,,,,,,,,,45957,
1,Terceiro,Quase Acidente,,Sim,CHESF,CSC,Masculino,30,Até 6 meses,Terça - feira,23,10,2025,09:00 - 10:00,Empresa,Individual,Jardim,SE,Se Jardim,-11330278,-37751727,VP Suprimentos e Serviços,VSS,CSC,INFRA ESTRUTURA OPERAÇÕES,"GESTÃO DE FROTAS, TRANSPORTE E MOBILIDADE",,,,,,,,Outros,Sem Lesões,,,11,Médio,8 - Veículos e Equipamentos Móveis,,,,,,,,,45953,
1,Próprio,Típico sem afastamento,,Sim,Eletronorte,Transmissão,Masculino,56,Acima de 10 anos,Domingo,2,11,2025,17:00 - 18:00,Via pública,Individual,Porto Velho,RO,Via pública (Rodovia BR-364),,,VP Operações e Segurança,Operações,Superintendência de Produção da Transmissão,Departamento Regional de Produção da transmissão ,O&M Porto Velho e Ji Para T Eletronorte,,,,,,,,,,,Baixo,11,Médio,8 - Veículos e Equipamentos Móveis,,,,,,,,,45963,
1,Terceiro,Quase Acidente,,Sim,Eletronorte,Transmissão,,,,Quinta-feira,6,11,2025,10:00 - 11:00,Área rural,Equipe,Vista Alegre,RO,LT Torre 105 da ANTK,,,VP Operações e Segurança,Operações,Superintendência de Produção da Transmissão,Departamento Regional de Produção da transmissão ,,N/A,N/A,0,0,Não,0,N/A,,,,,11,Médio,6 - Linha de Perigo,,,,,,,,,45967,
1,Terceiro,Fatalidade,,Sim,Eletronorte,CSC,Masculino,> 60,6 meses a 1 ano,Terça-feira,4,11,2025,13:00 - 14:00,Empresa,Individual,Tucuruí,PA,Galpões Atrás da Subestação de Tucuruí,-3.79,-49.66,VP Suprimentos e Serviços,VSS,CSC,Infraestrutura Corporativa,Gestão de Manutenção e Obras ,N/A,N/A,,6000,Não,,45966,Queda com diferença de nível,Traumatismo,Partes Múltiplas,Alto,1,Crítico,3 - Trabalho em Altura,,,,,,,,,45965,
1,Terceiro,Quase Acidente,,Sim,Eletronorte,CSC,Masculino,> 60,6 meses a 1 ano,Terça-feira,11,11,2025,16:00 - 17:00,Empresa,Individual,Rio Branco,AC,SE Rio Branco,-9.9661299999999997,-67.386600000000001,VP Suprimentos e Serviços,VSS,CSC,Infraestrutura de Operações,"Gestão de Frotas, Transporte e Mobilidade",N/A,N/A,0,0,Não,0,N/A,,,,,15,Baixo,6 - Linha de Perigo,,,,,,,,,45972,
1,Terceiro,Típico sem afastamento,,Sim,Eletronorte,Transmissão,Masculino,40,6 meses a 1 ano,Quinta-feira,20,11,2025,08:00 - 09:00,Empresa,Equipe,Jaru,RO,SE Jaru,-10.407769999999999,-62.457999999999998,VP Operações e Segurança,Operações,Superintendência de Produção da Transmissão,Departamento Regional de Produção e Trasmissão do Acre e Rondônia,,N/A,N/A,0,0,Não,0,45982,Eletricidade,Choque Elétrico,Partes Múltiplas,Baixo,7,Alto,4  - Eletricidade,,,,,,,,,45981,
1,Próprio,Típico sem afastamento,,Sim,Eletronorte,Transmissão,Masculino,44,Acima de 10 anos,Terça-feira,25,11,2025,10:00 - 11:00,Via pública,Individual,Rio Branco,AC,Via Pública,,,VP Operações e Segurança,Operações,Superintendência de Produção da Transmissão,Departamento Regional de Produção e Trasmissão do Acre e Rondônia,,N/A,N/A,0,0,Não,0,45989,,,,Baixo,4,Alto,8 - Veículos e Equipamentos Móveis,,,,,,,,,45986,
1,Terceiro,Quase Acidente,,Sim,Eletronorte,CSC,Masculino,32,1 a 3 anos,Quarta-feira,26,11,2025,09:00 - 10:00,Empresa,Individual,São Luís,MA,SE São Luís II,-2.56,-44.25,VP Suprimentos e Serviços,VSS,CSC,Infraestrutura de Operações,Operação de Facilites e Manutenção,N/A,N/A,0,0,Não,0,N/A,,,,,11,Médio,8 - Veículos e Equipamentos Móveis,,,,,,,,,45987,
1,Terceiro,Quase Acidente,,Sim,Eletronorte,Transmissão,Masculino,40,Até 6 meses,Quinta-feira,27,11,2025,17:00 - 18:00,Via pública,Individual,Tucuruí,PA,Via Pública,,,VP Operações e Segurança,Operações,Superintendência de Produção da Transmissão,Departamento Regional de Produção da transmissão ,,N/A,N/A,0,0,Não,0,N/A,,,,,11,Médio,8 - Veículos e Equipamentos Móveis,,,,,,,,,45988,
1,Próprio,Quase Acidente,,Sim,CHESF,Geração - Hidráulica,Masculino,49,Acima de 10 anos,Quinta - feira,6,11,2025,07:00 - 08:00,Empresa,Individual,Guadalupe,PI,Usina Boa Esperança,-6.7489999668621898,-43.566127559099698,"VP Gente, Gestão e Cultura",Outros,GS|STSTNDGE,GS|STSTNDGE,GS|STSTNDGE,,,,,,,,Moto - Queda,Sem Lesões,Mão Direita,,13,Médio,8 - Veículos e Equipamentos Móveis,,,,,,,,,45967,28 anos e 2 meses
1,Terceiro,Quase Acidente,,Sim,CHESF,Transmissão,,,,,6,11,2025,12:00 - 13:00,Empresa,Equipe,SANTA BRÍGIDA,BA,"LT 04S6 PAFITB, EST. 47/1",-9736026,-38.236870000000003,VP Operações e Segurança,Operações,OOT.C,OOTB.C,OOTBB.C,,,,,,,,Outros,Sem Lesões,,,13,Médio,3 - Trabalho em Altura,,,,,,,,,45967,
1,Terceiro,Quase Acidente,,Sim,CHESF,Geração - Hidráulica,Masculino,44,6 meses a 1 ano,Quinta - feira,13,11,2025,11:00 - 12:00,Empresa,Individual,Canindé do São Francisco,SE,UHE Xingó,-9.6324000000000005,-37.79522,VP Operações e Segurança,Operações,OOG.C,OOGX.C,OOGXI.C,,,,,,,,Outros,Sem Lesões,,,11,Médio,4  - Eletricidade,,,,,,,,,45974,9 MESES
1,Terceiro,Quase Acidente,,Sim,CHESF,Geração - Hidráulica,Masculino,30,1 a 3 anos,Sexta - feira,14,11,2025,13:00 - 14:00,Empresa,Individual,Canindé do São Francisco,SE,UHE Xingó,-9.6324000000000005,-37.79522,VP Operações e Segurança,Operações,OOG.C,OOGX.C,OOGXI.C,,,,,,,,Outros,Sem Lesões,,,11,Médio,8 - Veículos e Equipamentos Móveis,,,,,,,,,45975,2 anos e 5 meses
1,Terceiro,Quase Acidente,Próprio,Sim,CHESF,Transmissão,Masculino,37,Até 6 meses,Terça - feira,11,11,2025,07:00 - 08:00,Empresa,Individual,São Joao,PE,LT PAQ/AGD 500 kV – 05L6,-8866007,-36375641,VP Operações e Segurança,Operações,OOT.C,OOTR.C,OOTRM.C,,,,,,,,Outros,Sem Lesões,,,10,Médio,8 - Veículos e Equipamentos Móveis,,,,,,,,,45972,3 meses
1,Terceiro,Trajeto com afastamento,,Sim,CHESF,CSC,Masculino,54,6 meses a 1 ano,Quinta - feira,27,11,2025,06:00 - 07:00,Empresa,Individual,Paulo Afonso,BA,"Usina I,II e III",-9.4015005214103002,-38.221973055614903,VP Suprimentos e Serviços,VSS,CSC,INFRA ESTRUTURA OPERAÇÕES,OPERAÇÃO DE FACILITES E MANUTENÇÃO,45989,45997,8,,,,,Outros,"Escoriação, Abrasão",,,11,Médio,8 - Veículos e Equipamentos Móveis,,,,,,,,,45988,7 MESES 
328,Terceiro,Típico sem afastamento,,Sim,CHESF,CSC,Masculino,44,Até 6 meses,Sexta - feira,28,11,2025,15:00 - 16:00,Empresa,Individual,Abreu e Lima,PE,Almoxarifado de Abreu e Lima,-7.8889795578967901,-34.9025711939505,VP Suprimentos e Serviços,VSS,CSC,INFRA ESTRUTURA OPERAÇÕES,GESTÃO DE SEGURANÇA,,,,,,,,Golpeado por (atingido por objeto em movimento),"Escoriação, Abrasão",Mão Direita,,11,Médio,2 - Percepção de Risco,,,,,,,,,45989,1 mês
1,Terceiro,Típico sem afastamento,Não,Sim,Eletrobras,Melhoria,Masculino,51,1 a 3 anos,Quinta - feira,6,11,2025,09:00 - 10:00,Empresa,Individual,São José da Barra,MG,UHE Furnas,-20.670172000000001,-46.317588999999998,VP Operações e Segurança,Operações,-,OOME.F - Testes e Ensaios,-,N/A,N/A,N/A,N/A,Não,N/A,45989,Animal,Lesão,Partes Múltiplas,Baixo,14,Baixo,2 - Percepção de Risco,(em investigação),,,,,,,,45967,
1,Próprio,Trajeto sem afastamento,Não,Sim,Eletrobras,Adm,Masculino,37,Até 6 meses,Sexta - feira,7,11,2025,09:00 - 10:00,Via pública,Individual,Rio de Janeiro,RJ,EBM,-22.898689999999998,-43.211019999999998,"VP Governança, Riscos, Compliance e Sustentabilidade",Outros,-,GRGG - Governança Corporativa,-,N/A,N/A,N/A,N/A,,N/A,,Queda mesmo nível,"Distensão, Torção",Perna Direita,Baixo,15,Baixo,2 - Percepção de Risco,(em investigação),,,,,,,,45968,
1,Terceiro,Quase Acidente,Não,Não,Eletrobras,CSC,Masculino,31,3 a 6 anos,Domingo,9,11,2025,02:00 - 03:00,Empresa,Individual,Rio de Janeiro,RJ,SE Jacarepaguá,-18.406931,-49.098267,VP Suprimentos e Serviços,VSS,-,SSCIS - Gerência CSC Infraestrutura,SSCISS - Gestão de Segurança,N/A,N/A,N/A,N/A,,N/A,N/A,,,,,14,Baixo,8 - Veículos e Equipamentos Móveis,(em investigação),,,,,,,,45970,
1,Próprio,Quase Acidente,Sim,Não,Eletrobras,Transmissão,Masculino,36,Até 6 meses,Segunda - feira,10,11,2025,16:00 - 17:00,Via pública,Individual,Alpinópolis,MG,UHE Furnas,,,VP Operações e Segurança,Operações,OOT.F - Produção da Transmissão,OOTM.F - Gerência Minas e Vitória,OOTMC.F - Man. Minas,N/A,N/A,N/A,N/A,,N/A,N/A,,,,,15,Baixo,8 - Veículos e Equipamentos Móveis,(em investigação),,,,,,,,45971,
1,Próprio,Trajeto sem afastamento,Sim,Sim,Eletrobras,Transmissão,Masculino,47,Acima de 10 anos,Domingo,16,11,2025,20:00 - 21:00,Área rural,Individual,Chopinzinho,PR,Emergência Eletrosul - Base Laranjeiras,,,VP Operações e Segurança,Operações,OOT.F - Produção da Transmissão,OOTP.F - Gerência Parana e São Roque,OOTPC.F - Man. Foz do Iguaçu,N/A,N/A,N/A,N/A,,N/A,,Carro - Capotamento,Lombalgia de Esforço,Coluna,Baixo,7,Alto,8 - Veículos e Equipamentos Móveis,(em investigação),,,,,,,,45977,
1,Terceiro,Quase Acidente,Não,Não,Eletrobras,Transmissão,Masculino,33,Até 6 meses,Segunda - feira,17,11,2025,11:00 - 12:00,Área rural,Individual,São José do Barreiro,SP,LT 500 kV Angra dos Reis - Cachoeira Paulista / t.140,-22.654565000000002,-44.659247000000001,VP Operações e Segurança,Operações,-,OOMI.F - Gestão e Investimentos,-,N/A,N/A,N/A,N/A,,N/A,N/A,,,,,11,Médio,2 - Percepção de Risco,(em investigação),,,,,,,,45978,
1,Próprio,Quase Acidente,Não,Não,Eletrobras,Transmissão,Masculino,30,1 a 3 anos,Segunda - feira,24,11,2025,09:00 - 10:00,Via pública,Individual,Ivaiporã,PR,SE Ivaiporã,-24.420736000000002,-51.675120999999997,VP Operações e Segurança,Operações,OOT.F - Produção da Transmissão,OOTP.F - Gerência Parana e São Roque,OOTPA.F - O&M Ivaiporã Sudeste,N/A,N/A,N/A,N/A,,N/A,N/A,,,,,15,Baixo,8 - Veículos e Equipamentos Móveis,(em investigação),,,,,,,,45985,
1,Próprio,Quase Acidente,Não,Não,Eletrobras,CSC,Masculino,52,6 meses a 1 ano,Terça - feira,25,11,2025,12:00 - 13:00,Via pública,Individual,Rio de Janeiro,RJ,EBM,-22.898689999999998,-43.211019999999998,VP Suprimentos e Serviços,VSS,SSTG - Projetos de Transmissão e Geração,"SSTGL - Obras, Serviços e Materiais para LT",-,N/A,N/A,N/A,N/A,,N/A,N/A,,,,,11,Médio,2 - Percepção de Risco,(em investigação),,,,,,,,45986,
1,Terceiro,Quase Acidente,Não,Não,Eletrobras,Geração - Hidráulica,Masculino,33,1 a 3 anos,Sexta - feira,28,11,2025,18:00 - 19:00,Empresa,Equipe,Minaçu,GO,UHE Serra da Mesa,-13.841267999999999,-48.296284,VP Operações e Segurança,Operações,OOG.F - Produção da Geração,OOGG.F - Gerência de GO-DF,OOGGS.F - O&M Serra da Mesa G Sudeste,N/A,N/A,N/A,N/A,,N/A,N/A,,,,,10,Médio,2 - Percepção de Risco,(em investigação),,,,,,,,45989,
1,Próprio,Quase Acidente,Não ,Não ,CGT Eletrosul,Transmissão,Masculino ,47,1 a 3 anos,Sábado,1,11,2025,08:00 - 09:00,Empresa,Dupla,Rio Grande,RS,SE Povo Novo ,-31.56034,"-53, 67542",VP Operações e Segurança,Operações,OOG.S - Produção de Geração e Transmissão,OOGS.S - Produção de Geração e Transmissão Gerência Sul ,OOGSM.S - O&M Marmeleiro T CGT Eletrosul ,NA,NA,NA ,NA,Não,NA,NA,NA,NA,NA,,2,Crítico,4  - Eletricidade,,,,,,,,,45962,
1,Próprio,Trajeto sem afastamento,Sim,Não,CGT Eletrosul,Transmissão,Masculino ,36,6 meses a 1 ano,Domingo,16,11,2025,05:00 - 06:00,Via pública,Individual,Quedas do Iguaçu ,PR,SE Londrina,-25.411660000000001,-52.804580000000001,VP Operações e Segurança,Operações,OOG.S - Produção de Geração e Transmissão,OOGN.S - Produção de Transmissão Gerência Norte,OOGNL.S - O&M Londrina T CGT Eletrosul ,NA,NA,NA ,NA,Não,NA,45979,Veículo rodoviário motorizado,"Outras lesões, NIC","tronco, NIC",Baixo,11,Médio,8 - Veículos e Equipamentos Móveis,,,,,,,,,45977,
1,Próprio,Típico sem afastamento,Não ,Sim ,CGT Eletrosul,Transmissão,Masculino,52,Acima de 10 anos,Domingo,16,11,2025,17:00 - 18:00,Área rural,Individual,Guarapuava,PR,SE Gravataí ,-28.575579999999999,-52.594209999999997,VP Operações e Segurança,Operações,OOG.S - Produção de Geração e Transmissão,OOGS.S - Produção de Geração e Transmissão Gerência Sul ,NA ,NA,NA,NA ,NA,Não,NA,45979,"Dispositivo de transmissão de energia mecânica, NIC",Lesão imediata,Dedo ,Médio,10,Médio,6 - Linha de Perigo,,,,,,,,,45977,
1,Terceiro,Típico com afastamento,Não ,Não ,CGT Eletrosul,Transmissão,Masculino,27,Até 6 meses,Quinta - feira,13,11,2025,10:00 - 11:00,Empresa,Individual,São José ,SC,Sertão do Maruim,-27.60162,-48.679690000000001,VP Operações e Segurança,Operações,NA,OOAM.S - Meio Ambiente da Operação CGT Eletrosul,NA ,45974,45977,3,NA,Não,NA,45985,"Agente do acidente, NIC",Traumatismo superficial do ombro e do braço,Braço (entre o punho e o ombro) - esquerdo,Médio,11,Médio,6 - Linha de Perigo,,,,,,,,,45974,
1,Terceiro,Típico sem afastamento,Não ,Não ,CGT Eletrosul,CSC,Masculino,49,Até 6 meses,Quarta - feira,3,12,2025,10:00 - 11:00,Empresa,Individual,Curitiba,PR,SE Curitiba ,-25.579910000000002,-49.320869999999999,VP Suprimentos e Serviços,VSS,NA ,Infra Estrutura Operações,Operação  de Facilities e Manutenção,NA,NA,NA ,NA,Não,NA,46003,"Ferramenta portátil com forca motriz ou aquecimento, NIC","Escoriação, abrasão (ferimento superficial).",Coxa,Baixo,11,Médio,2 - Percepção de Risco,,,,,,,,,45994,
1,Próprio,Típico sem afastamento,Sim,Sim ,CGT Eletrosul,Transmissão,Masculino,50,Acima de 10 anos,Quinta - feira,11,12,2025,13:00 - 14:00,Empresa,Individual,Curitiba,PR,SE Curitiba ,-25.579910000000002,-49.320869999999999,VP Operações e Segurança,Operações,OOG.S - Produção de Geração e Transmissão,OOGN.S - Produção de Transmissão Gerência Norte,NA ,NA,NA,NA ,NA,Não,NA,46003,"Veículo, NIC ","Contusão, esmagamento (superfície cutânea intacta).",Dedo,Baixo,15,Baixo,2 - Percepção de Risco,,,,,,,,,46002,
1,Próprio,Quase Acidente,Sim ,Não ,CGT Eletrosul,Geração - Hidráulica,Masculino,48,Acima de 10 anos,Terça - feira,16,12,2025,17:00 - 18:00,Empresa,Individual,Blumenau,SC,Sede ,-27.597490000000001,-48.54383,VP Operações e Segurança,Operações,NA ,OOMB.S - Segurança Barragem Manut Civil G CGT Eletrosul ,NA ,NA,NA,NA ,NA,Não,NA,NA,NA,NA,NA,,10,Médio,8 - Veículos e Equipamentos Móveis,,,,,,,,,46007,
1,Terceiro,Típico com afastamento,Não ,Não ,CGT Eletrosul,CSC,Masculino,58,3 a 6 anos,Quarta - feira,17,12,2025,10:00 - 11:00,Empresa,Individual,Florianópolis,SC,Sede ,-27.597490000000001,-48.54383,VP Suprimentos e Serviços,VSS,NA ,Infra Estrutura Corporativa,Gestão de Facilites,46009,,,NA,Não,NA,,,,,Baixo,14,Baixo,6 - Linha de Perigo,,,,,,,,,46008,
1,Próprio,Desvio Crítico,Sim ,Não ,CGT Eletrosul,Transmissão,Masculino,53,Acima de 10 anos,Quarta - feira,11,12,2025,16:00 - 17:00,Empresa,Individual,Xanxerê,SC,Divisão Xanxerê,-26.878060000000001,-52.404989999999998,VP Operações e Segurança,Operações,OOG.S - Produção de Geração e Transmissão,OOGS.S - Produção de Geração e Transmissão Gerência Sul ,OOGSX.S - O&M Xanxerê T CGT Eletrosul,NA,NA,NA ,NA,Não,NA,NA,NA,NA,NA,,10,Médio,8 - Veículos e Equipamentos Móveis,,,,,,,,,46002,
1,Terceiro,Típico com afastamento,Não ,Não ,CGT Eletrosul,Adm,Masculino,29,6 meses a 1 ano,Segunda - feira,22,12,2025,11:00 - 12:00,Empresa,Individual,Florianópolis,SC,Sede ,-27.597490000000001,-48.54383,"VP Gente, Gestão e Cultura",Outros,GCSS -  Grência Executiva Segurança do Trabalho,GCSS.S -  SST CGT Eletrosul,NA ,46013,46014,1,NA,Não,NA,,,,,Médio,11,Médio,6 - Linha de Perigo,,,,,,,,,46013,
1,Próprio,Quase Acidente,Não ,Não ,CGT Eletrosul,Transmissão,Masculino,44,Acima de 10 anos,Sábado,27,12,2025,15:00 - 16:00,Empresa,Individual,Charqueadas,RS,Divisão Farroupilha ,-29.217839999999999,-51.321429999999999,VP Operações e Segurança,Operações,OOG.S - Produção de Geração e Transmissão,OOGS.S - Produção de Geração e Transmissão Gerência Sul ,OOGSF.S - O&M Farroupilha T CGT Eletrosul,NA,NA,NA ,NA,Não,NA,NA,NA,NA,NA,,5,Alto,2 - Percepção de Risco,,,,,,,,,46018,
326,Próprio,Quase Acidente,,Sim,CHESF,Geração - Hidráulica,Feminino,48,Acima de 10 anos,Segunda - feira,1,12,2025,07:00 - 08:00,Empresa,Individual,Paulo Afonso,BA,Usina Paulo Afonso I,-9.4015005214103002,-38.221973055614903,VP Suprimentos e Serviços,Operações,OOG.C,OOGO.C,OOGOI.C,,,,,,,,Atingido entre ou abaixo (esmagado ou amputado),Sem Lesões,,,15,Baixo,2 - Percepção de Risco,,,,,,,,,45992,
327,Próprio,Típico sem afastamento,,Sim,CHESF,Adm,Masculino,55,Acima de 10 anos,Segunda - feira,1,12,2025,11:00 - 12:00,Empresa,Individual,Salvador,BA,Pituaçu,-12.96973,-38.469031999999999,"VP Gente, Gestão e Cultura",Outros,GS|STSTNDSA,GS|STSTNDSA,GS|STSTNDSA,,,,,,,,Atingido entre ou abaixo (esmagado ou amputado),Sem Lesões,,,15,Baixo,2 - Percepção de Risco,,,,,,,,,45992,
329,Terceiro,Quase Acidente,,Sim,CHESF,CSC,Masculino,44,Até 6 meses,Terça - feira,2,12,2025,16:00 - 17:00,Empresa,Individual,Abreu e Lima,PE,Almoxarifado de Abreu e Lima,-7.8889795578967901,-34.9025711939505,VP Suprimentos e Serviços,VSS,CSC,INFRA ESTRUTURA OPERAÇÕES,GESTÃO DE SEGURANÇA,,,,,,,,Outros,Sem Lesões,,,7,Alto,4  - Eletricidade,,,,,,,,,45993,
330,Terceiro,Desvio Crítico,,Sim,CHESF,Geração - Hidráulica,Masculino,42,3 a 6 anos,Quarta - feira,3,12,2025,08:00 - 09:00,Empresa,Equipe,Paulo Afonso,BA,Usina Apolônio Sales,-9.4015005214103002,-38.221973055614903,VP Suprimentos e Serviços,Operações,OOG.C,AGMG,AGMG,,,,,,,,Outros,Sem Lesões,,,8,Alto,4  - Eletricidade,,,,,,,,,45994,
1,Próprio,Típico com afastamento,,Sim,CHESF,Adm,Feminino,52,Acima de 10 anos,Quinta - feira,14,8,2025,21:00 - 22:00,Empresa,Individual,Recife,PE,Sede Recife,-8.0635971547917507,-34.929949705626598,VP Suprimentos e Serviços,VSS,CSC,JRJBT,JRJBT,45884,45887,8,,,,,Queda mesmo nível,Lesão,Cabeça,Baixo,14,Baixo,Outros,,,,,,,,,45883,
332,Próprio,Quase Acidente,,Sim,CHESF,Transmissão,Masculino,45,Acima de 10 anos,Quinta - feira,4,12,2025,12:00 - 13:00,Empresa,Equipe,Recife,PE,Anexo V,-8.0635971547917507,-34.929949705626598,VP Suprimentos e Serviços,Operações,OOM.C,OOME.C,OOME.C,,,,,,,,Animal,Lesão,Face,,15,Baixo,Outros,,,,,,,,,45995,
333,Próprio,Quase Acidente,,Sim,CHESF,Adm,Feminino,53,Acima de 10 anos,Quinta - feira,4,12,2025,12:00 - 13:00,Empresa,Individual,Recife,PE,Bloco B,-8.0635971547917507,-34.929949705626598,VP Suprimentos e Serviços,VSS, GS|SCRHBF, GS|SCRHBF, GS|SCRHBF,,,,,,,,Queda mesmo nível,Lesão,Antebraço (entre punho e o cotovelo),,15,Baixo,Outros,,,,,,,,,45995,
334,Terceiro,Quase Acidente,,Sim,CHESF,Logistica,Masculino,30,1 a 3 anos,Sexta - feira,5,12,2025,16:00 - 17:00,Empresa,Equipe,Dias Dávila,BA,Almoxarifado de Camaçari,-12.620089999999999,-38.343640000000001,VP Suprimentos e Serviços,VSS,GS|GLOANE ,GS|GLOANE ,GS|GLOANE ,,,,,,,,Outros,Sem Lesões,,,13,Médio,8 - Veículos e Equipamentos Móveis,,,,,,,,,45996,
335,Terceiro,Quase Acidente,,Sim,CHESF,Transmissão,Masculino,28,Até 6 meses,Terça - feira,9,12,2025,12:00 - 13:00,Via pública,Equipe,São Joao,PE,Via Pública - LT para Base,-8866007,-36375641,VP Operações e Segurança,Operações,OOT.C,OOTR.C,OOTRM.C,,,,,,,,Carro - Capotamento,Sem Lesões,,,7,Alto,8 - Veículos e Equipamentos Móveis,,,,,,,,,46000,
337,Terceiro,Quase Acidente,,Sim,CHESF,Logistica,Masculino,35,6 meses a 1 ano,Segunda - feira,15,12,2025,16:00 - 17:00,Empresa,Equipe,Abreu e Lima,PE,Almoxarifado de Abreu e Lima,-7.8889795578967901,-34.9025711939505,VP Suprimentos e Serviços,VSS,GS|GLAONE,GS|GLAONE,GS|GLAONE,,,,,,,,Golpeado por (atingido por objeto em movimento),Sem Lesões,,,15,Baixo,8 - Veículos e Equipamentos Móveis,,,,,,,,,46006,
338,Terceiro,Quase Acidente,,Sim,CHESF,Transmissão,Masculino,33,6 meses a 1 ano,Terça - feira,9,12,2025,07:00 - 08:00,Via pública,Individual,Palmares,PE,Regional Rio largo/Angelim-PE ,-8684226,-35589031,"VP Gente, Gestão e Cultura",Outros,GS/STSTNDTR,GS/STSTNDTR,GS/STSTNDTR,,,,,,,,Carro - Colisão ,Sem Lesões,,,15,Baixo,8 - Veículos e Equipamentos Móveis,,,,,,,,,46000,
339,Terceiro,Quase Acidente,,Sim,CHESF,Transmissão,Masculino,24,3 a 6 anos,Quarta - feira,10,12,2025,11:00 - 12:00,Área rural,Individual,Jaboatão dos Guararapes,PE,Via Pública,-8.1649659999999997,-34.998393,VP Operações e Segurança,Operações,OOT.C,OOTR.C,OOTRA.C,,,,,,,,Animal,Lesão,,,15,Baixo,3 - Trabalho em Altura,,,,,,,,,46001,
340,Próprio,Quase Acidente,,Sim,CHESF,CSC,Masculino,40,1 a 3 anos,Terça - feira,16,12,2025,11:00 - 12:00,Empresa,Individual,Sobradinho,BA,UHE Sobradinho,-9.4327100000000002,-40.828270000000003,VP Suprimentos e Serviços,VSS,CSC,INFRA ESTRUTURA OPERAÇÕES,"GESTÃO DE FROTAS, TRANSPORTE E MOBILIDADE",,,,,,,,Golpeado por (atingido por objeto em movimento),Sem Lesões,,,6,Alto,8 - Veículos e Equipamentos Móveis,,,,,,,,,46007,
341,Terceiro,Quase Acidente,,Sim,CHESF,Logistica,Masculino,63,3 a 6 anos,Quarta - feira,17,12,2025,10:00 - 11:00,Empresa,Individual,Abreu e Lima,PE,Almoxarifado de Abreu e Lima,-7.8889795578967901,-34.9025711939505,VP Suprimentos e Serviços,VSS,GS|GLAONE,GS|GLAONE,GS|GLAONE,,,,,,,,Golpeado por (atingido por objeto em movimento),Sem Lesões,,,15,Baixo,2 - Percepção de Risco,,,,,,,,,46008,
342,Terceiro,Quase Acidente,,Sim,CHESF,Logistica,Masculino,31,Até 6 meses,Quarta - feira,17,12,2025,15:00 - 16:00,Empresa,Individual,Abreu e Lima,PE,Almoxarifado de Abreu e Lima,-7.8889795578967901,-34.9025711939505,VP Suprimentos e Serviços,VSS,CSC,CSC,CSC,,,,,,,,"Golpeado contra (correndo em direção, tropeçando em)",Sem Lesões,,,15,Baixo,2 - Percepção de Risco,,,,,,,,,46008,
343,Terceiro,Típico sem afastamento,,Sim,CHESF,CSC,Masculino,31,Até 6 meses,Segunda - feira,22,12,2025,09:00 - 10:00,Empresa,Individual,Camaçari,BA,Almoxarifado de Camaçari,-12.620089999999999,-38.343640000000001,VP Suprimentos e Serviços,VSS,CSC,INFRA ESTRUTURA OPERAÇÕES,OPERAÇÃO DE FACILITES E MANUTENÇÃO,,,,,,,,Golpeado por (atingido por objeto em movimento),Lesão,Face,,15,Baixo,2 - Percepção de Risco,,,,,,,,,46013,
1,Próprio,Trajeto com afastamento,Não,Sim,Eletrobras,CSC,Masculino,58,Acima de 10 anos,Segunda - feira,1,12,2025,13:00 - 14:00,Via pública,Individual,Rio de Janeiro,RJ,EBM,-22.9111118748643,-43.1756628275878,VP Suprimentos e Serviços,VSS,-,SSCIS - Gerência CSC Infraestrutura,SSCISF - Gestão de Facilities,45992,46005,14,N/A,Não,,46006,Queda mesmo nível,"Escoriação, Abrasão",Perna Esquerda,Baixo,11,Médio,2 - Percepção de Risco,(em investigação),,,,,,,,45992,
1,Terceiro,Trajeto com afastamento,Não,Sim,Eletrobras,Transmissão,Masculino,53,Até 6 meses,Terça - feira,2,12,2025,11:00 - 12:00,Via pública,Dupla,Campina do Monte Alegre,SP,LT 600 kV Foz do Iguaçu - Ibiúna / C.3 e C.4,,,VP Operações e Segurança,Operações,OOT.F - Produção da Transmissão,OOTP.F - Gerência Parana e São Roque,OOTPF.F - Man. Ibiúna,,,,,,,,,,,Baixo,7,Alto,8 - Veículos e Equipamentos Móveis,(em investigação),,,,,,,,45993,
1,Terceiro,Quase Acidente,Não,Não,Eletrobras,CSC,Masculino,> 60,6 meses a 1 ano,Quarta - feira,3,12,2025,16:00 - 17:00,Empresa,Individual,Ibiraci,MG,UHE Mascarenhas de Moraes,-20.28631,-47.064571000000001,VP Suprimentos e Serviços,VSS,-,SSCIS - Gerência CSC Infraestrutura,SSCISO - Gestão de Manutenção e Obras,N/A,N/A,N/A,N/A,,N/A,N/A,,,,,11,Médio,8 - Veículos e Equipamentos Móveis,(em investigação),,,,,,,,45994,
1,Terceiro,Típico com afastamento,Não,Sim,Eletrobras,Transmissão,Masculino,25,Até 6 meses,Quinta - feira,4,12,2025,09:00 - 10:00,Área rural,Equipe,Rio Verde,GO,LT 230 kV RVDBPX2,-17.668537000000001,-51.023876999999999,VP Operações e Segurança,Operações,OOT.F - Produção da Transmissão,OOTG.F - Gerência Goiás,OOTGC.F - O&M de Goiás,45996,45997,2,0,Não,,45996,Golpeado por (atingido por objeto em movimento),"Laceração, Corte",Perna Esquerda,Médio,7,Alto,2 - Percepção de Risco,(em investigação),,,,,,,,45995,
1,Próprio,Quase Acidente,Sim,Não,Eletrobras,Geração - Hidráulica,Masculino,43,Acima de 10 anos,Sexta - feira,5,12,2025,09:00 - 10:00,Via pública,Individual,Itumbiara,GO,UHE Marimbondo,-19.4370966,-48.820805499999999,VP Operações e Segurança,Operações,OOG.F - Produção da Geração,OOGM.F - Gerência de Minas Gerais,OOGMP.F - O&M Marimb. P. Colomb.,N/A,N/A,N/A,N/A,,N/A,N/A,,,,,15,Baixo,8 - Veículos e Equipamentos Móveis,Falha de gestão da infraestrutura manutenção e limpeza da BR-153,,,,,,,,45996,
1,Terceiro,Típico com afastamento,Sim,Sim,Eletrobras,CSC,Masculino,39,3 a 6 anos,Terça - feira,9,12,2025,14:00 - 15:00,Via pública,Individual,Itumbiara,GO,UHE Itumbiara,-18.80404643,-49.201203,VP Suprimentos e Serviços,VSS,-,SSCIS - Gerência CSC Infraestrutura,"SSCIST - Gestão de Frotas, Transporte e Mobilidade",46001,46009,9,0,Não,,46000,Golpeado por (atingido por objeto em movimento),Lesão,Partes Múltiplas,Médio,11,Médio,8 - Veículos e Equipamentos Móveis,(em investigação),,,,,,,,46000,
1,Terceiro,Quase Acidente,Não,Não,Eletrobras,Transmissão,,,,Sexta - feira,12,12,2025,09:00 - 10:00,Área rural,Equipe,Areias,SP,LT 500 kV Angra dos Reis - Cachoeira Paulista,,,VP Operações e Segurança,Operações,-,OOMI.F - Gestão e Investimentos,-,N/A,N/A,N/A,N/A,,N/A,N/A,,,,,11,Médio,4  - Eletricidade,(em investigação),,,,,,,,46003,
1,Terceiro,Quase Acidente,Não,Não,Eletrobras,Geração - Hidráulica,Masculino,39,Até 6 meses,Sábado,13,12,2025,01:00 - 02:00,Empresa,Individual,Ibiraci,MG,UHE Mascarenhas de Moraes,-20.28631,-47.064571000000001,VP Operações e Segurança,Operações,OOG.F - Produção da Geração,OOGM.F - Gerência de Minas Gerais,OOGMA.F - Operação LCB M. Moraes,N/A,N/A,N/A,N/A,,N/A,N/A,,,,,11,Médio,9 - Trabalho a Quente,(em investigação),,,,,,,,46004,
1,Terceiro,Típico com afastamento,Não,Sim,Eletrobras,Melhoria,Masculino,26,Até 6 meses,Quinta - feira,18,12,2025,12:00 - 13:00,Empresa,Individual,São José da Barra,MG,UHE Furnas,-20.670172000000001,-46.317588999999998,VP Operações e Segurança,Operações,-,OOME.F - Testes e Ensaios,-,46009,46010,1,0,Não,,,,,,Médio,11,Médio,2 - Percepção de Risco,(em investigação),,,,,,,,46009,
1,Terceiro,Trajeto com afastamento,Não,Sim,Eletrobras,CSC,Feminino,30,3 a 6 anos,Segunda - feira,22,12,2025,12:00 - 13:00,Empresa,Individual,Araporã,MG,UHE Itumbiara,-18.4078594,-49.099829300000003,VP Suprimentos e Serviços,VSS,-,SSCIS - Gerência CSC Infraestrutura,SSCISO - Gestão de Manutenção e Obras,,,,,Não,,,,,,Baixo,14,Baixo,2 - Percepção de Risco,(em investigação),,,,,,,,46013,
1,Terceiro,Quase Acidente,Não,Não,Eletrobras,CSC,Masculino,59,6 meses a 1 ano,Terça - feira,23,12,2025,11:00 - 12:00,Via pública,Individual,São Carlos,SP,SE Mogi das Cruzes,,,VP Suprimentos e Serviços,VSS,SCIO - CSC Infraestrutura Operações,SCIOFO - Gestão de Facilities das Operações,SCIOFOCP - Operação de FM Sudeste CP,N/A,N/A,N/A,N/A,,N/A,N/A,,,,,11,Médio,8 - Veículos e Equipamentos Móveis,(em investigação),,,,,,,,46014,
1,Terceiro,Quase Acidente,,Sim,Eletronorte,Transmissão,Masculino,37,Acima de 10 anos,Quinta-feira,4,12,2025,09:00 - 10:00,Empresa,Individual,Imperatriz,MA,SE Imperatriz,-5.4222000000000001,-47.47316,VP Operações e Segurança,Operações,Superintendência de Produção da Transmissão,Departamento Regional de Produção e Transmissão do Maranhão e Tocantins,Divisão de Produção e Trasmissão de Imperatriz,N/A,N/A,0,0,Não,0,N/A,,,,,8,Alto,6 - Linha de Perigo,,,,,,,,,45995,
1,Terceiro,Trajeto sem afastamento,,Sim,Eletronorte,CSC,Feminino,49,Até 6 meses,Terça-feira,2,12,2025,18:00 - 19:00,Via pública,Individual,Presidente Figueiredo,AM,Via Pública,,,VP Suprimentos e Serviços,VSS,CSC,Infraestrutura de Operações,Gestão de Segurança,N/A,N/A,0,0,Não,0,45999,Golpeado por (atingido por objeto em movimento),"Laceração, Corte",Mão Direita,Médio,11,Médio,8 - Veículos e Equipamentos Móveis,,,,,,,,,45993,
1,Terceiro,Trajeto com afastamento,,Sim,Eletronorte,CSC,Masculino,42,Até 6 meses,Segunda-feira,8,12,2025,05:00 - 06:00,Via pública,Individual,Presidente Figueiredo,AM,Via Pública Ramal da Morena km 7 (Vila de Balbina).,,,VP Suprimentos e Serviços,VSS,CSC,Infraestrutura de Operações,Gestão de Segurança,N/A,N/A,0,0,Não,0,46000,Moto - Queda,"Escoriação, Abrasão",Partes Múltiplas,Médio,11,Médio,8 - Veículos e Equipamentos Móveis,,,,,,,,,45999,
1,Terceiro,Trajeto com afastamento,,Sim,Eletronorte,CSC,Masculino,33,6 meses a 1 ano,Quarta-feira,17,12,2025,09:00 - 10:00,Via pública,Individual,Ji-Paraná,RO,Via Pública,-10.92015,-61.900734,VP Suprimentos e Serviços,VSS,CSC,Infraestrutura de Operações,Operação de Facilites e Manutenção,46008,46011,3,0,Não,0,46009,Moto - Colisão,Fratura,Coluna,Médio,11,Médio,8 - Veículos e Equipamentos Móveis,,,,,,,,,46008,
1,Terceiro,Típico sem afastamento,,Sim,Eletronorte,CSC,Masculino,22,6 meses a 1 ano,Terça- feira,8,4,2025,10:00 - 11:00,Empresa,Equipe,Tucuruí,PA,UHE Tucuruí,-3.79,-49.66,VP Suprimentos e Serviços,VSS,CSC,Infraestrutura Corporativa,Gestão de Manutenção e Obras ,N/A,N/A,0,0,Não,0,45756,Atingido por (pontos agudos ou cortantes),Lesão,Pé Direito,Baixo,15,Baixo,2 - Percepção de Risco,Pisar em prego,,,,,,,,45755,
1,Terceiro,Quase Acidente,Sim,Sim,Eletronorte,CSC,Masculino,49,3 a 6 anos,Quarta-feira,17,12,2025,10:00 - 11:00,Via pública,Equipe,Boa Vista,RR,Via Pública,,,VP Suprimentos e Serviços,VSS,CSC,Infraestrutura de Operações,"Gestão de Frotas, Transporte e Mobilidade",N/A,N/A,,,,,N/A,,,,,11,Médio,8 - Veículos e Equipamentos Móveis,,,,,,,,,46008,
1,Próprio,Quase Acidente,,Sim,Eletronorte,Geração - Hidráulica,Masculino,40,Acima de 10 anos,Quinta-feira,18,12,2025,11:00 - 12:00,Empresa,Equipe,Tucuruí,PA,UHE Tucuruí,-3.79,-49.66,VP Operações e Segurança,Operações,Gerência Executiva  Produção de Geração Hidraulica,,Man Eletroeletrônica Tucur G Eletronorte,N/A,N/A,0,0,,,N/A,Mal subito,"Escoriação, Abrasão",Partes Múltiplas,Baixo,15,Baixo,Outros,,,,,,,,,46009,
1,Próprio,Quase Acidente,Sim,Sim,Eletronorte,Transmissão,Masculino,31,1 a 3 anos,Quinta-feira,18,12,2025,18:00 - 19:00,Via pública,Individual,Ribeirãozinho,MT,Via Pública,,,VP Operações e Segurança,Operações,Superintendência de Produção da Transmissão,,,N/A,N/A,0,0,,,N/A,,,,,16,Baixo,8 - Veículos e Equipamentos Móveis,,,,,,,,,46009,
1,Próprio,Quase Acidente,,Sim,Eletronorte,Transmissão,Masculino,47,1 a 3 anos,Segunda-feira,8,8,2025,15:00 - 16:00,Via pública,Equipe,Nova Lacerda ,MT,LT - JUVN-LT6-03,,,VP Operações e Segurança,Operações,Superintendência de Produção da Transmissão,Departamento Regional de Produção e Transmissão do Mato Grosso,,N/A,N/A,0,0,Não,0,N/A,,,,,11,Médio,2 - Percepção de Risco,,,,,,,,,45877,
1,Próprio,Quase Acidente,,Sim,Eletronorte,Transmissão,,,,Domingo,26,10,2025,20:00 - 21:00,Empresa,Dupla,São Luís,MA,SE São Luís II,-2.56,-44.25,VP Operações e Segurança,Operações,Superintendência de Produção da Transmissão,Departamento de Produção e Trasmissão do Maranhão e Tocantins,,N/A,N/A,0,0,Não,0,N/A,,,,,11,Médio,4  - Eletricidade,,,,,,,,,45956,
1,Terceiro,Quase Acidente,,Sim,Eletronorte,Geração - Hidráulica,Masculino,39,1 a 3 anos,Terça-feira,20,5,2025,05:00 - 06:00,Via pública,Dupla,Tucuruí,PA,Via Pública - BR 422 – Próximo ao Sitio Deus é Grande - Tucuruí PA,-3.79,-49.66,VP Operações e Segurança,Operações, ,Operações de Meio Ambiente - OOAM.N,Meio Ambiente da Operação Eletronorte,N/A,N/A,0,0,Não,0,N/A,,,,Baixo,15,Baixo,8 - Veículos e Equipamentos Móveis,,,,,,,,,45797,
1,Terceiro,Trajeto com afastamento,,Sim,Eletronorte,CSC,Feminino,,1 a 3 anos,Sexta-feira,16,5,2025,17:00 - 18:00,Via pública,Dupla,Tucuruí,PA,Via Pública - BR 422 – Próximo ao Corpo de Bombeiro Militar - Tucuruí PA,-3.79,-49.66,VP Suprimentos e Serviços,VSS,CSC,Infraestrutura de Operações,Operação de Facilites e Manutenção,45793,45795,2,0,Não,0,45806,Moto - Queda,"Escoriação, Abrasão",Braço Esquerdo,Baixo,15,Baixo,8 - Veículos e Equipamentos Móveis,,,,,,,,,45793,
1,Terceiro,Quase Acidente,,Sim,Eletronorte,CSC,Masculino,> 60,6 meses a 1 ano,Quinta-feira,18,9,2025,16:00 - 17:00,Empresa,Individual,Presidente Dutra,MA,SE Presidente Dutra,-5.26,-44.48,VP Suprimentos e Serviços,VSS,CSC,Infraestrutura de Operações,Operação de Facilites e Manutenção,N/A,N/A,0,0,Sim,0,,,,,Baixo,16,Baixo,2 - Percepção de Risco,,,,,,,,,45918,
1,Terceiro,Quase Acidente,,Sim,Eletronorte,Transmissão,Masculino,30,6 a 10 anos,Quinta-feira,23,10,2025,13:00 - 14:00,Empresa,Dupla,Imperatriz,MA,SE Imperatriz,-5.4222000000000001,-47.47316,VP Operações e Segurança,Operações,Superintendência de Produção da Transmissão,Departamento Regional de Produção e Transmissão do Maranhão e Tocantins,Divisão de Produção e Trasmissão de Imperatriz,N/A,N/A,,,,,N/A,,,,,16,Baixo,6 - Linha de Perigo,,,,,,,,,45953,
1,Terceiro,Quase Acidente,,Sim,Eletronorte,Transmissão,Masculino,30,,Terça-feira,21,10,2025,15:00 - 16:00,Empresa,Individual,Várzea Grande,MT,0,-15.654,-56.192,VP Operações e Segurança,Operações,Superintendência de Produção da Transmissão,Departamento Regional de Produção da transmissão ,,N/A,N/A,0,0,Não,0,N/A,,,,Baixo,11,Médio,2 - Percepção de Risco,,,,,,,,,45951,
16,Próprio,Quase Acidente,Não,Sim,CHESF,Expansão,Masculino,52,Acima de 10 anos,Segunda - feira,6,1,2025,07:00 - 08:00,Via pública,Individual,Mamanguape ,PE,SE Fortaleza II,,,VP Engenharia de Expansão,Engenharia,EETI,EETI.C,EETIN.C,-,-,-,-,Não,-,-,Carro - Colisão ,Sem Lesões,,Baixo,8,Alto,8 - Veículos e Equipamentos Móveis,Perca de Controle do Veículo ,Falha no cumprimento das diretrizes de Segurança com veículos e equipamentos móveis - Item 4.2.7.3 Horários de Direção.,,,,,,,45663,Transmissão
20,Terceiro,Quase Acidente,Não,Sim,CGT Eletrosul,Expansão,Masculino,44,6 meses a 1 ano,Domingo,12,1,2025,13:00 - 14:00,Via pública,Individual,Joinville,SC,SE Joinville,,,VP Engenharia de Expansão,Engenharia,EETI,EETI.S,EETIS.S,-,-,-,-,Não,-,-,Carro - Colisão ,Sem Lesões,,NA,10,Médio,8 - Veículos e Equipamentos Móveis,Desatenção ao conduzir o veículo,,,,,,,,45669,Transmissão
30,Terceiro,Típico com afastamento,Não,Sim,CGT Eletrosul,Expansão,Masculino,31,4 anos,Quinta - feira,16,1,2025,10:00 - 11:00,Empresa,Equipe,Santana do Livramento,RS,Parque Eólico Coxilha Negra,-30.872005999999999,-55.603233000000003,VP Engenharia de Expansão,Engenharia,EEG,EEGE,EEGEC,45674,45676,2,-,Não,-,45680,Queda com diferença de nível,Luxação,Braço Direito,Médio,10,Médio,3 - Trabalho em Altura,Não houve uma análise criteriosa dos riscos envolvidos na atividade,Falha na liberação da atividade,Falha na supervisão da atividade,,,,,,45673,Geração
37,Terceiro,Quase Acidente,Não,Sim,Eletrobras,Expansão,Masculino,41,1 a 3 anos,Quarta - feira,22,1,2025,10:00 - 11:00,Empresa,Equipe,Manoel Ribas,PR,SE Ivaiporã,-24.243689199999999,-51.7150739,VP Engenharia de Expansão,Engenharia,EETI,EETI.F,EETIS.F,-,-,-,-,Não,-,-,Outros,,,NA,10,Médio,8 - Veículos e Equipamentos Móveis,Não atendimento a Análise Preliminar de Riscos/APR,Falha operacional,Falha na comunicação durante a execução da atividade,Falha de supervisão durante a execução da atividade,,,,,45679,Transmissão
39,Terceiro,Típico sem afastamento,Não,Sim,Eletrobras,Expansão,Masculino,28,6 meses a 1 ano,Quinta - feira,23,1,2025,09:00 - 10:00,Empresa,Individual,Planura,MG,UHE Porto Colômbia ,-20.751999999999999,-48.343299999999999,VP Engenharia de Expansão,Engenharia,EEG,EEGIS,EEGIS.F,-,-,-,-,Não,-,45680,Escada - Manuseio,Sem Lesões,Coluna,Baixo,14,Baixo,10 - Produtos Químicos Perigosos,Falta de Treinamento,Falta de realização da APR,Desvio comportamental,Latas não fechadas corretamente,Falta de dispositivo adequado,,,,45680,Geração
50,Terceiro,Quase Acidente,Não,Sim,Eletrobras,Expansão,Masculino,40,6 meses a 1 ano,Quinta - feira,23,1,2025,17:00 - 18:00,Empresa,Individual,Itatiaia,RJ,UHE Funil,,,VP Engenharia de Expansão,Engenharia,EEG,EEGIS,EEGIS.F,-,-,-,-,Não,-,-,,Sem Lesões,,Baixo,14,Baixo,4  - Eletricidade,"Falha na execução da 
atividade",Falha na análise de risco da atividade._x000D_,,,,,,,45680,Geração
53,Terceiro,Típico sem afastamento,Não,Sim,CGT Eletrosul,Expansão,Masculino,33,1 a 3 anos,Segunda - feira,27,1,2025,12:00 - 13:00,Empresa,Equipe,Santana do Livramento,RS,Parque Eólico Coxilha Negra,-30.872,-55.603200000000001,VP Engenharia de Expansão,Engenharia,EEG,EEGE,EEGEC,-,-,-,-,Não,-,-,Outros,Sem Lesões,Mão Direita,Médio,10,Médio,6 - Linha de Perigo,Falha no planejamento executivo da atividade,Falha na comunicação,,,,,,,45684,Geração
55,Terceiro,Quase Acidente,Não,Sim,CHESF,Expansão,N/A,N/A,N/A,Quarta - feira,29,1,2025,14:00 - 15:00,Empresa,,Guadalupe,PI,SE Boa Esperença,,,VP Engenharia de Expansão,Engenharia,EETI,EETI.C,EETIN.C,-,-,-,-,Não,-,-,,Sem Lesões,,NA,10,Médio,4  - Eletricidade,"Rompimento de um cabo subterrâneo de 13,8 kV que estava energizado","Rompimento de um cabo subterrâneo de 13,8 kV que estava energizado","Ausência de sinalização, eletrodutos, envelopamento e/ou fitas de advertências para o cabo subterrâneo de 13,8 kV que estava energizado.",O projeto de interferências disponibilizado não consta os cabos energizados subterrâneos que foram rompidos.,O projeto de interferências disponibilizado não consta os cabos energizados subterrâneos que foram rompidos.,,,,45686,Transmissão
60,Terceiro,Quase Acidente,Não,Sim,CHESF,Expansão,Masculino,36/18,6 meses a 1 ano,Terça,4,2,2025,10:00 - 11:00,Empresa,Dupla,Natal,PB,SE Natal II,,,VP Engenharia de Expansão,Engenharia,EETI,EETI.C,EETIN.C,-,-,-,-,Não,-,-,,Sem Lesões,,NA,8,Alto,4  - Eletricidade,Corte do Cabo energizado;,"Ocorreu a falha na verificação de desconexão dos cabos em ambas as extremidades, descumprindo o procedimento operacional;_x000D_",Ausência de identificação nos cabos energizados. ,,,,,,45692,Transmissão
62,Terceiro,Quase Acidente,Não,Sim,CGT Eletrosul,Expansão,Masculino,23,1 a 3 anos,Terça,13,2,2025,15:00 - 16:00,Empresa,Equipe,Joinville,SC,SE Joinville,-262633205,-491276891,VP Engenharia de Expansão,Engenharia,EETI,EETI.S,EETIS.S,-,-,-,-,Não,-,-,,Sem Lesões,,NA,11,Médio,8 - Veículos e Equipamentos Móveis,Falta de atenção do operador da PEMT,Falha na inspeção prévia para garantir que todos os cabos estejam desconectados,Falha na análise de riscos da atividade,,,,,,45701,Transmissão
73,Terceiro,Trajeto sem afastamento,Não,Sim,CGT Eletrosul,Expansão,Masculino,34,6 meses a 1 ano,Segunda - feira,17,2,2025,06:00 - 07:00,Via pública,Individual,Santana do Livramento,RS,Parque Eólico Coxilha Negra,-30.872005999999999,-55.603233000000003,VP Engenharia de Expansão,Engenharia,EEG,EEGE,EEGEC,-,-,-,-,Não,-,-,,"Laceração, Corte",Face,Médio,11,Médio,2 - Percepção de Risco,Ausência de percepção de riscos na condução de veículo em estrada de “chão”.,,,,,,,,45705,Geração
80,Terceiro,Típico com afastamento,Não,Sim,CGT Eletrosul,Expansão,Masculino,31,1 a 3 anos,Segunda - feira,17,2,2025,15:00 - 16:00,Empresa,Individual,Curitiba,PA,SE Curitiba,,,VP Engenharia de Expansão,Engenharia,EETI,EETI.S,EETIS.S,45706,45707,2,-,Não,-,-,Golpeado por (atingido por objeto em movimento),"Laceração, Corte",Perna Direita,Médio,11,Médio,2 - Percepção de Risco,Falha no planejamento da atividade de içamento.,Improvisação de equipamento.,Falha na análise de riscos da atividade.,,,,,,45705,Transmissão
81,Terceiro,Quase Acidente,Não,Sim,Eletrobras,Expansão,Masculino,28,1 a 3 anos,Terça- feira,18,2,2025,16:00 - 17:00,Empresa,Individual,Cachoeira Paulista,SP,SE Cachoeira Paulista,,,VP Engenharia de Expansão,Engenharia,EETI,EETI.F,EETIS.F,-,-,-,-,Não,-,-,,Sem Lesões,,NA,11,Médio,2 - Percepção de Risco,Falta de um suporte para transporte de peça metálica (TC).,Falha operacional. Não abertura total da lança do caminhão Muck.,Falta de procedimento para descarregamento dos TC’s da carroceria do Caminhão.,,,,,,45706,Transmissão
86,Terceiro,Desvio Crítico,Não,Sim,CGT Eletrosul,Expansão,Masculino,58,6 meses a 1 ano,Terça- feira,18,2,2025,09:00 - 10:00,Empresa,Individual,Santana do Livramento,RS,Parque Eólico Coxilha Negra,-30.872005999999999,-55.603233000000003,VP Engenharia de Expansão,Engenharia,EEG,EEGE,EEGEC,-,-,-,-,Não,-,-,,Sem Lesões,,NA,7,Alto,3 - Trabalho em Altura,Não houve uma análise criteriosa dos riscos envolvidos na atividade,Falha no controle de capacitações,Falha na liberação da atividade,Falha na supervisão da atividade,,,,,45706,Geração
87,Terceiro,Típico sem afastamento,Não,Sim,Eletrobras,Expansão,Masculino,33,6 meses a 1 ano,Quarta - feira,19,2,2025,16:00 - 17:00,Empresa,Individual,Planura,MG,UHE Porto Colômbia,-20.751999999999999,-48.343299999999999,VP Engenharia de Expansão,Engenharia,EEG,EEGIS,EEGIS.F,-,-,-,-,Não,-,-,Golpeado por (atingido por objeto em movimento),Traumatismo,,Baixo,11,Médio,2 - Percepção de Risco,Desvio comportamental ,Local inadequado para realização da tarefa ,Improvisação de bancada,Armazenamento inadequado de material ,,,,,45707,Geração
88,Terceiro,Desvio Crítico,Não,Sim,CGT Eletrosul,Expansão,Masculino,41,6 meses a 1 ano,Quinta - feira,27,2,2025,15:00 - 16:00,Empresa,Equipe,Assis,SP,SE Assis,-27.611206800000001,-48.529407999999997,VP Engenharia de Expansão,Engenharia,EETI,EETI.S,EETIS.S,-,-,-,-,Não,-,-,,Sem Lesões,,NA,5,Alto,4  - Eletricidade,Ausência de procedimento para remoção de cabos.,Ausência de solicitação de intervenção para remoção de cabos.,Não houve uma análise criteriosa dos riscos envolvidos na atividade,Falha de comunicação entre supervisão e equipe.,,,,,45715,Transmissão
89,Terceiro,Típico sem afastamento,Não,Sim,CHESF,Expansão,Masculino,,6 meses a 1 ano,Sexta- feira,14,3,2025,14:00 - 15:00,Empresa,Individual,Paulo Afonso,BA,PA IV,"	9°24'57""S","38°12'26""W",VP Engenharia de Expansão,Engenharia,EEG,EEGIN,EETIN.C,-,-,-,-,Não,-,-,Golpeado por (atingido por objeto em movimento),"Laceração, Corte",,Baixo,11,Médio,2 - Percepção de Risco,Improvisação na amarração da tubulação – talha de corrente,No PEX/APR não descrevem o detalhamento da atividade e o passo a passo na amarração,Colaborador posicionou indevidamente o dedo no local do emprensamento,,,,,,45730,Geração
91,Terceiro,Típico sem afastamento,Não,Sim,Eletrobras,Expansão,Masculino,27,6 meses a 1 ano,Quinta - feira,27,2,2025,12:00 - 13:00,Empresa,Individual,Campinas,SP,SE CAMPINAS,,,VP Engenharia de Expansão,Engenharia,EETI,EETI.F,EETIS.F,-,-,-,-,Não,-,-,Atingido entre ou abaixo (esmagado ou amputado),Lesão,Pé Direito,Baixo,14,Baixo,2 - Percepção de Risco,Movimentação manual das tampas,Falha de percepção de risco,Luva inadequada ,Falta de procedimento executivo para atividade,,,,,45715,Transmissão
93,Terceiro,Típico com afastamento,Não,Sim,Eletrobras,Expansão,Masculino,30,1 a 3 anos,Sexta- feira,28,2,2025,11:00 - 12:00,Empresa,Individual,Manoel Ribas,PR,SE Ivaiporã,-24.243689199999999,-51.7150739,VP Engenharia de Expansão,Engenharia,EETI,EETI.F,EETIS.F,-,-,7,-,-,-,45716,Golpeado por (atingido por objeto em movimento),"Laceração, Corte",Mão Esquerda,Médio,10,Médio,2 - Percepção de Risco,Falha na execução de atividade especifica de remoção da viga.,Não houve uma análise criteriosa dos riscos envolvidos na atividade.,Falha da supervisão da equipe.,,,,,,45716,Transmissão
94,Terceiro,Típico sem afastamento,Não,Sim,CGT Eletrosul,Expansão,Masculino,42,1 a 3 anos,Sábado,8,3,2025,09:00 - 10:00,Empresa,Equipe,Santana do Livramento,RS,Parque Eólico Coxilha Negra,-30.872,-55.603200000000001,VP Engenharia de Expansão,Engenharia,EEG,EEGE,EEGEC,-,-,-,-,Não,-,,Golpeado por (atingido por objeto em movimento),Outros,Dedo da mão Esquerda,Médio,10,Médio,6 - Linha de Perigo,Falha na execução do procedimento operacional da atividade em torre montada.,Posicionamento inadequado para execução da atividade.,Falha na emissão da Análise Preliminar de Riscos/APR.,Falha da supervisão da equipe.,Não utilização de luvas de segurança,,,,45724,Geração
95,Terceiro,Típico sem afastamento,Não,Sim,Eletrobras,Expansão,Masculino,30,Até 6 meses,Quarta - feira,19,3,2025,11:00 - 12:00,Empresa,Individual,Sapucaia,RJ,UHE Simplício,-22.000200400000001,-42.9463036,VP Engenharia de Expansão,Engenharia,EEG,EEGIS,EEGIS.F,-,-,-,-,Não,-,,Queda mesmo nível,Lesão,Perna Esquerda,Baixo,13,Médio,2 - Percepção de Risco,Ato inseguro,Falta de atenção,Falta de caminho seguro ,,,,,,45735,Geração
96,Terceiro,Quase Acidente,Não,Sim,CHESF,Expansão,Masculino,43,3 a 6 anos,Quinta - feira,27,3,2025,10:00 - 11:00,Empresa,Individual,Paulo Afonso,BA,PA IV,"	9°24'57""S","38°12'26""W",VP Engenharia de Expansão,Engenharia,EEG,EEGI,EETIN.C,-,-,-,-,Não,-,-,Outros,Sem Lesões,,Baixo,14,Baixo,3 - Trabalho em Altura,Trabalho sobreposto.,,,,,,,,45743,Geração
97,Terceiro,Típico sem afastamento,Não,Sim,CHESF,Expansão,Masculino,29,1 a 3 anos,Quinta - feira,27,3,2025,15:00 - 16:00,Empresa,Individual,Paulo Afonso,BA,PA IV,"	9°24'57""S","38°12'26""W",VP Engenharia de Expansão,Engenharia,EEG,EEGI,EETIN.C,-,-,-,-,Não,-,45744,Outros,Outros,Mão Direita,Baixo,15,Baixo,4  - Eletricidade,Ausência de dispositivo de fixação independente de energia elétrica ,Ausência dispositivo de bloqueio pneumático em caso de falta de energia elétrica ,Definição do método de fixação cessório inapropriado,Definição do método de fixação cessório inapropriado ,O PEX/APR não detalha claramente as medidas de controle e detalhamento executivo. ,O PEX/APR não detalha claramente as medidas de controle e detalhamento executivo. ,O PEX/APR não detalha claramente as medidas de controle e detalhamento executivo. ,O PEX/APR não detalha claramente as medidas de controle e detalhamento executivo.,45743,Geração
98,Terceiro,Fatalidade Trajeto,Sim,Sim,Eletronorte,Expansão,Masculino,29,Até 6 meses,Segunda - feira,31,3,2025,07:00 - 08:00,Via pública,Individual,Marabá,PA,SE Marabá,,,VP Engenharia de Expansão,Engenharia,EETI,EETI.N,EETIN.N,-,-,-,-,Não,-,45747,Outros,Outros,Partes Múltiplas,Alto,7,Alto,8 - Veículos e Equipamentos Móveis,Imprudência do condutor,Transporte público ineficaz,Transporte da empresa não atendia a região,,,,,,45747,Transmissão
99,Terceiro,Quase Acidente,Não,Sim,Eletrobras,Expansão,Masculino,30,6 meses a 1 ano,Quarta - feira,3,4,2025,09:00 - 10:00,Empresa,Individual,Manoel Ribas,PR,SE Ivaiporã,-24.243689199999999,-51.7150739,VP Engenharia de Expansão,Engenharia,EETI,EETI.F,EETIS.F,-,-,-,-,Não,-,-,-,Lesão,Pé Direito,NA,10,Médio,2 - Percepção de Risco,Falta de atenção durante a desmontagem,Postura inadequada para atividade,Local inapropriado para execução da atividade,,,,,,45750,Transmissão
100,Terceiro,Típico sem afastamento,Não,Sim,Eletrobras,Expansão,Masculino,40,Até 6 meses,Terça - feira,8,4,2025,14:00 - 15:00,Empresa,Individual,Planura,MG,UHE Porto Colômbia,-20.751999999999999,-48.343299999999999,VP Engenharia de Expansão,Engenharia,EEG,EEGIS,EEGIS.F,-,-,-,-,Não,-,45755,Escada - Queda,Outros,Joelho,Baixo,11,Médio,3 - Trabalho em Altura,Distração ao descer a escada,Falta de sinalização no degrau da escada,Falta de sinalização no local,,,,,,45755,Geração
101,Terceiro,Típico sem afastamento,Não,Sim,CHESF,Expansão,Masculino,41,6 meses a 1 ano,Segunda - feira,14,4,2025,14:00 - 15:00,Empresa,Individual,Paulo Afonso,BA,PA IV,"	9°24'57""S","38°12'26""W",VP Engenharia de Expansão,Engenharia,EEG,EEGI,EETIN.C,-,-,-,-,Não,-,45761,Outros,Outros,Partes Múltiplas,Baixo,15,Baixo,2 - Percepção de Risco,Ataque de marimbondo ,Migração de maribondos durante as atividades ,,,,,,,45761,Geração
102,Terceiro,Típico sem afastamento,Não,Sim,CHESF,Expansão,Masculino,39,1 a 3 anos,Sexta- feira,25,4,2025,19:00 - 20:00,Empresa,Individual,Paulo Afonso,BA,PA IV,"	9°24'57""S","38°12'26""W",VP Engenharia de Expansão,Engenharia,EEG,EEGI,EETIN.C,-,-,-,-,Não,-,45773,Outros,Outros,,Baixo,11,Médio,3 - Trabalho em Altura,Escada posicionada sem travamento e ponto de fixação,"Descumprimento dos procedimentos de trabalho em altura NR18, 35 e procedimento de trabalho em altura da Eletrobras",Queda de diferença de nível,A APR não detalha as formas de acesso através de escada simples,,,,,45772,Geração
103,Terceiro,Típico sem afastamento,Não,Sim,CHESF,Expansão,Masculino,40,6 meses a 1 ano,Terça - feira,6,5,2025,10:00 - 11:00,Empresa,Individual,Paulo Afonso,BA,PA IV,"	9°24'57""S","38°12'26""W",VP Engenharia de Expansão,Engenharia,EEG,EEGI,EETIN.C,-,-,-,-,Não,-,45783,Transporte manual de carga,"Laceração, Corte",Dedo da mão Esquerda,Baixo,15,Baixo,2 - Percepção de Risco,O bebedouro estava com rebarbas cortantes em sua borda superior.,O colaborador sofreu corte em seu dedo mínimo,Colaborador sem luvas de proteção;,,,,,,45783,Geração
104,Terceiro,Típico sem afastamento,Não,Sim,Eletrobras,Expansão,Masculino,48,6 meses a 1 ano,Domingo,1,5,2025,08:00 - 09:00,Empresa,Individual,Planura,MG,UHE Porto Colômbia,-20.751999999999999,-48.343299999999999,VP Engenharia de Expansão,Engenharia,EEG,EEGIS,EEGIS.F,-,-,-,-,Não,-,-,Outros,Luxação,Mão Direita,Baixo,10,Médio,2 - Percepção de Risco,Falta de atenção_x000D_,Falta de dispositivo para  alinhamento das dobradiças,,,,,,,45778,Geração
105,Terceiro,Quase Acidente,Não,Sim,CHESF,Expansão,Masculino,40,1 a 3 anos,Segunda - feira,5,5,2025,12:00 - 13:00,Empresa,Individual,Paulo Afonso,BA,PA IV,"	9°24'57""S","38°12'26""W",VP Engenharia de Expansão,Engenharia,EEG,EEGI,EETIN.C,-,-,-,-,Não,-,-,Ferramenta Manual,"Laceração, Corte",Dedo da mão Esquerda,Baixo,15,Baixo,2 - Percepção de Risco,Utilização de ferramenta (estilete residencial) inadequada para serviço,Utilização de ferramenta (estilete residencial) inadequada para serviço;,Utilização de ferramenta (estilete residencial) inadequada para serviço;,,Colaborador não utilizava a luva de segurança.,,,,45782,Geração
106,Terceiro,Quase Acidente,Não,Sim,CHESF,Expansão,Masculino,34,6 meses a 1 ano,Quarta - feira,7,5,2025,16:00 - 17:00,Empresa,Individual,Santa Cruz,PE,SE Paraíso ,,,VP Engenharia de Expansão,Engenharia,EETI,EETI.C,EETI.C,-,-,-,-,Não,-,-,-,-,-,Baixo,5,Alto,4  - Eletricidade,O circuito do disjuntor DC não estava detalhado na fase de planejamento da atividade para ser desenergizado.,Falha na comunicação entre todos os envolvidos na atividade.,Falha na comunicação entre todos os envolvidos na atividade.,Intervenção no painel PT1-AC com o borne do circuito DC energizado com (125Vcc).,Atuação dos fusíveis do circuito DC do painel PT1 AC.,,,,45784,Transmissão
107,Próprio,Trajeto com afastamento,Não,Sim,CGT Eletrosul,Expansão,Masculino,61,Acima de 10 anos,Quarta - feira,28,5,2025,12:00 - 13:00,Via pública,Individual,Florianópolis,SC,Sede Elettrosul,,,VP Engenharia de Expansão,Engenharia,EETI,EETI.S,EETIS.S,45806,45812,6,-,Não,-,45813,-,-,-,Baixo,11,Médio,8 - Veículos e Equipamentos Móveis,Desatenção ao atravessar via pública,,,,,,,,45805,Transmissão
108,Terceiro,Quase Acidente,Não,Sim,Eletrobras,Expansão,N/A,N/A,N/A,Sabádo,31,5,2025,09:00 - 10:00,Empresa,Individual,Planura,MG,UHE Porto Colômbia,-20.751999999999999,-48.343299999999999,VP Engenharia de Expansão,Engenharia,EEG,EEGIS,EEGIS.F,-,-,-,-,Não,-,-,-,-,-,Baixo,11,Médio,8 - Veículos e Equipamentos Móveis,Condutor não habilitado na categoria do veículo,Fornecedor sem manobrista,Caixas sem sinalização,,,,,,45808,Geração
109,Terceiro,Típico sem afastamento,Não,Sim,Eletrobras,Expansão,Masculino,,6 meses a 1 ano,Quinta - feira,9,1,2025,07:00 - 08:00,Empresa,Individual,Planura,MG,UHE Porto Colômbia,-20.751999999999999,-48.343299999999999,VP Engenharia de Expansão,Engenharia,EEG,EEGIS,EEGIS.F,-,-,-,-,Não,-,45667,Atingido por (pontos agudos ou cortantes),Lesão,Pé Direito,Baixo,14,Baixo,2 - Percepção de Risco,Falta de atenção,Armazenamento de irregular de material,Isolamento próximo ao material ,,,,,,45666,Geração
110,Terceiro,Desvio Crítico,Não,Sim,Eletrobras,Expansão - Proj. Estrat.,N/A,N/A,N/A,Quarta - feira,4,6,2025,11:00 - 12:00,Empresa,Individual,Foz Iguaçu,PR,SE Foz Iguaçu,-25.5183544,-54.629103499999999,VP Engenharia de Expansão,Engenharia,EETE,EETEH,EETEH,-,-,-,-,Não,-,-,Outros,Sem Lesões,-,,2,Crítico,6 - Linha de Perigo,Ausência de sinalização orientativa para fornecedores.,Falha na comunicação entre canteiro de obras e responsável por receber fornecedores. ,Ausência de procedimento específico para acesso a área energizada (obra),Falha na instrução aos vigilantes. ,,,,,45812,Transmissão
111,Terceiro,Típico com afastamento,Não,Sim,Eletrobras,Expansão,Masculino,53,1 a 3 anos,Quarta - feira,4,6,2025,07:00 - 08:00,Empresa,Individual,Grajaú,RJ,SE Grajaú,,,VP Engenharia de Expansão,Engenharia,EETI,EETI.F,EEGIS.F,45813,45828,15,-,Não,-,45812,Atingido entre ou abaixo (esmagado ou amputado),"Laceração, Corte",Dedo da mão Esquerda,Médio,13,Médio,2 - Percepção de Risco,Falha na execução operacional na atividade de perfuração,Posicionamento inadequado da mão para fazer o aperto da peça da perfuratriz.,Uso de EPI inadequado,,,,,,45812,Transmissão
112,Terceiro,Quase Acidente,Não,Sim,CHESF,Expansão,Masculino,49,3 a 6 anos,Sexta-feira,13,6,2025,08:00 - 09:00,Empresa,Individual,Petrolândia,PE,UHE Luiz Gonzaga,,,VP Engenharia de Expansão,Engenharia,EEG,EEGI,EEGIN.C,-,-,-,-,Não,-,-,Escada - Manuseio,-,-,Baixo,16,Baixo,8 - Veículos e Equipamentos Móveis,A cruzeta encontrava-se desregulada e inoperante;,Na PEX/APR não constava a necessidade de recolhimento da escada antes de iniciar a operação da ponte rolante.,,,,,,,45821,Geração
113,Próprio,Trajeto com afastamento,Sim,Sim,Eletrobras,Expansão,Masculino,,Acima de 10 anos,Sexta-feira,6,6,2025,17:00 - 18:00,Via pública,Individual,Rio de Janeiro,RJ,UTE Santa Cruz,,,VP Engenharia de Expansão,Engenharia,EEG,EEGIS,EEGIS.F,45815,45876,61,-,Não,-,-,Moto - Colisão,Fratura,Perna Esquerda,Alto,2,Crítico,8 - Veículos e Equipamentos Móveis,"Imprudência do veículo de terceiro em trocar de faixa sem realizar a sinalização e não respeitar o espaço do veículo de 
menor porte",,Uso de motocicleta para deslocamento em trajeto de casa/trabalho em vias de grande fluxo de veículos. ,,,,,,45814,Geração
114,Terceiro,Quase Acidente,Não,Sim,Eletronorte,Expansão,Masculino,68,3 a 6 anos,Segunda - feira,16,6,2025,12:00 - 13:00,Via pública,Individual,Porto Velho,RO,SE Coletora,-87.563670999999999,-63.937310799999999,VP Engenharia de Expansão,Engenharia,EETI,EETI.N,EETIN.N,-,-,-,-,Não,-,-,Outros,Sem Lesões,-,Baixo,15,Baixo,8 - Veículos e Equipamentos Móveis,Baixa percepção de risco,Falta de treinamento de direção defensiva.,,,,,,,45824,Transmissão
115,Próprio,Trajeto sem afastamento,Sim,Sim,Eletrobras,Expansão,Masculino,,Acima de 10 anos,Quarta - feira,18,6,2025,08:00 - 09:00,Via pública,Individual,Cássia,MG,UHE Mascarenhas de Moraes,,,VP Engenharia de Expansão,Engenharia,EEG,EEGIS,EEGIS.F,-,-,-,-,-,-,-,Carro - Colisão ,Sem Lesões,-,Baixo,8,Alto,8 - Veículos e Equipamentos Móveis,Não manter a distância de segurança entre veículos,Tentar ultrapassagem em local proibido,Pista sem acostamento,Sinalização deficiente da via,,,,,45826,Geração
116,Terceiro,Quase Acidente,Não,Sim,CHESF,Expansão,Masculino,,3 a 6 anos,Quarta - feira,25,6,2025,09:00 - 10:00,Empresa,Individual,Paulo Afonso,BA,PA IV,"	9°24'57""S","38°12'26""W",VP Engenharia de Expansão,Engenharia,EEG,EEGI,EETIN.C,-,-,-,-,Não,-,-,Eletricidade,Sem Lesões,-,NA,11,Médio,4  - Eletricidade,AVALIAÇÃO DO CENÁRIO PARA IDENTIFICAÇÃO DE POTENCIAIS EVENTUAIS RISCOS À ATIVIDADE ,CABO RECOLHIDO EM FORMA DE BOBINA EM MEIO A CIRCUITOS ENERGIZADOS COM TENSÃO ALTERNADA. ,CABO COM EXTREMIDADES DESCONECTADAS E UMA DAS EXTREMIDADES NÃO ISOLADA.,CABO SEM IDENTIFICAÇÃO AGUARDANDO APLICAÇÃO. ,AVALIAÇÃO DO CENÁRIO PARA IDENTIFICAÇÃO DE POTENCIAIS EVENTUAIS RISCOS À ATIVIDADE. ,,,,45833,Geração
117,Terceiro,Trajeto sem afastamento,Não,Sim,CHESF,Expansão,Feminino,,1 a 3 anos,Quinta - feira,19,6,2025,11:00 - 12:00,Via pública,Individual,Juazeiro,CE,SE Juazeiro,,,VP Engenharia de Expansão,Engenharia,EETI,EETI.C,EETIN.C,-,-,-,-,Não,-,-,Moto - Colisão,Sem Lesões,-,Baixo,11,Médio,8 - Veículos e Equipamentos Móveis,Condições adversas do trânsito (atingido por motociclista da comunidade),,,,,,,,45827,Transmissão
118,Terceiro,Quase Acidente,Não,Sim,Eletronorte,Expansão,Masculino,62,6 meses a 1 ano,Segunda - feira,30,6,2025,10:00 - 11:00,Empresa,Individual,Miracema,TO,SE Miracema,,,VP Engenharia de Expansão,Engenharia,EETI,EETI.N,EETIN.N,-,-,-,-,Não,-,-,Transporte manual de carga,Sem Lesões,-,NA,5,Alto,8 - Veículos e Equipamentos Móveis,Inexistência sobre obrigatoriedade de sinaleiro para acompanhamento de atividade de movimentação de carga.,"Inexistência de procedimento que registre o início, a execução e o término da atividade",Falha no processo de comunicação entre engenharia e operação,,,,,,45838,Transmissão
119,Terceiro,Trajeto com afastamento,Sim,Sim,Eletronorte,Expansão,Masculino,,Até 6 meses,Terça- feira,8,7,2025,07:00 - 08:00,Via pública,Individual,Presidente Dutra,MA,SE Presidente Dutra,,,VP Engenharia de Expansão,Engenharia,EETI,EETI.N,EETIN.N,45847,45947,100,-,Não,-,-,Moto - Colisão,Fratura,Partes Múltiplas,Baixo,8,Alto,8 - Veículos e Equipamentos Móveis,Falta de atenção ao processo de travessia da BR.,Inexistência de transporte público para o local da obra.,,,,,,,45846,Transmissão
120,Terceiro,Quase Acidente,Não,Sim,Eletrobras,Expansão - Proj. Estrat.,Masculino,57,1 a 3 anos,Segunda-feira,7,7,2025,12:00 - 13:00,Empresa,Individual,Foz Iguaçu,PR,SE Foz Iguaçu,-25.5183544,-54.629103499999999,VP Engenharia de Expansão,Engenharia,EETE,EETEH,EETEH,-,-,-,-,Não,-,-,Outros,,,Baixo,14,Baixo,8 - Veículos e Equipamentos Móveis,Ausência de sinaleiro durante a manobra.,Não houve avaliação dos riscos envolvidos na atividade,,,,,,,45845,Transmissão
121,Terceiro,Típico com afastamento,Não,Sim,Eletrobras,Expansão,Masculino,45,6 meses a 1 ano,Quinta - feira,10,7,2025,14:00 - 15:00,Empresa,Individual,Planura,MG,UHE Porto Colômbia,-20.751999999999999,-48.343299999999999,VP Engenharia de Expansão,Engenharia,EEG,EEGIS,EEGIS.F,45849,45924,75,-,Não,-,45849,Golpeado por (atingido por objeto em movimento),Traumatismo,Dedo da mão Esquerda,Médio,10,Médio,2 - Percepção de Risco,"Falha no procedimento, instrução de trabalho, referente armazenamento de materiais",Acondicionamento irregular da tampa da caixa de madeira,Descritivo da OS não apresenta atividade de inspeção/conferência de materiais para a função de mecânico montador.,Divulgação da ocorrência com todos os trabalhadores do projeto,,,,,45848,Geração
122,Terceiro,Típico sem afastamento,Não,Sim,CHESF,Expansão,Masculino,60,6 meses a 1 ano,Segunda - feira,14,7,2025,14:00 - 15:00,Empresa,Individual,Paulo Afonso,BA,PA IV,"	9°24'57""S","38°12'26""W",VP Engenharia de Expansão,Engenharia,EEG,EEGI,EETIN.C,-,-,-,-,Não,-,45853,Golpeado por (atingido por objeto em movimento),Lesão,Dedo da mão Esquerda,Médio,11,Médio,2 - Percepção de Risco,Colaborador colocou seu dedo entre a base da torre e o solo,APR não prevê ação mitigadora para causa do acidente;,PEX não descreve detalhadamente a atividade.,,,,,,45852,Geração
123,Terceiro,Trajeto sem afastamento,Sim,Sim,CHESF,Expansão,Masculino,,1 a 3 anos,Sexta-feira,18,7,2025,07:00 - 08:00,Via pública,Individual,São João do Piauí,BA,SE São João do Piauí,,,VP Engenharia de Expansão,Engenharia,EETI,EETI.C,EETIN.C,-,-,-,-,Não,-,-,Carro - Colisão ,Sem Lesões,-,Baixo,8,Alto,8 - Veículos e Equipamentos Móveis,Condições adversas do trânsito (atingido por veículo da comunidade),Condições adversas do trânsito (atingido por veículo da comunidade),Falta de Comunicação,,,,,,45856,Transmissão
124,Terceiro,Quase Acidente,Não,Sim,CHESF,Expansão,N/A,N/A,N/A,Quinta - feira,30,7,2025,12:00 - 13:00,Empresa,Individual,São João do Piauí,BA,SE São João do Piauí,,,VP Engenharia de Expansão,Engenharia,EETI,EETI.C,EETIN.C,-,-,-,-,Não,-,-,Outros,Sem Lesões,-,NA,7,Alto,7 - Bloqueio e Proteção,Rompimento do estaiamento da tenda.,,,,,,,,45868,Transmissão
125,Terceiro,Desvio Crítico,Não,Sim,CGT Eletrosul,Expansão,Masculino,40 e 20,1 a 3 anos,Sábado,19,7,2025,10:00 - 11:00,Empresa,Dupla,Palhoça,SC,SE Palhoça,,,VP Engenharia de Expansão,Engenharia,EETI,EETI.S,EETIS.S,-,-,-,-,Não,-,-,Outros,Sem Lesões,-,NA,10,Médio,2 - Percepção de Risco,Ausência de treinamento formal inicial dos fiscais de obra sobre o processo de SI,Falha na percepção de riscos do fiscal,Ausência de treinamento formal  inicial dos fiscais de obras sobre os procedimentos de implantação,,,,,,45857,Transmissão
126,Terceiro,Típico sem afastamento,Não,Sim,CHESF,Expansão,Masculino,45,1 a 3 anos,Quinta - feira,30,7,2025,15:00 - 16:00,,Individual,São João do Piauí,BA,SE São João do Piauí,,,VP Engenharia de Expansão,Engenharia,EETI,EETI.C,EETIN.C,-,-,-,-,Não,-,-,Escorregou/Desequilibrou,Lesão,Perna Esquerda,Baixo,15,Baixo,2 - Percepção de Risco,O colaborador pisou em uma tábua do assoalho da plataforma que encontrava-se danificada;,Falha nas inspeções das estruturas utilizadas;,Falha na percepção de risco por parte do colaborador.,,,,,,45868,Transmissão
127,Terceiro,Típico com afastamento,Não,Sim,Eletrobras,Expansão,Masculino,30,1 a 3 anos,Quinta - feira,7,8,2025,16:00 - 17:00,Empresa,Individual,Mogi das Cruzes,SP,SE Mogi das Cruzes,,,VP Engenharia de Expansão,Engenharia,EETI,EETI.F,EEGIS.F,45878,45908,30,-,-,-,-,Ferramenta Manual,Fratura,Dedo da mão Esquerda,Médio,10,Médio,2 - Percepção de Risco,Falta de um dispositivo adequado para a atividade de movimentação de tampa de canaleta,Falta de percepção de risco no momento de movimentar a tampa de canaleta,Falta de procedimento para a execução da atividade de retirada de tampa de canaleta (PEX).,Falta da presença da liderança no acompanhamento conjunto a equipe no momento da atividade.,Falha na atuação da Técnica de Segurança durante a atividade de colocação da tampa da canaleta de cabos (paralisação da atividade),,,,45876,Transmissão
128,Terceiro,Típico sem afastamento,Não,Sim,CHESF,Expansão,Masculino,22,1 a 3 anos,Sábado,9,8,2025,15:00 - 16:00,Empresa,Individual,Juazeiro,BA,SECC LT SBD/LGZ - JZT,,,VP Engenharia de Expansão,Engenharia,EETI,EETI.C,EETIN.C,-,-,-,-,Não,-,-,"Apanhado em (agarrado, pendurado)","Distensão, Torção",Perna Direita,Baixo,7,Alto,8 - Veículos e Equipamentos Móveis,Partes móveis do equipamento “FREIO” desprotegidas; ,O cabo saltou do gorne do conjunto de polias do equipamento freio (tensionador) ,Falha de percepção de risco ao identificar problema. ,,,,,,45878,Transmissão
129,Terceiro,Quase Acidente,Não,Sim,CGT Eletrosul,Expansão,Masculino,29,1 a 3 anos,Quarta - feira,13,8,2025,09:00 - 10:00,Empresa,Individual,Manoel Ribas,PR,SE Ivaiporã,-24.243689199999999,-51.7150739,VP Engenharia de Expansão,Engenharia,EETI,EETI.F,EETIS.F,-,-,-,-,Não,-,-,Ferramenta Manual,-,-,NA,14,Baixo,2 - Percepção de Risco,Falha na percepção dos riscos envolvidos na operação de equipamento rotativo ,Falha na operação da furadeira,,,,,,,45882,Transmissão
130,Terceiro,Típico com afastamento,Não,Sim,Eletrobras,Expansão,Masculino,37,6 meses a 1 ano,Quinta - feira,14,8,2025,10:00 - 11:00,Empresa,Individual,Seropédica,RJ,SE Baixada Fluminense,,,VP Engenharia de Expansão,Engenharia,EETI,EETI.F,EETIS.F,45884,-,90,-,-,-,-,Ferramenta Manual,"Laceração, Corte",Dedo da mão Esquerda,Médio,7,Alto,8 - Veículos e Equipamentos Móveis,Falta de um procedimento operacional de carpintaria para execução das atividades,Ambiente de trabalho em desacordo com a NR 18,Ausência de proteção completa da lâmina do disco,"Desvio comportamental (hipóteses: Falta de atenção, excesso de confiança, descumprimento de orientação de segurança)",,,,,45883,Transmissão
132,Terceiro,Quase Acidente,Sim,Sim,CHESF,Expansão - Proj. Estrat.,Masculino,57,Até 6 meses,Quarta - feira,20,8,2025,07:00 - 08:00,Via pública,Individual,Morada Nova,CE,SPE NOVA ERA CEARÁ (LOTE 03),,,VP Engenharia de Expansão,Engenharia,EETE,EETEM,EETEM,-,-,-,-,Não,-,-,Moto - Colisão,-,-,NA,7,Alto,8 - Veículos e Equipamentos Móveis,Veículo do projeto atingido por motocicleta da comunidade local.,,,,,,,,45889,Transmissão
92,Terceiro,Típico sem afastamento,Não,Sim,CHESF,Expansão - Proj. Estrat.,Masculino,-,1 a 3 anos,Quinta - feira,13,2,2025,08:00 - 09:00,Empresa,Individual,São José do Belmonte,PE,SPE NOVA ERA INTEGRAÇÃO TRANSMISSORA (LOTE 05),,,VP Engenharia de Expansão,Engenharia,EETE,EETEB,EETEB,-,-,-,-,Não,-,45702,Ferramenta Manual,"Laceração, Corte",Braço Esquerdo,Baixo,14,Baixo,2 - Percepção de Risco,Improviso de utensílio/ferramenta anual para realização de furo em tambor lástico,Baixa percepção de risco,,,,,,,45701,Transmissão
2,Terceiro,Quase Acidente,Não,Sim,CHESF,Expansão - Proj. Estrat.,Masculino,,6 meses a 1 ano,Quinta - feira,30,4,2025,12:00 - 13:00,Área rural,Equipe,Milagres,CE,SPE NOVA ERA INTEGRAÇÃO TRANSMISSORA (LOTE 05),,,VP Engenharia de Expansão,Engenharia,EETE,EETEB,EETEB,-,-,-,-,Não,-,-,Outros,Outros,,Baixo,14,Baixo,2 - Percepção de Risco,Ausência de time de afugentamento de fauna na frente de trabalho._x000D_,Inviabilidade em mapear colmeias na totalidade da área de trabalho.,,,,,,,45777,Transmissão
3,Próprio,Trajeto sem afastamento,Sim,Sim,Eletrobras,Expansão - Proj. Estrat.,Masculino,,,Quarta - feira,11,6,2025,07:00 - 08:00,Via pública,Individual,Montes Claros,MG,LT Janaúba 6_Pres. Juscelino,,,VP Engenharia de Expansão,Engenharia,EETE,EETEN,EETEN,-,-,-,-,Não,-,-,Moto - Colisão,,,Baixo,15,Baixo,8 - Veículos e Equipamentos Móveis,Falta de aplicação rigorosa das práticas de direção defensiva,Ausência de controles mais eficazes para exposição a riscos no deslocamento entre hotel e obra,,,,,,,45819,Transmissão
4,Terceiro,Típico sem afastamento,Não,Sim,Eletrobras,Expansão - Proj. Estrat.,Masculino,29,Até 6 meses,Sexta-feira,13,6,2025,11:00 - 12:00,Empresa,Individual,São Paulo,SP,SE Ibiuna,,,VP Engenharia de Expansão,Engenharia,EETE,EETEH,EETEH,-,-,-,-,Não,-,45821,Outros,Outros,,Médio,11,Médio,3 - Trabalho em Altura,Cinto segurança atracado na plataforma elevatória,Descumprimento do procedimento de trabalho em altura e Análise Preliminar de Risco._x000D_,Ato inseguro do colaborador,Falha de supervisão da atividade.,,,,,45821,Transmissão
5,Terceiro,Típico sem afastamento,Não,Sim,Eletrobras,Expansão - Proj. Estrat.,Masculino,45,Até 6 meses,Segunda-feira,23,6,2025,10:00 - 11:00,Empresa,Individual,São Paulo,SP,SE Ibiuna,,,VP Engenharia de Expansão,Engenharia,EETE,EETEH,EETEH,-,-,-,-,Não,-,,Golpeado por (atingido por objeto em movimento),"Laceração, Corte",Perna Esquerda,Baixo,16,Baixo,2 - Percepção de Risco,Falta de acompanhamento da liderança/supervisão no local da atividade.,Falha no planejamento da tarefa.,Não utilização de recurso mecanizado disponível.,Ato inseguro do colaborador por improvisação.,Descumprimento de procedimento operacional e de segurança.,,,,45831,Transmissão
6,Terceiro,Quase Acidente,Não,Sim,Eletrobras,Expansão - Proj. Estrat.,Masculino,,6 meses a 1 ano,Quinta - feira,26,6,2025,08:00 - 09:00,Via pública,Individual,Morro do Chapéu,CE,LT Janaúba 6_Pres. Juscelino,,,VP Engenharia de Expansão,Engenharia,EETE,EETEN,EETEN,-,-,-,-,Não,-,-,Carro - Colisão ,Outros,,Baixo,8,Alto,8 - Veículos e Equipamentos Móveis,Deslocamento em via contraria da rodovia,,,,,,,,45834,Transmissão
7,Terceiro,Típico com afastamento,Não,Sim,Eletrobras,Expansão - Proj. Estrat.,Masculino,47,6 meses a 1 ano,Sexta-feira,27,6,2025,10:00 - 11:00,Empresa,Individual,São Paulo,SP,SE Ibiuna,,,VP Engenharia de Expansão,Engenharia,EETE,EETEH,EETEH,45836,46002,166,600,-,-,45836,Atingido entre ou abaixo (esmagado ou amputado),Amputação Traumática,Dedo da mão Esquerda,Alto,8,Alto,6 - Linha de Perigo,Falta de espaço para armazenamento de peças,Falha na elaboração do PEX/APR pela CET Brazil,Falha na supervisão da atividade pelo encarregado e TST da contratada (devido a necessidade de apoio a outras frentes de trabalho),Ausência do acompanhamento do TST da BV devido a definição de realizar rondas para fiscalizar as atividades críticas do projeto,Baixa percepção de risco,"Barrote utilizado tinha dimensões diferentes, proporcionando instabilidade do barrote apoiado no chão",Descumprimento de NR-12 pelo operador de empilhadeira e montador,,45835,Transmissão
8,Terceiro,Quase Acidente,Não,Sim,Eletrobras,Expansão - Proj. Estrat.,Masculino,,3 a 6 anos,Sexta-feira,11,7,2025,16:00 - 17:00,Empresa,Individual,São Paulo,SP,SE Ibiuna,,,VP Engenharia de Expansão,Engenharia,EETE,EETEH,EETEH,-,-,-,-,Não,-,-,Transporte manual de carga,,,Baixo,14,Baixo,8 - Veículos e Equipamentos Móveis,Manobra sem acompanhamento.,Falta de planejamento do deslocamento,Sinalização inadequada na área crítica.,Ausência de procedimento ou check-list,Desatenção do operador sem apoio visual.,,,,45849,Transmissão
9,Terceiro,Típico sem afastamento,Não,Sim,Eletrobras,Expansão - Proj. Estrat.,Masculino,,6 meses a 1 ano,Sexta-feira,18,7,2025,10:00 - 11:00,Empresa,Individual,Montes Claros,MG,LT Janaúba 6_Pres. Juscelino,,,VP Engenharia de Expansão,Engenharia,EETE,EETEN,EETEN,-,-,-,-,Não,-,-,Animal,Outros,Partes Múltiplas,Baixo,11,Médio,2 - Percepção de Risco,Dificuldade para identificar presença de colmeias devido a densidade da vegetação.,,,,,,,,45856,Transmissão
10,Próprio,Quase Acidente,Não,Sim,Eletrobras,Expansão - Proj. Estrat.,Masculino,,1 a 3 anos,Terça- feira,29,7,2025,12:00 - 13:00,Empresa,Individual,Montes Claros,MG,LT Janaúba 6_Pres. Juscelino,,,VP Engenharia de Expansão,Engenharia,EETE,EETEN,EETEN,-,-,-,-,Não,-,-,"Apanhado em (agarrado, pendurado)",Sem Lesões,,Baixo,11,Médio,2 - Percepção de Risco,Quebra do vidro,Baixa percepção e consciência situacional do risco.,Baixa percepção e consciência situacional do risco.,,,,,,45867,Transmissão
11,Terceiro,Típico sem afastamento,Não,Sim,Eletrobras,Expansão - Proj. Estrat.,Masculino,33,1 a 3 anos,Quinta - feira,31,7,2025,15:00 - 16:00,Empresa,Individual,São Paulo,SP,SE Ibiuna,,,VP Engenharia de Expansão,Engenharia,EETE,EETEH,EETEH,-,-,-,-,Não,-,-,Golpeado por (atingido por objeto em movimento),"Laceração, Corte",Pé Direito,Médio,11,Médio,2 - Percepção de Risco,Ausência de bancada adequada para realização do corte;,Utilização inadequado do equipamento,Falta da percepção do risco associado a atividade,Postura inadequada durante a execução da atividade,Falha na inspeção do disco antes do uso.,,,,45869,Transmissão
12,Terceiro,Quase Acidente,Não,Sim,Eletrobras,Expansão - Proj. Estrat.,Masculino,20,6 meses a 1 ano,Quarta- feira,6,8,2025,09:00 - 10:00,Empresa,Individual,Montes Claros,MG,LT Janaúba 6_Pres. Juscelino,,,VP Engenharia de Expansão,Engenharia,EETE,EETEN,EETEN,-,-,-,-,Não,-,-,Animal,Outros,Partes Múltiplas,Baixo,14,Baixo,2 - Percepção de Risco,Dificuldade para identificar presença de marimbondo devido a densidade da vegetação,,,,,,,,45875,Transmissão
13,Terceiro,Típico sem afastamento,Não,Sim,Eletrobras,Expansão - Proj. Estrat.,Masculino,24,Até 6 meses,Sábado,9,8,2025,11:00 - 12:00,Empresa,Individual,Montes Claros,MG,LT Janaúba 6_Pres. Juscelino,,,VP Engenharia de Expansão,Engenharia,EETE,EETEN,EETEN,-,-,-,-,Não,-,-,Golpeado por (atingido por objeto em movimento),"Laceração, Corte",Perna Esquerda,Baixo,11,Médio,2 - Percepção de Risco,Baixa experiencia para realização do trabalho;,Fadiga e cansaço durante a execução do trabalho.,,,,,,,45878,Transmissão
133,Terceiro,Trajeto sem afastamento,Sim,Sim,Eletronorte,Expansão,Feminino,25,Até 6 meses,Quinta - feira,21,8,2025,07:00 - 08:00,Via pública,Individual,Colinas do Tocantins,TO,SE Colinas,,,VP Engenharia de Expansão,Engenharia,EETI,EETI.N,EETIN.N,-,-,-,-,Não,-,-,Carro - Colisão ,-,-,Baixo,11,Médio,8 - Veículos e Equipamentos Móveis,"Excesso de confiança de terceiro, condutor do caminhão boiadeiro",,,,,,,,45890,Transmissão
134,Próprio,Típico sem afastamento,Não,Sim,Eletrobras,Expansão - Proj. Estrat.,Masculino,52,Acima de 10 anos,Quarta- feira,20,8,2025,15:00 - 16:00,Empresa,Individual,Linhares,ES,Fábrica da Brametal,,,VP Engenharia de Expansão,Engenharia,EETA,EETAC,EETAC,-,-,-,-,Não,-,-,Golpeado por (atingido por objeto em movimento),Sem Lesões,,Baixo,11,Médio,7 - Bloqueio e Proteção,Falta de manutenção periódica da grade de proteção do equipamento de ensaio mecânico,Falta de uma inspeção periódica de durabilidade da vida útil da grade e acessórios de proteção da máquina de ensaios mecânicos;,Computador de análise de resultados muito próximo ao raio de ação de rompimento de corpo de prova.,,,,,,45889,Transmissão
135,Terceiro,Quase Acidente,Não,Sim,Eletrobras,Expansão,Masculino,38,1 a 3 anos,Sexta-feira,22,8,2025,09:00 - 10:00,Empresa,Individual,Manoel Ribas,PR,SE Ivaiporã,-24.243689199999999,-51.7150739,VP Engenharia de Expansão,Engenharia,EETI,EETI.F,EETIS.F,-,-,-,-,Não,-,-,Eletricidade,Sem Lesões,,NA,8,Alto,4  - Eletricidade,Devido ao “surto” no ato de fechamento do disjuntor da linha C1,,,,,,,,45891,Transmissão
136,Terceiro,Típico sem afastamento,Não,Sim,CHESF,Expansão,Masculino,,1 a 3 anos,Sexta-feira,22,8,2025,17:00 - 18:00,Empresa,Individual,Paulo Afonso,BA,PA IV,"	9°24'57""S","38°12'26""W",VP Engenharia de Expansão,Engenharia,EEG,EEGI,EETIN.C,-,-,-,-,Não,-,45894,Golpeado por (atingido por objeto em movimento),"Escoriação, Abrasão",Partes Múltiplas,Baixo,11,Médio,7 - Bloqueio e Proteção,Falta de solicitação de apoio (comunicação falha por parte do colaborador),Manobra incorreta com a mangueira pressurizada,Falta de detalhamento no PEX/APR da atividade de limpeza,Ausência de dispositivo de controle de fluxo próximo ao colaborador,PEX e APR não detalha o passo a passo da limpeza e disponibilização da segunda pessoa nessa atividade,PEX e APR não detalha o passo a passo da limpeza e disponibilização da segunda pessoa nessa atividade,,,45891,Geração
137,Terceiro,Quase Acidente,Não,Sim,Eletrobras,Expansão - Proj. Estrat.,Masculino,,Até 6 meses,Sexta-feira,22,8,2025,17:00 - 18:00,Empresa,Individual,Foz Iguaçu,PR,SE Foz Iguaçu,-25.5183544,-54.629103499999999,VP Engenharia de Expansão,Engenharia,EETE,EETEH,EETEH,-,-,-,-,Não,-,-,Outros,Lombalgia de Esforço,Coluna,NA,11,Médio,2 - Percepção de Risco,Fragilidade estrutural das tampas da canaleta,Ausência de procedimento padronizado,Deficiência no planejamento da atividade,Ação individual inadequada do colaborador,Cultura de priorização do patrimônio sobre a segurança pessoal,,,,45891,Transmissão
138,Terceiro,Trajeto sem afastamento,Sim,Sim,CHESF,Expansão,Masculino,50,1 a 3 anos,Quinta - feira,28,8,2025,12:00 - 13:00,Via pública,Individual,Casa Nova,BA,EOL Casa Nova B,,,VP Engenharia de Expansão,Engenharia,EEG,EEGI,EEGIN,-,-,-,-,Não,-,-,Outros,"Escoriação, Abrasão",Partes Múltiplas,Baixo,7,Alto,8 - Veículos e Equipamentos Móveis,Colaborador trafegava em velocidade incompatível com a via.,,,,,,,,45897,Geração
139,Terceiro,Desvio Crítico,Não,Sim,Eletrobras,Expansão - Proj. Estrat.,Masculino,21,Até 6 meses,Segunda-feira,29,8,2025,10:00 - 11:00,Empresa,Individual,Montes Claros,MG,LT Janaúba 6_Pres. Juscelino,,,VP Engenharia de Expansão,Engenharia,EETE,EETEN,EETEN,-,-,-,-,Não,-,-,Outros,-,-,NA,7,Alto,3 - Trabalho em Altura,Postura inadequada com risco de queda.,Tentativa inadequada de ganhar tempo e esforço.,,,,,,,45898,Transmissão
140,Terceiro,Quase Acidente,Não,Sim,Eletrobras,Expansão - Proj. Estrat.,Masculino,43,3 a 6 anos,Sábado,30,8,2025,08:00 - 09:00,Empresa,Individual,Foz Iguaçu,PR,SE Foz Iguaçu,-25.5183544,-54.629103499999999,VP Engenharia de Expansão,Engenharia,EETE,EETEH,EETEH,-,-,-,-,Não,-,-,Outros,-,-,NA,11,Médio,8 - Veículos e Equipamentos Móveis,Compatibilidade operador x equipamento,Fator humano,Fator ergonômico da cabine,Gestão de alocação,,,,,45899,Transmissão
141,Terceiro,Quase Acidente,Sim,Sim,CGT Eletrosul,Expansão,Feminino,51,1 a 3 anos,Terça- feira,2,9,2025,18:00 - 19:00,Via pública,Individual,Santana do Livramento,RS,Parque Eólico Coxilha Negra,-30.872,-55.603200000000001,VP Engenharia de Expansão,Engenharia,EEG,EEGE,EEGEC,-,-,-,-,Não,-,-,Carro - Colisão ,-,-,NA,15,Baixo,8 - Veículos e Equipamentos Móveis,Não manutenção da distância segura em relação ao veículo à frente,Falta de atenção e avaliação correta dos riscos no trânsito.,,,,,,,45902,Geração
142,Terceiro,Típico sem afastamento,Não,Sim,CHESF,Expansão,Masculino,57,6 meses a 1 ano,Sexta-feira,5,9,2025,09:00 - 10:00,Empresa,Individual,Paulo Afonso,BA,PA IV,"	9°24'57""S","38°12'26""W",VP Engenharia de Expansão,Engenharia,EEG,EEGI,EETIN.C,-,-,-,-,Não,-,-,Escorregou/Desequilibrou,"Escoriação, Abrasão",Cabeça,Médio,10,Médio,3 - Trabalho em Altura,Ausência de proteção (EPC),Piso irregular (vão aberto),O colaborador atingiu a cabeça contra o parafuso (abraçadeira) do andaime;,,,,,,45905,Geração
143,Terceiro,Quase Acidente,Sim,Sim,CHESF,Expansão,Masculino,44,6 meses a 1 ano,Quarta - feira,3,9,2025,09:00 - 10:00,Via pública,Individual,Olindina,BA,SE Olindina,,,VP Engenharia de Expansão,Engenharia,EETI,EETI.C,EETIN.C,-,-,-,-,Não,-,-,Carro - Colisão ,Sem Lesões,-,NA,11,Médio,8 - Veículos e Equipamentos Móveis,O veículo da comunidade não manteve a distância de segurança do veículo da Pampulha Engenharia.,Presença de animais na estrada.,,,,,,,45903,Transmissão
144,Terceiro,Quase Acidente,Não,Sim,Eletrobras,Expansão - Proj. Estrat.,Masculino,43,6 meses a 1 ano,Sexta-feira,17,9,2025,08:00 - 09:00,Empresa,Individual,Montes Claros,MG,LT Janaúba 6_Pres. Juscelino,,,VP Engenharia de Expansão,Engenharia,EETE,EETEN,EETEN,-,-,-,-,Não,,,Outros,Sem Lesões,,Baixo,14,Baixo,2 - Percepção de Risco,Sem Uso do EPI luva de proteção,Falha de comunicação.,,,,,,,45917,Transmissão
145,Terceiro,Quase Acidente,Sim,Sim,Eletrobras,Expansão - Proj. Estrat.,Masculino,38,1 a 3 anos,Sexta-feira,19,9,2025,09:00 - 10:00,Via pública,Individual,Foz Iguaçu,PR,SE Foz Iguaçu,-25.5183544,-54.629103499999999,VP Engenharia de Expansão,Engenharia,EETE,EETEH,EETEH,-,-,-,-,Não,-,-,Outros,Sem Lesões,-,NA,11,Médio,8 - Veículos e Equipamentos Móveis,Interpretação equivocada da manobra,Velocidade acima do recomendado,Ponto cego de veículos pesados,Fragilidade na conscientização,,,,,45919,Transmissão
146,Terceiro,Quase Acidente,Não,Sim,CGT Eletrosul,Expansão,N/A,N/A,N/A,Sexta-feira,19,9,2025,10:00 - 11:00,Empresa,Individual,Santana do Livramento,RS,Parque Eólico Coxilha Negra,-30.872,-55.603200000000001,VP Engenharia de Expansão,Engenharia,EEG,EEGE,EEGEC,-,-,-,-,Não,-,-,Outros,Sem Lesões,-,NA,11,Médio,3 - Trabalho em Altura,O ponto de ancoragem não demonstrou ser um elemento capaz de suportar os esforços aplicados;,Emprego de um tipo de perfil não adequado para o tipo de estrutura;,Falha na inspeção diária da linha de vida,,,,,,45919,Geração
147,Terceiro,Quase Acidente,Não,Sim,Eletrobras,Expansão - Proj. Estrat.,Masculino,,6 meses a 1 ano,Sábado,20,9,2025,10:00 - 11:00,Empresa,Individual,Montes Claros,MG,SE Janaúba 6,,,VP Engenharia de Expansão,Engenharia,EETE,EETEN,EETEN,-,-,-,-,Não,-,-,Outros,-,-,Baixo,14,Baixo,8 - Veículos e Equipamentos Móveis,Início da atividade sem liberação da liderança.,Desrespeito ao procedimento,,,,,,,45920,Transmissão
148,Terceiro,Quase Acidente,Sim,Sim,Eletrobras,Expansão - Proj. Estrat.,Masculino,,6 meses a 1 ano,Terça- feira,30,9,2025,11:00 - 12:00,Via pública,Individual,Montes Claros,MG,Nova Era Janapu,,,VP Engenharia de Expansão,Engenharia,EETE,EETEN,EETEN,-,-,-,-,Não,-,-,Carro - Colisão ,Sem Lesões,-,Baixo,14,Baixo,8 - Veículos e Equipamentos Móveis,Colisão lateral esquerda,Ultrapassagem de risco e negligência pela faixa contínua por terceiro,,,,,,,45930,Transmissão
149,Terceiro,Trajeto com afastamento,Sim,Sim,Eletrobras,Expansão - Proj. Estrat.,Masculino,33,6 meses a 1 ano,Segunda-feira,30,9,2025,06:00 - 07:00,Via pública,Individual,São Paulo,SP,SE Ibiuna,,,VP Engenharia de Expansão,Engenharia,EETE,EETEH,EETEH,45929,45934,5,-,Não,-,-,Carro - Colisão ,"Escoriação, Abrasão",Face,Baixo,11,Médio,8 - Veículos e Equipamentos Móveis,Conversão à esquerda sem certificação de via livre,Infraestrutura viária inadequada,Falta de treinamento específico em direção defensiva,Desconhecimento de técnicas para manobras em locais de risco,Fadiga ao final da jornada de trabalho,Falta de Análise Preliminar de Risco (APR) para a rota,Inexistência de Procedimento Operacional Padrão (POP) para transporte de pessoal,"Não avaliação ergonômica do veículo (espelhos, visibilidade)",45930,Transmissão
150,Terceiro,Quase Acidente,Não,Sim,Eletrobras,Expansão - Proj. Estrat.,Masculino,26,6 meses a 1 ano,Terça- feira,1,10,2025,06:00 - 07:00,Via pública,Individual,São Paulo,SP,SE Ibiuna,,,VP Engenharia de Expansão,Engenharia,EETE,EETEH,EETEH,-,-,-,-,Não,-,-,Carro - Colisão ,Sem Lesões,-,NA,14,Baixo,8 - Veículos e Equipamentos Móveis,Motorista terceiro distraído (olhando para o lado),Avaliação incorreta do motorista terceiro quanto a velocidade/distância do veículo que estava parado;,Falha do motorista terceiro quanto a perceber do tráfego à frente por falta de atenção;,Desatenção do motorista terceiro;,Imperícia do motorista terceiro,,,,45931,Transmissão
151,Terceiro,Quase Acidente,Sim,Sim,Eletrobras,Expansão - Proj. Estrat.,Masculino,33,6 meses a 1 ano,Sexta-feira,3,10,2025,16:00 - 17:00,Via pública,Individual,Montes Claros,MG,LT Janaúba 6_Pres. Juscelino,,,VP Engenharia de Expansão,Engenharia,EETE,EETEN,EETEN,-,-,-,-,Não,-,-,Carro - Colisão ,Sem Lesões,-,Baixo,14,Baixo,8 - Veículos e Equipamentos Móveis,Baixa percepção de risco ao realizar manobra.,,,,,,,,45933,Transmissão
152,Terceiro,Quase Acidente,Não,Sim,Eletrobras,Expansão - Proj. Estrat.,Masculino,43,6 meses a 1 ano,Sábado,4,10,2025,11:00 - 12:00,Empresa,Individual,Montes Claros,MG,LT Janaúba 6_Pres. Juscelino,,,VP Engenharia de Expansão,Engenharia,EETE,EETEN,EETEN,-,-,-,-,Não,-,-,Transporte manual de carga,Sem Lesões,-,NA,11,Médio,2 - Percepção de Risco,Falta de amarração da carga para transporte;,Tentativa inadequada de ganhar tempo e esforço.,,,,,,,45934,Transmissão
153,Terceiro,Desvio Crítico,Não,Sim,CGT Eletrosul,Expansão,Masculino,39,6 meses a 1 ano,Domingp,5,10,2025,10:00 - 11:00,Empresa,Individual,Capivari de Baixo,SC,SE Jorge Lacerda,,,VP Engenharia de Expansão,Engenharia,EETE,EETIS,EETIS,-,-,-,-,Não,-,-,Eletricidade,Sem Lesões,-,NA,7,Alto,4  - Eletricidade,Ausência de checklist diário para verificação dos aterramentos temporários,Falta de registro do Controle de Instalação e Retirada de Conjuntos de Aterramento Temporários aplicados em camp,Ausência do detalhamento dos pontos de aterramento temporário no PEX.,Supervisão inadequada de atividade crítica,Falha na identificação e avaliação dos riscos associados à atividade crítica.,Ações Extras devido a quesitos identificados durante o processo de investigação,,,45935,Transmissão
154,Terceiro,Quase Acidente,Sim,Sim,Eletrobras,Expansão,Masculino,39,1 a 3 anos,Segunda-feira,13,10,2025,06:00 - 07:00,Via pública,Individual,Frutal,MG,UHE Porto Colômbia,-20.751999999999999,-48.343299999999999,VP Engenharia de Expansão,Engenharia,EEG,EEGIS,EEGIS.F,-,-,-,-,Não,-,-,Carro - Colisão ,Sem Lesões,-,Médio,16,Baixo,8 - Veículos e Equipamentos Móveis,Via com pouca visibilidade,Animal na pista,"Pista em más condições com acúmulo de água, areia e óleo",Ponte estreita e sem sinalização,,,,,45943,Geração
155,Terceiro,Quase Acidente,Não,Sim,Eletrobras,Expansão - Proj. Estrat.,Masculino,26,6 meses a 1 ano,Sexta-feira,10,10,2025,10:00 - 11:00,Empresa,Individual,Bocaiuva,MG,LT Janaúba 6_Pres. Juscelino,,,VP Engenharia de Expansão,Engenharia,EETE,EETEN,EETEN,-,-,-,-,Não,-,-,Ferramenta Manual,Sem Lesões,-,Baixo,7,Alto,2 - Percepção de Risco,Falta de visibilidade do operador,Alteração da direção da queda da árvore;,Deficiência na comunicação entre líder da atividade e liderados,,,,,,45940,Transmissão
156,Terceiro,Desvio Crítico,Não,Sim,Eletrobras,Expansão - Proj. Estrat.,Masculino,54,6 meses a 1 ano,Sexta-feira,10,10,2025,13:00 - 14:00,Empresa,Individual,Capitão Eneias,MG,LT Janaúba 6_Pres. Juscelino,,,VP Engenharia de Expansão,Engenharia,EETE,EETEN,EETEN,-,-,-,-,Não,-,-,Transporte manual de carga,Sem Lesões,-,NA,7,Alto,8 - Veículos e Equipamentos Móveis,Ausência de identificação do peso da Peça;,Falha de avaliação quanto a capacidade de carga do equipamento e peso da peça a ser içada,,,,,,,45940,Transmissão
157,Terceiro,Típico sem afastamento,Não,Sim,CHESF,Expansão,Masculino,42,6 meses a 1 ano,Segunda-feira,13,10,2025,15:00 - 16:00,Empresa,Individual,Teresina,PI,SE Teresina II,,,VP Engenharia de Expansão,Engenharia,EETI,EETI.C,EETIN.C,-,-,-,-,Não,-,-,Atingido por (pontos agudos ou cortantes),"Escoriação, Abrasão",Braço Esquerdo,Baixo,11,Médio,7 - Bloqueio e Proteção,Não existe procedimento específico para retirada da concertina,O colaborador realizava a atividade sozinho;,EPI Insuficiente;,Corte – superfície cortante.,,,,,45943,Transmissão
158,Terceiro,Quase Acidente,Não,Sim,CHESF,Expansão,Masculino,46,1 a 3 anos,Terça- feira,14,10,2025,09:00 - 10:00,Empresa,Equipe,Paulo Afonso,BA,PA IV,"	9°24'57""S","38°12'26""W",VP Engenharia de Expansão,Engenharia,EEG,EEGI,EETIN.C,-,-,-,-,Não,-,-,Outros,Sem Lesões,-,NA,7,Alto,2 - Percepção de Risco,Falha no planejamento para execução da atividade;,Ausência de treinamento específico na utilização de cinta no içamento vertical da tubulação;,Falta de percepção de risco dos envolvidos na utilização da cinta.,,,,,,45944,Geração
159,Terceiro,Quase Acidente,Não,Sim,Eletrobras,Expansão - Proj. Estrat.,Masculino,50,1 a 3 anos,Terça- feira,28,10,2025,12:00 - 13:00,Empresa,Individual,Buenópolis,MG,LT Janaúba 6_Pres. Juscelino,,,VP Engenharia de Expansão,Engenharia,EETE,EETEN,EETEN,-,-,-,-,Não,-,-,Outros,Sem Lesões,-,NA,7,Alto,8 - Veículos e Equipamentos Móveis,Carga transportada acima da capacidade de carga do caminhão;,Tentativa inadequada de ganhar tempo e esforço.,,,,,,,45958,Transmissão
160,Terceiro,Quase Acidente,Não,Sim,Eletrobras,Expansão,Masculino,23,1 a 3 anos,Quarta - feira,15,10,2025,15:00 - 16:00,Empresa,Individual,Manoel Ribas,PR,SE Ivaiporã,-24.243689199999999,-51.7150739,VP Engenharia de Expansão,Engenharia,EETI,EETI.F,EETIS.F,-,-,-,-,Não,-,-,Transporte manual de carga,Sem Lesões,-,NA,11,Médio,8 - Veículos e Equipamentos Móveis,Gancho do guindauto apresentava trava de segurança danificada,"Ausência de aplicação das ferramentas de prevenção iniciais, como o checklist do veículo e dos acessório",Falha na execução da amarração para o içamento,Supervisão inadequada de atividade crítica,Falha na identificação e avaliação dos riscos associados à atividade crítica contidos na Análise Preliminar de Riscos/APR,,,,45945,Transmissão
161,Terceiro,Quase Acidente,Não,Sim,Eletrobras,Expansão - Proj. Estrat.,Masculino,42,6 meses a 1 ano,Quarta - feira,15,10,2025,14:00 - 15:00,Empresa,Individual,Montes Claros,MG,LT Janaúba 6_Pres. Juscelino,,,VP Engenharia de Expansão,Engenharia,EETE,EETEN,EETEN,-,-,-,-,Não,-,-,Golpeado por (atingido por objeto em movimento),Sem Lesões,-,Baixo,11,Médio,8 - Veículos e Equipamentos Móveis,Falta de habilidade prática para operação;,Deficiência de comunicação entre os colaboradores sobre a distância durante a operação.,Falha na gestão de mudança,,,,,,45945,Transmissão
162,Terceiro,Quase Acidente,Não,Sim,CGT Eletrosul,Expansão,Masculino,39,1 a 3 anos,Quarta - feira,15,10,2025,15:00 - 16:00,Empresa,Individual,Manoel Ribas,PR,SE Ivaiporã,-24.243689199999999,-51.7150739,VP Engenharia de Expansão,Engenharia,EETI,EETI.F,EETIS.F,-,-,-,-,Não,-,-,Transporte manual de carga,Sem Lesões,-,NA,11,Médio,8 - Veículos e Equipamentos Móveis,"Ausência de aplicação das ferramentas de prevenção iniciais, como o checklist do veículo e dos acessórios.",Falha na execução da amarração para o içamento,Supervisão inadequada de atividade crítica,Falha na identificação e avaliação dos riscos associados à atividade crítica contidos na Análise Preliminar de Riscos/APR,,,,,45945,Transmissão
163,Terceiro,Quase Acidente,Não,Sim,Eletrobras,Expansão,Masculino,51,1 a 3 anos,Segunda-feira,15,10,2025,11:00 - 12:00,Empresa,Individual,Chiador,RJ,UHE Simplício,-22.000200400000001,-42.9463036,VP Engenharia de Expansão,Engenharia,EEG,EEGIS,EEGIS.F,-,-,-,-,Não,-,-,Transporte manual de carga,Sem Lesões,-,NA,7,Alto,8 - Veículos e Equipamentos Móveis,Falha no sistema mecânico.,Falta dos itens de verificação do sistema de freio no planejamento de manutenção preventiva do equipamento;,,,,,,,45945,Geração
164,Terceiro,Quase Acidente,Não,Sim,CHESF,Expansão,Masculino,36,6 meses a 1 ano,Segunda-feira,20,10,2025,16:00 - 17:00,Empresa,Dupla,Fortaleza,CE,SE Fortaleza I,,,VP Engenharia de Expansão,Engenharia,EETI,EETI.C,EETIN.C,-,-,-,-,Não,-,-,Transporte manual de carga,Sem Lesões,-,NA,4,Alto,8 - Veículos e Equipamentos Móveis,Não houve o cuidado na análise prévia do projeto.,Posicionamento da PEMT no alinhamento da vala de drenagem.,Movimentação da PEMT com lança parcialmente aberta.,Não houve o cuidado na análise prévia do projeto e houve descumprimento da APR.,,,,,45950,Transmissão
165,Terceiro,Desvio Crítico,Não,Sim,CGT Eletrosul,Expansão,Masculino,32,1 a 3 anos,Segunda-feira,20,10,2025,09:00 - 10:00,Empresa,Individual,Santo Ângelo,RS,SE Santo Ângelo,,,VP Engenharia de Expansão,Engenharia,EETI,EETI.S,EETIS.S,-,-,-,-,Não,-,-,Transporte manual de carga,Sem Lesões,-,NA,7,Alto,8 - Veículos e Equipamentos Móveis,A equipe de execução não possuía conhecimento sobre o procedimento descrito no Manual de Manutenção,Falha na abrangência do procedimento operacional especifico,,,,,,,45950,Transmissão
166,Terceiro,Quase Acidente,Não,Sim,Eletronorte,Expansão,Masculino,43,6 meses a 1 ano,Quarta - feira,22,10,2025,13:00 - 14:00,Empresa,Individual,Pedra Preta,MT,SE Petrovina,,,VP Engenharia de Expansão,Engenharia,EETI,EETI.N,EETIN.N,-,-,-,-,Não,-,-,Ferramenta Manual,Sem Lesões,-,NA,15,Baixo,2 - Percepção de Risco,"Desvio da trajetória do golpe da marreta, atingindo de raspão a eminência tenar da mão esquerda",Mão posicionada próxima à zona de impacto durante a fixação de estacas.,EPI inadequado ao risco de impacto (luva sem proteção dorsal).,Ausência de apoio/gabarito que mantivesse as mãos fora da linha de golpe.,,,,,45952,Transmissão
167,Terceiro,Quase Acidente,Não,Sim,Eletrobras,Expansão,Masculino,44,6 meses a 1 ano,Sexta-feira,24,10,2025,13:00 - 14:00,Empresa,Individual,Planura,MG,SE Porto Colômbia,-20.751999999999999,-48.343299999999999,VP Engenharia de Expansão,Engenharia,EETI,EETI.F,EEGIS.F,-,-,-,-,Não,-,-,Transporte manual de carga,Sem Lesões,-,NA,15,Baixo,8 - Veículos e Equipamentos Móveis,Ausência do sinaleiro para auxílio na manobra,Falta de sinalização no local de trabalho,Falta de atenção ao fazer a manobra,,,,,,45954,Transmissão
168,Terceiro,Típico sem afastamento,Não,Sim,CHESF,Expansão,Masculino,28,6 meses a 1 ano,Terça- feira,28,10,2025,09:00 - 10:00,Empresa,Individual,Paulo Afonso,BA,PA IV,"	9°24'57""S","38°12'26""W",VP Engenharia de Expansão,Engenharia,EEG,EEGI,EETIN.C,-,-,-,-,Não,-,-,Golpeado por (atingido por objeto em movimento),"Escoriação, Abrasão",Braço Esquerdo,Baixo,11,Médio,2 - Percepção de Risco,Ferramenta (formão) inadequada;,Ausência do procedimento adequado para remoção da cunha.,,,,,,,45958,Geração
169,Terceiro,Quase Acidente,Não,Sim,CHESF,Expansão,N/A,N/A,N/A,Quarta - feira,29,10,2025,16:00 - 17:00,Empresa,Individual,Paulo Afonso,BA,PA IV,"	9°24'57""S","38°12'26""W",VP Engenharia de Expansão,Engenharia,EEG,EEGI,EETIN.C,-,-,-,-,Não,-,-,Outros,Sem Lesões,-,NA,5,Alto,4  - Eletricidade,O PEX não descreve o procedimento de movimentação da tampa. ,A APR não descreve o procedimento de movimentação da tampa. ,A tampa escorregou causando impacto no cabo energizado.  ,,,,,,45959,Geração
170,Terceiro,Típico sem afastamento,Não,Sim,Eletrobras,Expansão - Proj. Estrat.,Masculino,40,6 meses a 1 ano,Quarta - feira,29,10,2025,17:00 - 18:00,Empresa,Individual,São Paulo,SP,SE Ibiuna,,,VP Engenharia de Expansão,Engenharia,EETE,EETEH,EETEH,-,-,-,-,Não,-,-,Atingido por (pontos agudos ou cortantes),"Laceração, Corte",Mão Esquerda,Médio,11,Médio,2 - Percepção de Risco,Retirada antecipada dos Equipamentos de Proteção Individual,Presença de borda com rebarba/aresta cortante na caixa d’água,Falha na percepção de risco por parte do colaborador,Análise Preliminar de Risco (APR) insuficiente,,,,,45959,Transmissão
171,Terceiro,Quase Acidente,Não,Sim,Eletronorte,Expansão,N/A,N/A,N/A,Quinta-feira,30,10,2025,11:00 - 12:00,Empresa,Individual,Sorriso,MT,SE Sorriso,,,VP Engenharia de Expansão,Engenharia,EETI,EETI.N,EETIN.N,-,-,-,-,Não,-,-,Outros,Sem Lesões,-,NA,5,Alto,4  - Eletricidade,"A combinação de falha construtiva e erro de montagem, resultando em cisalhamento dos pinos e energização parcial da seccionadora.",,,,,,,,45960,Transmissão
172,Terceiro,Quase Acidente,Não,Sim,Eletrobras,Expansão,Masculino,38,6 meses a 1 ano,Sexta-feira,31,10,2025,15:00 - 16:00,Empresa,Individual,Planura,MG,UHE Porto Colômbia,-20.751999999999999,-48.343299999999999,VP Engenharia de Expansão,Engenharia,EEG,EEGIS,EEGIS.F,-,-,-,-,Não,-,-,Ferramenta Manual,Sem Lesões,-,NA,15,Baixo,8 - Veículos e Equipamentos Móveis,Falha operacional ,,,,,,,,45961,Geração
173,Terceiro,Quase Acidente,Não,Sim,Eletrobras,Expansão - Proj. Estrat.,Masculino,45,6 meses a 1 ano,Sábado,1,11,2025,14:00 - 15:00,Empresa,Individual,Montes Claros,MG,LT Janaúba 6_Pres. Juscelino,,,VP Engenharia de Expansão,Engenharia,EETE,EETEN,EETEN,-,-,-,-,Não,-,-,Animal,Outros,Partes Múltiplas,Baixo,11,Médio,2 - Percepção de Risco,Dificuldade para identificar presença de marimbondo dentro da árvore oca.,,,,,,,,45962,Transmissão
174,Terceiro,Trajeto sem afastamento,Sim,Sim,Eletrobras,Expansão,Masculino,33,1 a 3 anos,Terça- feira,4,11,2025,05:00 - 06:00,Via pública,Individual,Planura,MG,UHE Porto Colômbia,-20.751999999999999,-48.343299999999999,VP Engenharia de Expansão,Engenharia,EEG,EEGIS,EEGIS.F,-,-,-,-,Não,-,-,Carro - Colisão ,"Escoriação, Abrasão",Braço Esquerdo,Baixo,11,Médio,8 - Veículos e Equipamentos Móveis,Baixa visibilidade,,,,,,,,45965,Geração
175,Terceiro,Quase Acidente,Não,Sim,Eletrobras,Expansão - Proj. Estrat.,Masculino,44,6 meses a 1 ano,Segunda-feira,3,11,2025,11:00 - 12:00,Empresa,Individual,Buenópolis,MG,LT Janaúba 6_Pres. Juscelino,,,VP Engenharia de Expansão,Engenharia,EETE,EETEN,EETEN,-,-,-,-,Não,-,-,Animal,Outros,Partes Múltiplas,Baixo,15,Baixo,2 - Percepção de Risco,Dificuldade para identificar presença de marimbondo dentro da árvore oca.,,,,,,,,45964,Transmissão
176,Terceiro,Típico sem afastamento,Não,Sim,CHESF,Expansão,Masculino,22,1 a 3 anos,Domingo,9,11,2025,06:00 - 07:00,Empresa,Individual,Juazeiro,BA,Secc LT SOB/LGZ,,,VP Engenharia de Expansão,Engenharia,EETI,EETI.C,EETIN.C,-,-,-,-,Não,-,-,Golpeado por (atingido por objeto em movimento),"Escoriação, Abrasão",Pé Esquerdo,Baixo,11,Médio,2 - Percepção de Risco,Desalinhamento mecânico dos estropos na chapa de ancoragem,Destorção durante a acomodação da carga;,Falha na verificação de tensão equilibrada entre tirfor,Ausência de backup preventivo na fase de ajuste fino;,Fator humano relacionado à posição de operação e distância de segurança.,Controle insuficiente das condições de tensão e posicionamento durante a fase de ajuste final do sistema,,,45970,Transmissão
177,Terceiro,Quase Acidente,Não,Sim,Eletrobras,Expansão - Proj. Estrat.,Masculino,41,6 meses a 1 ano,Quinta-feira,13,11,2025,10:00 - 11:00,Empresa,Individual,São Paulo,SP,SE Ibiuna,,,VP Engenharia de Expansão,Engenharia,EETE,EETEH,EETEH,-,-,-,-,Não,-,-,Golpeado por (atingido por objeto em movimento),Sem Lesões,-,NA,5,Alto,2 - Percepção de Risco,Planejamento inadequado da atividade.,Falha na percepção de risco.,Movimentação manual insegura,Falta de travamento após retirada dos grampos,,de ancoragem.,,,45974,Transmissão
178,Terceiro,Típico sem afastamento,Não,Sim,Eletrobras,Expansão - Proj. Estrat.,Masculino,42,6 meses a 1 ano,Terça- feira,17,11,2025,16:00 - 17:00,Empresa,Individual,São Paulo,SP,SE Ibiuna,,,VP Engenharia de Expansão,Engenharia,EETE,EETEH,EETEH,-,-,-,-,Não,-,-,Golpeado por (atingido por objeto em movimento),"Laceração, Corte",Joelho esquerdo,Médio,5,Alto,2 - Percepção de Risco,Falha de planejamento / infraestrutura inadequada,Operação insegura da ferramenta,Falha na percepção de risco e disciplina operacional,,,,,,45978,Transmissão
179,Terceiro,Típico sem afastamento,Não,Sim,Eletrobras,Expansão - Proj. Estrat.,Masculino,31,1 a 3 anos,Terça- feira,17,11,2025,16:00 - 17:00,Empresa,Individual,São Paulo,SP,SE Ibiuna,,,VP Engenharia de Expansão,Engenharia,EETE,EETEH,EETEH,-,-,-,-,Não,-,-,Atingido por (pontos agudos ou cortantes),"Laceração, Corte",Pé Direito,Baixo,11,Médio,2 - Percepção de Risco,Procedimento de rebatimento dos pregos antes do descarte.,Limpeza e segregação dos resíduos,Inspeção prévia da área de trabalho,Correção da conduta insegura,Treinamento de identificação de riscos,,,,45978,Transmissão
180,Terceiro,Típico sem afastamento,Não,Sim,Eletrobras,Expansão - Proj. Estrat.,Masculino,32,6 meses a 1 ano,Quarta - feira,19,11,2025,05:00 - 06:00,Empresa,Individual,São Paulo,SP,SE Ibiuna,,,VP Engenharia de Expansão,Engenharia,EETE,EETEH,EETEH,-,-,-,-,Não,-,-,Golpeado por (atingido por objeto em movimento),"Laceração, Corte",Mão Direita,Médio,11,Médio,2 - Percepção de Risco,Procedimento inadequado,Treinamento insuficiente,Cultura de segurança fragilizada,,,,,,45980,Transmissão
181,Terceiro,Quase Acidente,Não,Sim,Eletrobras,Expansão - Proj. Estrat.,Masculino,52,6 meses a 1 ano,Terça- feira,2,12,2025,10:00 - 11:00,Área rural,Individual,Presidente Juscelino,MG,LT Janaúba 6_Pres. Juscelino,,,VP Engenharia de Expansão,Engenharia,EETE,EETEN,EETEN,-,-,-,-,Não,-,-,Transporte manual de carga,Sem Lesões,-,NA,11,Médio,8 - Veículos e Equipamentos Móveis,Ausência de sinalização e identificação da entrada da área da torre.,Tentativa inadequada de ganhar tempo e esforço.,,,,,,,45993,Transmissão
182,Terceiro,Quase Acidente,Sim,Sim,Eletrobras,Expansão - Proj. Estrat.,Masculino,43,6 meses a 1 ano,Sexta-feira,21,11,2025,09:00 - 10:00,Empresa,Individual,Presidente Juscelino,MG,BAYs Jan e Pjus,,,VP Engenharia de Expansão,Engenharia,EETE,EETEN,EETEN,-,-,-,-,Não,-,-,Golpeado por (atingido por objeto em movimento),Sem Lesões,-,Baixo,15,Baixo,2 - Percepção de Risco,Quebra do Vidro.,,,,,,,,45982,Transmissão
183,Terceiro,Típico sem afastamento,Não,Sim,CGT Eletrosul,Expansão,Masculino,-,6 meses a 1 ano,Terça- feira,25,11,2025,16:00 - 17:00,Empresa,Individual,Anastácio,MS,SE Anastácio,,,VP Engenharia de Expansão,Engenharia,EETI,EETI.S,EETIS.S,-,-,-,-,Não,-,-,Golpeado por (atingido por objeto em movimento),"Laceração, Corte",Pé Direito,NA,11,Médio,2 - Percepção de Risco,Inexistência de dispositivo ou método adequado para sustentação provisória dos tubos durante a instalação,Deficiência na análise dos riscos envolvidos na atividade,Falha na supervisão da atividade,,,,,,45986,Transmissão
184,Terceiro,Quase Acidente,Não,Sim,Eletrobras,Expansão - Proj. Estrat.,Masculino,-,6 meses a 1 ano,Sábado,22,11,2025,09:00 - 10:00,Empresa,Individual,Montes Claros,MG,LT Janaúba 6_Pres. Juscelino,,,VP Engenharia de Expansão,Engenharia,EETE,EETEN,EETEN,-,-,-,-,Não,-,-,Transporte manual de carga,Sem Lesões,-,Médio,11,Médio,2 - Percepção de Risco,Pontos de fixação danificados durante o transporte;,Posicionamento do ponto de pega sem demarcação.,,,,,,,45983,Transmissão
185,Próprio,Quase Acidente,Sim,Sim,CGT Eletrosul,Expansão,Masculino,52,Acima de 10 anos,Terça- feira,25,11,2025,14:00 - 15:00,Via pública,Individual,Taubaté,SP,"Estrada do Pinhão, 2220",,,VP Engenharia de Expansão,Engenharia,EETI,EETI.C,EETIN.C,-,-,-,-,Não,-,-,Carro - Colisão ,Sem Lesões,-,NA,11,Médio,8 - Veículos e Equipamentos Móveis,Condições adversas do trânsito (Tombamento de uma carga de terceiro),,,,,,,,45986,Transmissão
186,Terceiro,Quase Acidente,Não,Sim,CHESF,Expansão,N/A,N/A,N/A,Sábado,22,11,2025,10:00 - 11:00,Empresa,Individual,Jaboatão dos Guararapes,PE,SE Recife II,,,VP Engenharia de Expansão,Engenharia,EETI,EETI.C,EETIN.C,-,-,-,-,Não,-,-,Eletricidade,Sem Lesões,-,Baixo,16,Baixo,4  - Eletricidade,Curto-circuito do cabo que interliga o quadro de distribuição (subestação) até o painel da máquina Termovácuo.,,,,,,,,45983,Transmissão
187,Terceiro,Quase Acidente,Não,Sim,CHESF,Expansão,Masculino,27,6 meses a 1 ano,Terça- feira,2,12,2025,15:00 - 16:00,Empresa,Individual,Piripiri,PI,SE Piripipi,,,VP Engenharia de Expansão,Engenharia,EETI,EETI.C,EETIN.C,-,-,-,-,Não,-,-,Escorregou/Desequilibrou,Sem Lesões,-,NA,15,Baixo,2 - Percepção de Risco,Colaborador verificava o Diagrama unifilar enquanto caminhava; ,Desvio da atenção de onde pisava ao longo da execução da tarefa; ,"Presença de canaleta completamente destampada e sem qualquer tipo de sinalização, gerando risco direto de queda",,,,,,45993,Transmissão
188,Terceiro,Típico sem afastamento,Não,Sim,Eletrobras,Fundos Regionais,Masculino,18,6 meses a 1 ano,Segunda-feira,1,12,2025,16:00 - 17:00,Empresa,Individual,São Roque de Minas ,MG ,Recup. Estr Prq. Nac. Serra Canastra,,,VP Engenharia de Expansão,Engenharia,EEF,EESEN,EEFSE,-,-,-,-,Não,-,45993,Transporte manual de carga,"Laceração, Corte",Braço direito,Baixo,11,Médio,2 - Percepção de Risco,Em investigação,,,,,,,,45992,Geração
189,Terceiro,Quase Acidente,Não,Sim,Eletrobras,Expansão - Proj. Estrat.,Masculino,52,6 meses a 1 ano,Segunda-feira,8,12,2025,10:00 - 11:00,Empresa,Individual,Presidente Juscelino,MG,LT Janaúba 6_Pres. Juscelino,,,VP Engenharia de Expansão,Engenharia,EETE,EETEN,EETEN,-,-,-,-,Não,-,-,Transporte manual de carga,Sem Lesões,-,NA,7,Alto,8 - Veículos e Equipamentos Móveis,Ausência de avaliação preliminar do cenário da atividade,Falta de percepção de risco durante a execução do trabalho,Falta de comunicação durante a execução da atividade.,,,,,,45999,Transmissão
190,Terceiro,Trajeto com afastamento,Sim,Sim,Eletrobras,Expansão,Masculino,46 e 32,6 meses a 1 ano,Terça- feira,9,12,2025,17:00 - 18:00,Empresa,Dupla,Rio de Janeiro,RJ,SE Resende,,,VP Engenharia de Expansão,Engenharia,EETI,EETI.F,EEGIS.F,-,-,-,-,Não,-,-,Moto - Colisão,Fratura,Partes Múltiplas,Médio,7,Alto,8 - Veículos e Equipamentos Móveis,Válvula ressecada da câmara de ar do pneu traseiro da motocicleta,,,,,,,,46000,Transmissão
191,Terceiro,Quase Acidente,Não,Sim,CHESF,Expansão,Masculino,47,6 meses a 1 ano,Quarta- feira,10,12,2025,16:00 - 17:00,Empresa,Individual,Milagres,CE,SE Milagres,,,VP Engenharia de Expansão,Engenharia,EETI,EETI.C,EETIN.C,-,-,-,-,Não,-,-,Queda mesmo nível,Sem Lesões,-,NA,10,Médio,3 - Trabalho em Altura,Falha na aplicação de um procedimento de segurança,,,,,,,,46001,Transmissão
192,Terceiro,Quase Acidente,Não,Sim,CGT Eletrosul,Expansão - Proj. Estrat.,Masculino,30,6 meses a 1 ano,Segunda-feira,15,12,2025,14:00 - 15:00,Empresa,Individual,Foz Iguaçu,PR,SE Foz Iguaçu,-25.5183544,-54.629103499999999,VP Engenharia de Expansão,Engenharia,EETE,EETEH,EETEH,-,-,-,-,Não,-,-,Queda mesmo nível,Sem Lesões,-,NA,15,Baixo,8 - Veículos e Equipamentos Móveis,Em investigação,,,,,,,,46006,Transmissão
193,Terceiro,Quase Acidente,Sim,Sim,Eletronorte,Expansão - Proj. Estrat.,Masculino,35,6 meses a 1 ano,Terça- feira,16,12,2025,16:00 - 17:00,Empresa,Individual,Petrolândia,PE,LOTE 05 – Nova Era Integração,,,VP Engenharia de Expansão,Engenharia,EETE,EETEH,EETEH,-,-,-,-,Não,-,-,Carro - Colisão ,Sem Lesões,-,NA,15,Baixo,8 - Veículos e Equipamentos Móveis,Condução insegura do veículo por parte do condutor do caminhão terceiro,Falha de percepção do tráfego,Descumprimento das práticas básicas de direção defensiva,,,,,,46007,Transmissão
194,Terceiro,Quase Acidente,Não,Sim,CGT Eletrosul,Expansão - Proj. Estrat.,Masculino,48,6 meses a 1 ano,Sexta- feira,19,12,2025,11:00 - 12:00,Empresa,Individual,Chapecó,SC,LOTE 09 – Nova Era Catarina,,,VP Engenharia de Expansão,Engenharia,EETE,EETEH,EETEH,-,-,-,-,Não,-,-,Outros,Sem Lesões,-,NA,15,Baixo,2 - Percepção de Risco,"Falha na inspeção do 
equipamento. ","Falha na identificação, 
análise e avaliação dos riscos 
envolvidos na atividade. ",,,,,,,46010,Transmissão
336,Próprio,Quase Acidente,,Sim,CHESF,Transmissão,Masculino,41,1 a 3 anos,Domingo,30,11,2025,08:00 - 09:00,Empresa,Individual,Teresina,PI,SE Teresina II,-5.1266872799999996,-42.799485060000002,VP Operações e Segurança,Operações,OOT.C,OOTF.C,OOTFA.C,,,,,,,,Outros,Sem Lesões,,,15,Baixo,8 - Veículos e Equipamentos Móveis,,,,,,,,,45991,
1,Terceiro,Típico sem afastamento,Não,Sim,Eletrobras,CSC,Masculino,33,1 a 3 anos,Terça - feira,11,11,2025,09:00 - 10:00,Empresa,Individual,Planura,MG,UHE Porto Colômbia,-20.127773000000001,-48.571841999999997,VP Suprimentos e Serviços,VSS,-,SSCIS - Gerência CSC Infraestrutura,SSCISO - Gestão de Manutenção e Obras,N/A,N/A,N/A,N/A,,N/A,45973,Atingido por (pontos agudos ou cortantes),"Escoriação, Abrasão",Mão Direita,Baixo,14,Baixo,2 - Percepção de Risco,(em investigação),,,,,,,,45972,
1,Terceiro,Quase Acidente,Não,Não,Eletrobras,Melhoria,Masculino,37,1 a 3 anos,Quinta - feira,18,12,2025,11:00 - 12:00,Área rural,Individual,Mogi das Cruzes,SP,Linhas de Transmissão São Paulo,,,"VP Gente, Gestão e Cultura",Outros,GCS - Saúde e Segurança no Trabalho,GCSS.F - Segurança do Trabalho Sudeste,GCSST.F - Segurança do Trabalho G Sudeste,N/A,N/A,N/A,N/A,,N/A,N/A,,,,,11,Médio,8 - Veículos e Equipamentos Móveis,(em investigação),,,,,,,,46009,
344,Terceiro,Quase Acidente,,Sim,CHESF,Logística,Masculino,,1 a 3 anos,Terça - feira,9,12,2025,15:00 - 16:00,Empresa,Equipe,Abreu e Lima,PE,Almoxarifado de Abreu e Lima,-7.8889795578967901,-34.9025711939505,VP Suprimentos e Serviços,VSS,GS|GLAONE,GS|GLAONE,GS|GLAONE,,,,,,,,Transporte manual de carga,Sem Lesões,,,13,Médio,6 - Linha de Perigo,,,,,,,,,46000,
1,Terceiro,Típico sem afastamento,Não ,Não ,CGT Eletrosul,CSC,Masculino,58,6 meses a 1 ano,Segunda - feira,12,1,2026,10:00 - 11:00,Empresa,Individual,Londrina,PR,SE Londrina,-25.579910000000002,-49.320869999999999,VP Suprimentos e Serviços,VSS,NA ,SSCIS - Gerência CSC Infraestrutura ,Operação  de Facilites e Manutenção,NA,NA,NA ,NA,Não,NA,46036,"Veículo, NIC","Escoriação, abrasão (ferimento superficial) - escoriação superficial","Cabeça, NIC",Baixo,11,Médio,2 - Percepção de Risco,,,,,,,,,46034,
1,Terceiro,Típico com afastamento,Não ,Sim ,CGT Eletrosul,Transmissão,Masculino,30,Até 6 meses,Terça - feira,13,1,2026,10:00 - 11:00,Empresa,Individual,Xanxerê,SC,Divisão Xanxerê,-27.597490000000001,-48.54383,VP Suprimentos e Serviços,VSS,SSGP - Gerência Executiva Gestão de Patrimônio e Fundiário ,SSGPC - Integração e Controle Patrimonial_x000D_,NA,46035,46037,2,NA,Não,NA,,,,,Médio,11,Médio,2 - Percepção de Risco,,,,,,,,,46035,
1,Terceiro,Típico sem afastamento,Não,Não ,CGT Eletrosul ,CSC,Masculino,57,Até 6 meses,Quarta - feira,14,1,2026,08:00 - 09:00,Empresa,Individual,Londrina,PR,SE Londrina ,-25.579910000000002,-49.320869999999999,VP Suprimentos e Serviços,VSS,NA, Infra Estrutura Operações,Operação de Facilites e Manutenção ,NA,NA,NA,NA,Não,NA,,,,,Baixo,11,Médio,11 - Não se Aplica,,,,,,,,,46036,
1,Terceiro,Típico sem afastamento,Não,Não ,CGT Eletrosul ,CSC,Masculino,23,Até 6 meses,Quarta - feira,14,1,2026,08:00 - 09:00,Empresa,Individual,Londrina,PR,SE Londrina ,-25.579910000000002,-49.320869999999999,VP Suprimentos e Serviços,VSS,NA, Infra Estrutura Operações,Operação de Facilites e Manutenção ,NA,NA,NA,NA,Não,NA,46051,"Ser vivo, NIC",Não informada na CAT ,"Cabeça, NIC ",Baixo,15,Baixo,11 - Não se Aplica,,,,,,,,,46036,
1,Próprio,Típico sem afastamento,Não ,Sim ,CGT Eletrosul,Adm,Masculino ,43,1 a 3 anos,Quarta - feira,14,1,2026,08:00 - 09:00,Empresa,Individual,Londrina,PR,SE Londrina ,-25.579910000000002,-49.320869999999999,"VP Gente, Gestão e Cultura",Outros,GCSS -  Grência Executiva Segurança do Trabalho,GCSS.S -  SST CGT Eletrosul,NA,NA,NA,NA,NA,Não,NA,46038,Animal vivo_x000D_ (abelha),"Dermatose (erupção, inflamação da pele, inclusive furúnculo, etc.)","Face, partes múltiplas (qualquer combinação das partes acima)",Baixo,15,Baixo,11 - Não se Aplica,,,,,,,,,46036,
1,Próprio,Típico sem afastamento,Não ,Sim ,CGT Eletrosul,Transmissão,Masculino,47,1 a 3 anos,Quinta - feira,15,1,2026,12:00 - 13:00,Empresa,Individual,Florianópolis,SC,Sede ,-27.597490000000001,-48.54383,VP Operações e Segurança,Operações,NA ,OOPT.S - O&M de Telecom e Cyber TO CGT Eletrosul,NA ,NA,NA,NA,NA,Não,NA,46038,"Mobiliário e acessórios, NIC",Lesão imediata,Dedo,Baixo,15,Baixo,2 - Percepção de Risco,,,,,,,,,46037,
1,Próprio,Quase Acidente,Sim ,Não ,CGT Eletrosul,Transmissão,Masculino,46,Acima de 10 anos,Quinta - feira,15,1,2026,17:00 - 18:00,Via pública,Individual,Santana do Livramento,RS,SE CNG2,-30.860230000000001,-55.535220000000002,VP Operações e Segurança,Operações,OOG.S - Produção de Geração e Transmissão,OOGS.S - Produção de Geração e Transmissão Gerência Sul ,OOGSM.S - O&M Marmeleiro T CGT Eletrosul ,NA,NA,NA ,NA,Não,NA,NA,NA,NA,NA ,,11,Médio,8 - Veículos e Equipamentos Móveis,,,,,,,,,46037,
1,Terceiro,Típico com afastamento,Não ,Não ,CGT Eletrosul,CSC,Masculino ,21,Até 6 meses,Quarta - feira,21,1,2026,09:00 - 10:00,Empresa,Individual,Curitiba ,PR,SE Londrina,-25.579910000000002,-49.320869999999999,VP Suprimentos e Serviços,VSS,NA , Infra Estrutura Operações,Operação de Facilites e Manutenção ,46074,46044,1,NA,Não,NA,46044,"Mobiliário e acessórios, NIC","Distensão, torção - Quadro compatível com distensão de punho direito decorrente de acidente típico durante a atividade laboral, com limitação funcional temporária.",Punho,Médio,11,Médio,2 - Percepção de Risco,,,,,,,,,46043,
1,Terceiro,Trajeto com afastamento,Não ,Não ,CGT Eletrosul,CSC,Masculino,39,Até 6 meses,Terça - feira,20,1,2026,18:00 - 19:00,Via pública,Individual,Blumenau,SC,SE Blumenau ,-26.912050000000001,-49.084699999999998,VP Suprimentos e Serviços,VSS,NA , Infra Estrutura Operações,Gestão de Segurança,,,,NA,Não,NA,,,,,Médio,5,Alto,8 - Veículos e Equipamentos Móveis,,,,,,,,,46042,
1,Próprio,Típico sem afastamento,Não ,Sim ,CGT Eletrosul,Transmissão,Masculino,42,Até 6 meses,Terça - feira,20,1,2026,16:00 - 17:00,Empresa,Dupla,Campos Novos ,SC,SE Campos Novos ,-27.395589999999999,-51.219589999999997,VP Operações e Segurança,Operações,OOG.S - Produção de Geração e Transmissão,OOGS.S - Produção de Geração e Transmissão Gerência Sul ,OOGSN.S - O&M Campos Novos T CGT Eletrosul,NA,NA,NA,NA,Não,NA,46048,Animal vivo,"Dermatose (erupção, inflamação da pele, inclusive furúnculo, etc.) ","Dorso (inclusive músculos dorsais, coluna e medula espinhal)",Baixo,11,Médio,2 - Percepção de Risco,,,,,,,,,46042,
1,Próprio,Típico sem afastamento,Não ,Sim ,CGT Eletrosul,Transmissão,Masculino,39,1 a 3 anos,Terça - feira,20,1,2026,16:00 - 17:00,Empresa,Dupla,Campos Novos ,SC,SE Campos Novos ,-27.395589999999999,-51.219589999999997,VP Operações e Segurança,Operações,OOG.S - Produção de Geração e Transmissão,OOGS.S - Produção de Geração e Transmissão Gerência Sul ,OOGSN.S - O&M Campos Novos T CGT Eletrosul,NA,NA,NA,NA,Não,NA,46048,Animal vivo,"Dermatose (erupção, inflamação da pele, inclusive furúnculo, etc.) ",Cotovelo ,Baixo,11,Médio,2 - Percepção de Risco,,,,,,,,,46042,
1,Próprio,Típico sem afastamento,Não ,Sim ,CGT Eletrosul,Transmissão,Masculino,34,1 a 3 anos,Quinta - feira,22,1,2026,14:00 - 15:00,Empresa,Individual,Irati ,PR,SE Curitiba ,-25.579910000000002,-49.320869999999999,VP Operações e Segurança,Operações,OOG.S - Produção de Geração e Transmissão,OOGN.S - Produção de Transmissão Gerência Norte,NA ,NA,NA,NA,NA,Não,NA,,,,,Baixo,11,Médio,2 - Percepção de Risco,,,,,,,,,46044,
1,Próprio,Desvio Crítico,Não ,Não ,CGT Eletrosul ,Transmissão,Masculino,27,1 a 3 anos,Quarta - feira,28,1,2026,14:00 - 15:00,Empresa,Individual,Nova Santa Rita ,RS,SE Nova Santa Rita,-29.820070000000001,-51.328110000000002,VP Operações e Segurança,Operações,OOG.S - Produção de Geração e Transmissão,OOGS.S - Produção de Geração e Transmissão Gerência Sul ,NA ,NA,NA,NA ,NA,Não,NA,NA,NA,NA,NA ,,11,Médio,7 - Bloqueio e Proteção,,,,,,,,,46050,
1,Terceiro,Trajeto sem afastamento,Não ,Não ,CGT Eletrosul ,CSC,Masculino ,41,Até 6 meses,Quinta - feira,29,1,2026,06:00 - 07:00,Via pública,Individual,Rio Bonito do Iguaçu,PR,SE SSA ,-25598119,-52639087,VP Suprimentos e Serviços,VSS,NA,Infra Estrutura Operações ,Gestão de Segurança,,,,,,,,,,,Baixo,4,Alto,8 - Veículos e Equipamentos Móveis,,,,,,,,,46051,
345,Terceiro,Quase Acidente,,Sim,CHESF,CSC,Masculino,39,6 meses a 1 ano,Segunda - feira,5,1,2026,14:00 - 15:00,Via pública,Individual,Nossa Senhora do Socorro,SE,"BR235, Av. Dr Lauro Pto",-10.893028530341899,-37.120499274527901,VP Suprimentos e Serviços,VSS,CSC,INFRA ESTRUTURA CORPORATIVA,"GESTÃO DE FROTAS, TRANSPORTE E MOBILIDADE",,,,,,,,,Sem Lesões,,,14,Baixo,8 - Veículos e Equipamentos Móveis,,,,,,,,,46027,
346,Terceiro,Quase Acidente,,Sim,CHESF,Transmissão,Masculino,43,Até 6 meses,Quinta - feira,8,1,2026,11:00 - 12:00,Área rural,Equipe,Angelim,PE,LT 04S2 AGLRIB,-8.8913759999999993,-36.294341000000003,VP Operações e Segurança,Operações,,,NEPTRRMM,,,,,,,,,Sem Lesões,,,11,Médio,3 - Trabalho em Altura,,,,,,,,,46030,
347,Terceiro,Quase Acidente,,Sim,CHESF,Logística,Masculino,29,6 meses a 1 ano,Terça - feira,13,1,2026,08:00 - 09:00,Empresa,Equipe,Paulo Afonso,BA,Almoxarifado Paulo Afonso,-9.3838906246710998,-38.211397642628299,VP Suprimentos e Serviços,VSS,,,SSLGO,,,,,,,,Outros,Sem Lesões,,,15,Baixo,8 - Veículos e Equipamentos Móveis,,,,,,,,,46035,
348,Terceiro,Quase Acidente,,Sim,CHESF,Transmissão,Masculino,39,6 meses a 1 ano,Segunda - feira,12,1,2026,14:00 - 15:00,Empresa,Equipe,Paulo Afonso,BA,Centro de Treinamento de LT,-9.3838906246710998,-38.211397642628299,VP Operações e Segurança,Operações,OOT.C,,OO|NEPTRBMP,,,,,,,,Queda com diferença de nível,Sem Lesões,,,10,Médio,Outros,,,,,,,,,46034,
349,Terceiro,Quase Acidente,,Sim,CHESF,Transmissão,Masculino,39,6 meses a 1 ano,Quinta - feira,15,1,2026,12:00 - 13:00,Área rural,Equipe,São Vicente de Ferrer,PE,Faixa de Servidão da LT 04C4 PFECGD,-7.5885600000000002,-35.499006000000001,VP Operações e Segurança,Operações,OOT.C,OO|NEPTRRMC,OO|NEPTRRMC,,,,,,,,Outros,Sem Lesões,,,11,Médio,8 - Veículos e Equipamentos Móveis,,,,,,,,,46037,
350,Terceiro,Quase Acidente,,Sim,CHESF,Transmissão,Masculino,36,Até 6 meses,Terça - feira,20,1,2026,18:00 - 19:00,Empresa,Equipe,Paulo Afonso,BA,SE Mulungu,-9.3838906246710998,-38.211397642628299,VP Operações e Segurança,Operações,,OO/NEPTRBMP,OO/NEPTRBMP,,,,,,,,Eletricidade,Sem Lesões,,,11,Médio,4  - Eletricidade,,,,,,,,,46042,
351,Terceiro,Quase Acidente,,Sim,CHESF,Geração,Masculino,35,Até 6 meses,Quinta - feira,22,1,2026,07:00 - 08:00,Empresa,Equipe,Pindaí,BA,PARQUE EÓLICO - GPEXPAN,-14.412898999999999,-42.651359999999997,VP Operações e Segurança,Operações,OOG.C,OOGS.C,OOGSS.C,,,,,,,,Carro - Colisão ,Sem Lesões,,,15,Baixo,8 - Veículos e Equipamentos Móveis,,,,,,,,,46044,
352,Terceiro,Quase Acidente,,Sim,CHESF,Logística,Masculino,30,6 meses a 1 ano,Quinta - feira,22,1,2026,10:00 - 11:00,Empresa,Individual,Abreu e Lima,PE,Almoxarifado de Abreu e Lima,-7.8889795578967901,-34.9025711939505,VP Suprimentos e Serviços,VSS,GS|GLAONE,GS|GLAONE,GS|GLAONE,,,,,,,,Golpeado por (atingido por objeto em movimento),Sem Lesões,,,13,Médio,Outros,,,,,,,,,46044,
353,Próprio,Quase Acidente,,Sim,CHESF,Transmissão,Masculino,51,Acima de 10 anos,Domingo,25,1,2026,12:00 - 13:00,Empresa,Individual,Fortaleza,CE,SE FORTALEZA II,-4.8178093253456602,-38.8223787278801,VP Operações e Segurança,Operações,OO|NEPTRF,OO|NEPTRFMF,OO|NEPTRFMF,,,,,,,,Outros,Sem Lesões,,,15,Baixo,8 - Veículos e Equipamentos Móveis,,,,,,,,,46047,
354,Terceiro,Quase Acidente,,Sim,CHESF,Transmissão,Masculino,55,3 a 6 anos,Sexta - feira,30,1,2026,11:00 - 12:00,Área rural,Equipe,Fortaleza,CE,Estrutura 28/3 na LT-04F1-AQD/FTZ,-4.8178093253456602,-38.8223787278801,VP Operações e Segurança,Operações,OO|NEPTRF,OO|NEPTRFMF,OO|NEPTRFMF,,,,,,,,Golpeado por (atingido por objeto em movimento),Sem Lesões,,,15,Baixo,2 - Percepção de Risco,,,,,,,,,46052,
355,Terceiro,Quase Acidente,,Sim,CHESF,Transmissão,Masculino,38,1 a 3 anos,Sexta - feira,30,1,2026,15:00 - 16:00,Empresa,Individual,Santa Cruz,RN,SE Paraíso,-6.2336,-36.03022,VP Operações e Segurança,Operações,OO|NEPTR,OO|NEPTRRMN,OO|NEPTRRMN,,,,,,,,Outros,Sem Lesões,,,15,Baixo,8 - Veículos e Equipamentos Móveis,,,,,,,,,46052,
1,Próprio,Quase Acidente,Não,Não,Eletrobras,Transmissão,Masculino,43,1 a 3 anos,Sexta - feira,2,1,2026,09:00 - 10:00,Área rural,Equipe,São Paulo,SP,LT 345kV Campinas - Guarulhos / t.223,-23.432818999999999,-46.589691999999999,VP Operações e Segurança,Operações,OOT.F - Produção O&M da Transmissão Sudeste,OOTS.F - Regional O&M São Paulo T Sudeste,OOTSA.F - Man Eletromecânica S Paulo T Sudeste,N/A,N/A,N/A,N/A,,N/A,N/A,,,,,15,Baixo,2 - Percepção de Risco,(em investigação),,,,,,,,46024,
1,Terceiro,Quase Acidente,Não,Não,Eletrobras,CSC,Masculino,,,Sábado,3,1,2026,08:00 - 09:00,Empresa,Individual,Campos dos Goytacazes,RJ,UTE Campos,,,VP Suprimentos e Serviços,VSS,SCIO - CSC Infraestrutura Operações,SCIOGS - Gestão de Segurança,SCIOGSSD - Gestão de Segurança Sudeste,N/A,N/A,N/A,N/A,,N/A,N/A,,,,,11,Médio,8 - Veículos e Equipamentos Móveis,Corrente frouxa,Pista com buraco e lama,,,,,,,46025,
1,Terceiro,Quase Acidente,Não,Não,Eletrobras,CSC,Masculino,34,6 meses a 1 ano,Quinta - feira,8,1,2026,01:00 - 02:00,Empresa,Individual,Itatiaia,RJ,UHE Funil,-22.53,-44.57,VP Suprimentos e Serviços,VSS,SCIO - CSC Infraestrutura Operações,SCIOGS - Gestão de Segurança,SCIOGSSD - Gestão de Segurança Sudeste,N/A,N/A,N/A,N/A,,N/A,N/A,,,,,14,Baixo,8 - Veículos e Equipamentos Móveis,(em investigação),,,,,,,,46030,
1,Próprio,Típico sem afastamento,Não,Sim,Eletrobras,Transmissão,Masculino,56,6 a 10 anos,Terça - feira,13,1,2026,13:00 - 14:00,Área rural,Equipe,São Paulo,SP,LT 345kV Campinas - Guarulhos / t.204,-23.38,-46.6,VP Operações e Segurança,Operações,OOT.F - Produção O&M da Transmissão Sudeste,OOTS.F - Regional O&M São Paulo T Sudeste,OOTSA.F - Man Eletromecânica S Paulo T Sudeste,N/A,N/A,N/A,N/A,,N/A,,,,,Baixo,11,Médio,2 - Percepção de Risco,(em investigação),,,,,,,,46035,
1,Terceiro,Quase Acidente,Sim,Não,Eletrobras,Adm,Masculino,,3 a 6 anos,Terça - feira,13,1,2026,15:00 - 16:00,Empresa,Individual,São José da Barra,MG,UHE Furnas,-20.67,-46.32,"VP Gente, Gestão e Cultura",Outros,GLAO - Operações de Almoxarifado 2,GLAOSE - Operações de Almoxarifado SE 2,-,N/A,N/A,N/A,N/A,,N/A,N/A,,,,,14,Baixo,8 - Veículos e Equipamentos Móveis,Ausência de gestão de tráfego interno ,Ausência de controle de acesso,Falha no planejamento da atividade,Inexistência de procedimento formal ,Deficiência de orientação ,Layout inadequado,,,46035,
1,Terceiro,Típico sem afastamento,Não,Sim,Eletrobras,CSC,Feminino,,,Quinta - feira,15,1,2026,06:00 - 07:00,Empresa,Individual,Nova Iguaçu,RJ,SE Adrianópolis,-22.748899999999999,-43.232300000000002,VP Suprimentos e Serviços,VSS,SCIO - CSC Infraestrutura Operações,SCIOFO - Gestão de Facilities das Operações,-,N/A,N/A,N/A,N/A,,N/A,,,,,Baixo,14,Baixo,2 - Percepção de Risco,(em investigação),,,,,,,,46037,
1,Terceiro,Quase Acidente,Não,Não,Eletrobras,Transmissão,Masculino,31,Até 6 meses,Segunda - feira,20,1,2026,11:00 - 12:00,Área rural,Equipe,Silveiras,SP,LT 500 kV Angra dos Reis - Cachoeira Paulista,,,VP Operações e Segurança,Operações,ATCT - Gestão e Eficientização do Portfólio da,ATCTSE - Gestão de Investimentos da Transmissão SE,-,N/A,N/A,N/A,N/A,,N/A,N/A,,,,,11,Médio,2 - Percepção de Risco,(em investigação),,,,,,,,46042,
1,Próprio,Quase Acidente,Sim,Não,Eletrobras,Geração - Hidráulica,Masculino,36,6 a 10 anos,Sexta - feira,23,1,2026,10:00 - 11:00,Empresa,Individual,Chapada dos Guimarães,MT,UHE Manso,-14.87,-55.79,VP Operações e Segurança,Operações,SEGS - Produção O&M Geração Sudeste,SEGSRG - Regional O&M Goiás e MT G Sudeste,SEGSRGMS - O&M Manso G Sudeste,N/A,N/A,N/A,N/A,,N/A,N/A,,,,,16,Baixo,8 - Veículos e Equipamentos Móveis,,,,,,,,,46045,
1,Terceiro,Típico sem afastamento,Não,Sim,Eletrobras,CSC,Masculino,22,1 a 3 anos,Quarta - feira,28,1,2026,08:00 - 09:00,Empresa,Individual,Ibiraci,MG,UHE Mascarenhas de Moraes,-20.28631,-47.064571000000001,VP Suprimentos e Serviços,VSS,SCIO - CSC Infraestrutura Operações,SCIOFO - Gestão de Facilities das Operações,SCIOFOSJ - Operação de FM Sudeste SJ,N/A,N/A,N/A,N/A,Não,N/A,,,,,Baixo,14,Baixo,2 - Percepção de Risco,(em investigação),,,,,,,,46050,
1,Terceiro,Quase Acidente,Não,Não,Eletrobras,Adm,Masculino,23,Até 6 meses,Quinta - feira,29,1,2026,14:00 - 15:00,Empresa,Equipe,Pedregulho,SP,UHE Luiz Carlos Barreto de Carvalho,-20.155028999999999,-47.281723,VP Suprimentos e Serviços,VSS,GLAO - Operações de Almoxarifado 2,GLAOSE - Operações de Almoxarifado SE 2,-,N/A,N/A,N/A,N/A,Não,N/A,N/A,,,,,11,Médio,2 - Percepção de Risco,(em investigação),,,,,,,,46051,
1,Próprio,Trajeto com afastamento,Não,Sim,Eletrobras,Adm,Feminino,35,6 meses a 1 ano,Sexta - feira,30,1,2026,08:00 - 09:00,Via pública,Individual,Rio de Janeiro,RJ,EBM,-22.91,-43.18,"VP Gente, Gestão e Cultura",Outros,CTDH - Aprendizagem Corporativa,-,-,46053,46059,7,0,Não,,46077,Moto - Queda,Lesão,Partes Múltiplas,Médio,10,Médio,8 - Veículos e Equipamentos Móveis,(em investigação),,,,,,,,46052,
1,Próprio,Quase Acidente,Sim,Não,Eletrobras,Geração - Hidráulica,Masculino,23,1 a 3 anos,Sexta - feira,30,1,2026,08:00 - 09:00,Via pública,Individual,Franca,SP,UHE Marimbondo,,,VP Operações e Segurança,Operações,SEGS - Produção O&M Geração Sudeste,SEGSRM - Regional O&M Minas Gerais G Sudeste,SEGSRMMB - O&M Marimbondo e P Colômbia G Sudeste,N/A,N/A,N/A,N/A,,N/A,N/A,,,,,16,Baixo,8 - Veículos e Equipamentos Móveis,,,,,,,,,46052,
1,Terceiro,Típico sem afastamento,,Sim,Eletronorte,Geração,Masculino,28,6 meses a 1 ano,Terça-feira,6,1,2026,09:00 - 10:00,Empresa,Individual,Candeias do Jamari,RO,UHE Samuel,-8.7618299999999998,-63.090200000000003,VP Operações e Segurança,VSS,Gerência Executiva  Produção de Geração Hidraulica,-,-,N/A,N/A,N/A,N/A,N/A,N/A,46029,Animal,Lesão,Partes Múltiplas,Médio,11,Médio,2 - Percepção de Risco,,,,,,,,,46028,
1,Terceiro,Trajeto sem afastamento,,Sim,Eletronorte,,Masculino,,6 meses a 1 ano,Segunda-feira,5,1,2026,,Via pública,Individual,Presidente Figueiredo,AM,Via Pública,,,VP Suprimentos e Serviços,VSS,Vice-Presidência de Suprimentos e Serviços- VSS,Departamento de Infraestrutura de Serviços Gerais CSC,,N/A,N/A,N/A,N/A,N/A,N/A,46028,Animal,"Escoriação, Abrasão",Partes Múltiplas,Médio,11,Médio,8 - Veículos e Equipamentos Móveis,,,,,,,,,46027,
1,Terceiro,Trajeto sem afastamento,Não,Sim,Eletronorte,CSC,Masculino,28,Até 6 meses,Quarta-feira,7,1,2026,06:00 - 07:00,Via pública,Individual,Tucuruí,PA,Via Pública,-3.79,-49.66,VP Suprimentos e Serviços,VSS,CSC,Infraestrutura de Operações,Gestão de Segurança,N/A,N/A,0,0,Não,0,46031,Moto - Queda,"Escoriação, Abrasão",Partes Múltiplas,Baixo,13,Médio,8 - Veículos e Equipamentos Móveis,,,,,,,,,46029,
1,Terceiro,Trajeto com afastamento,Não,Sim,Eletronorte,CSC,Masculino,54,6 meses a 1 ano,Quarta-feira,7,1,2026,07:00 - 08:00,Via pública,Individual,Imperatriz,MA,Via Pública,,,VP Suprimentos e Serviços,VSS,CSC,Infraestrutura de Operações,Operação de Facilites e Manutenção,46029,46044,14,0,Não,0,46031,Moto - Colisão,Amputação Traumática,Mão Esquerda,Médio,10,Médio,8 - Veículos e Equipamentos Móveis,,,,,,,,,46029,
1,Terceiro,Típico sem afastamento,Não,Sim,Eletronorte,CSC,Masculino,,,Quinta-feira,8,1,2026,15:00 - 16:00,Área rural,Individual,Presidente Figueiredo,AM,Via Pública,,,VP Suprimentos e Serviços,VSS,CSC,Infraestrutura de Operações,Operação de Facilites e Manutenção,N/A,N/A,0,0,Não,0,46034,Atingido por (pontos agudos ou cortantes),Lesão,Partes Múltiplas,Médio,11,Médio,2 - Percepção de Risco,,,,,,,,,46030,
1,Terceiro,Trajeto com afastamento,Não,Sim,Eletronorte,CSC,Feminino,36,6 meses a 1 ano,Segunda-feira,19,1,2026,07:00 - 08:00,Via pública,Individual,Ji-Paraná,RO,Via Pública,,,VP Suprimentos e Serviços,VSS,CSC,Infraestrutura de Operações,Operação de Facilites e Manutenção,45676,46043,2,0,Não,0,46041,Moto - Colisão,"Escoriação, Abrasão",Partes Múltiplas,Médio,11,Médio,8 - Veículos e Equipamentos Móveis,,,,,,,,,46041,
1,Terceiro,Quase Acidente,Não,Sim,Eletronorte,CSC,Masculino,42,1 a 3 anos,Quinta-feira,22,1,2026,07:00 - 08:00,Empresa,Individual,Altamira,PA,Se Altamira,-3.2,-52.2,VP Suprimentos e Serviços,VSS,CSC,Infraestrutura de Operações,"Gestão de Frotas, Transporte e Mobilidade",N/A,N/A,0,0,Não,0,N/A,,,,,14,Baixo,8 - Veículos e Equipamentos Móveis,,,,,,,,,46044,
1,Terceiro,Típico com afastamento,Não,Sim,Eletronorte,Transmissão,Masculino,45,3 a 6 anos,Sexta-feira,23,1,2026,14:00 - 15:00,Empresa,Individual,Presidente Dutra,MA,SE Presidente Dutra,-5.26,-44.48,VP Operações e Segurança,Operações,Superintendência de Produção da Transmissão,Departamento Regional de Produção e Transmissão do Maranhão e Tocantins,me ,46045,,15,0,Não,0,46045,Atingido por (pontos agudos ou cortantes),"Laceração, Corte",Braço Esquerdo,Médio,7,Alto,2 - Percepção de Risco,,,,,,,,,46045,
1,Terceiro,Quase Acidente,Não,Sim,Eletronorte,CSC,,25,1 a 3 anos,Segunda-feira,26,1,2026,16:00 - 17:00,Empresa,Individual,Altamira,PA,Se Altamira,-3.2,-52.2,VP Suprimentos e Serviços,VSS,CSC,Infraestrutura de Operações,Operação de Facilites e Manutenção,N/A,N/A,0,0,Não,0,N/A,,,,Baixo,14,Baixo,2 - Percepção de Risco,,,,,,,,,46048,
1,Próprio,Quase Acidente,Não,Sim,Eletronorte,Transmissão,,37,1 a 3 anos,Quarta-feira,28,1,2026,10:00 - 11:00,Empresa,Individual,São Luís,MA,SE São Luís II,-2.56,-44.25,VP Operações e Segurança,Operações,,Departamento Regional de Produção da transmissão,,N/A,N/A,0,0,Não,0,N/A,,,,,10,Médio,8 - Veículos e Equipamentos Móveis,,,,,,,,,46050,
1,Próprio,Quase Acidente,Não,Sim,Eletronorte,Transmissão,,39,6 a 10 anos,Quinta-feira,22,1,2026,14:00 - 15:00,Empresa,Individual,Nobres,MT,SE Nobres ,-14.72,-56.29,VP Operações e Segurança,Operações,Superintendência de Produção da Transmissão,Departamento Regional de Produção da transmissão ,,N/A,N/A,0,0,Não,0,N/A,,,,Baixo,15,Baixo,2 - Percepção de Risco,,,,,,,,,46044,
1,Próprio,Quase Acidente,Não,Sim,Eletronorte,Transmissão,,54,1 a 3 anos,Quinta-feira,29,1,2026,13:00 - 14:00,Via pública,Individual,Sorriso,MT,Via Pública,,,VP Operações e Segurança,Operações,Superintendência de Produção da Transmissão,Departamento Regional de Produção da transmissão ,,N/A,N/A,0,0,Não,0,N/A,,,,,14,Baixo,8 - Veículos e Equipamentos Móveis,,,,,,,,,46051,
195,Terceiro,Quase Acidente,Não,Sim,CHESF,Expansão,-,-,6 meses a 1 ano,Quinta-feira,8,1,2026,16:00 - 17:00,Empresa,Equipe,Casa Nova,BA,Eolica Casa Nova,,,VP Engenharia de Expansão,Engenharia,-,-,-,-,-,-,-,Não,-,-,Outros,Sem Lesões,-,NA,11,Médio,4  - Eletricidade,Bag da talha alterada de sua posição inicial de trabalho,Ausência do procedimento adequado para remoção da bag,Percepção de risco do operador da talha,,,,,,46030,
196,Terceiro,Quase Acidente,Não,Sim,Eletrobras,Expansão,Masculino,43,6 meses a 1 ano,Segunda-feira,12,1,2026,11:00 - 12:00,Empresa,Equipe,Campinas,sp,SE Campinas,,,VP Engenharia de Expansão,Engenharia,EETE,EETEH,EETEH,-,-,-,-,Não,-,-,Outros,Sem Lesões,-,Baixo,15,Baixo,2 - Percepção de Risco,Utilização de EPI inadequado para realização da atividade.,Não cumprimento dos procedimentos da Axia Energia e Grantel para execução da tarefa.,Falta de percepção de risco por parte da equipe envolvida na tarefa.,,,,,,46034,
197,Terceiro,Quase Acidente,Não,Sim,CGT Eletrosul,Expansão,Masculino,-,3 a 6 anos,Terça- feira,13,1,2026,16:00 - 17:00,Empresa,Equipe,Santana do Livramento,RS,Coxilha Negra,,,VP Engenharia de Expansão,Engenharia,EEGEC,-,-,-,-,-,-,Não,-,-,Ferramenta Manual,Sem Lesões,-,NA,15,Baixo,2 - Percepção de Risco,"Macaco hidráulico, cunhas ou ancoragens com desgaste",Inexistência de limpeza técnica prévia do cabo de protensão,Deficiência na inspeção técnica prévia da atividade,,,,,,46035,
198,Terceiro,Quase Acidente,Não,Sim,CHESF,Expansão,Masculino,37,3 a 6 anos,Sábado,17,1,2026,11:00 - 12:00,Empresa,Equipe,Casa Nova,BA,Eolica Casa Nova B,,,VP Engenharia de Expansão,Engenharia,-,-,-,-,-,-,-,Não,-,-,Outros,Sem Lesões,-,Baixo,15,Baixo,8 - Veículos e Equipamentos Móveis,Ausência de fixação da viga de serviço,Ausência de inspeção das fixações das vigas de serviço – Percepção de risco,Desvio de atenção no içamento na bag de materiais,,,,,,46039,
199,Terceiro,Típico sem afastamento,Não,Sim,Eletrobras,Expansão,Masculino,-,6 meses a 1 ano,Terça- feira,20,1,2026,11:00 - 12:00,Empresa,Equipe,Resende,RJ,SE Resende,,,VP Engenharia de Expansão,Engenharia,EETI,EETI.F,EEGIS.F,-,-,-,-,Não,-,-,Golpeado por (atingido por objeto em movimento),Sem Lesões,Dedo,NA,15,Baixo,6 - Linha de Perigo,Queda da madeira com o colaborador ,Tropeço na tela tapume ,Tela enrolada de forma inadequada  ,,,,,,46042,
200,Terceiro,Típico sem afastamento,Não,Sim,Eletrobras,Expansão,Masculino,62,6 meses a 1 ano,Terça- feira,27,1,2026,13:00 - 14:00,Empresa,Individual,Belford Roxo,RJ,SE São José,,,VP Engenharia de Expansão,Engenharia,EETI,EETI.F,EEGIS.F,-,-,-,-,Não,-,-,Transporte manual de carga,Dedo da mão Direita,Dedo,Médio,10,Médio,8 - Veículos e Equipamentos Móveis,Falta de planejamento da atividade de transporte de tampa de canaletas.,Transporte de carga manual sem utilização de um dispositivo adequado para atividade;,,,,,,,46049,
201,Terceiro,Quase Acidente,Não,Sim,Eletrobras,Expansão - Proj. Estrat.,Masculino,,6 meses a 1 ano,Quarta- feira,28,1,2026,11:00 - 12:00,Empresa,Individual,Presidente Juscelino,MG,LT Janaúba 6_Pres. Juscelino,,,VP Engenharia de Expansão,Engenharia,EETE,EETEN,EETEN,-,-,-,-,Não,-,-,Outros,Sem Lesões,Pé Direito,Baixo,15,Baixo,2 - Percepção de Risco,Em investigação,,,,,,,,46050,
202,Terceiro,Quase Acidente,Não,Sim,Eletronorte,Expansão,Masculino,"28, 26, 34 e 21",6 meses a 1 ano,Terça- feira,27,1,2026,10:00 - 11:00,Empresa,Equipe,Tucuruí,PA,SE Tucuruí,,,VP Engenharia de Expansão,Engenharia,EETI,EETI.N,EETIN.N,-,-,-,-,Não,-,-,Outros,Sem Lesões,-,Baixo,15,Baixo,2 - Percepção de Risco,Processo de inspeção prévia no local da atividade não rigoroso e realizado apenas 1 vez antes da atividade ,,,,,,,,46049,
203,Terceiro,Quase Acidente,Não,Sim,Eletrobras,Expansão - Proj. Estrat.,Masculino,,6 meses a 1 ano,Terça- feira,27,1,2026,11:00 - 12:00,Empresa,Individual,Santo Hipolito,MG,LT Janaúba 6_Pres. Juscelino,,,VP Engenharia de Expansão,Engenharia,EETE,EETEN,EETEN,-,-,-,-,Não,-,-,Ferramenta Manual,Sem Lesões,-,NA,15,Baixo,2 - Percepção de Risco,Ferramenta em condições inadequada.,Falta do uso do EPI durante a execução de uma etapa da atividade,,,,,,,46049,
204,Terceiro,Quase Acidente,Não,Sim,CHESF,Expansão,Masculino,,N/A,Sexta- feira,30,1,2026,13:00 - 14:00,Empresa,Individual,Casa Nova,BA,Eolica Casa Nova,,,VP Engenharia de Expansão,Engenharia,-,-,-,-,-,-,-,Não,-,-,Outros,Sem Lesões,-,NA,16,Baixo,8 - Veículos e Equipamentos Móveis,Em investigação,,,,,,,,46052,
205,Terceiro,Quase Acidente,Não,Sim,CHESF,Expansão,N/A,N/A,N/A,Sábado,31,1,2026,14:00 - 15:00,Empresa,Equipe,Paulo Afonso,BA,PA IV,"	9°24'57""S","38°12'26""W",VP Engenharia de Expansão,Engenharia,EEG,EEGI,EETIN.C,-,-,-,-,Não,-,-,Outros,Sem Lesões,-,NA,11,Médio,3 - Trabalho em Altura,Em investigação,,,,,,,,46053,
1,Terceiro,Quase Acidente,Sim,Sim,Eletronorte,CSC,,55,3 a 6 anos,Segunda-feira,15,1,2026,14:00 - 15:00,Via pública,Individual,Presidente Dutra,MA,Via Pública,,,"VP Gente, Gestão e Cultura",VG,GLAO - Operações de Almoxarifado 2,GLAOSE - Operações de Almoxarifado SE 2,-,N/A,N/A,0,0,Não,0,N/A,,,,,14,Baixo,8 - Veículos e Equipamentos Móveis,,,,,,,,,46037,
1,Terceiro,Trajeto com afastamento,Não ,Não ,CGT Eletrosul,CSC,Feminino,54,3 a 6 anos,Terça - feira,3,2,2026,17:00 - 18:00,Via pública,Individual,Curitiba ,PR,Regional Paraná ,-25.579910000000002,-49.320869999999999,VP Suprimentos e Serviços,VSS,NA ,Infra Estrutura Operações ,Operação de Facilites e Manutenção ,,,,,,,,,,,Médio,11,Médio,8 - Veículos e Equipamentos Móveis,,,,,,,,,46056,
1,Terceiro,Desvio Crítico,Sim ,Não ,CGT Eletrosul,CSC,Masculino,76,6 meses a 1 ano,Terça - feira,3,2,2026,10:00 - 11:00,Via pública,Individual,Caxias do Sul ,RS,Regional Farroupilha ,-29.218219999999999,-51.321080000000002,VP Suprimentos e Serviços,VSS,NA ,Infra Estrutura Operações ,Operação de Facilites e Manutenção ,NA,NA,NA ,NA,Não,NA,NA,NA,NA,NA ,,11,Médio,8 - Veículos e Equipamentos Móveis,,,,,,,,,46056,
1,Terceiro,Desvio Crítico,Não ,Não ,CGT Eletrosul,Transmissão,Masculino,NA,NA,Segunda - feira,9,2,2026,09:00 - 10:00,Empresa,Dupla,São José ,SC,Sertão do Maruim,"-27, 60174","-48, 67958",VP Operações e Segurança,Operações,NA ,OOAM.S - Meio Ambiente da Operação CGT Eletrosul,NA ,NA,NA,NA ,NA,Não,NA,NA,NA,NA,NA ,,2,Crítico,3 - Trabalho em Altura,,,,,,,,,46062,
1,Terceiro,Típico sem afastamento,Não ,Não ,CGT Eletrosul,CSC,Masculino ,43,3 a 6 anos,Terça - feira,10,2,2026,14:00 - 15:00,Empresa,Individual,São José ,SC,Sertão do Maruim,"-27, 60174","-48, 67958",VP Suprimentos e Serviços,VSS,NA ,Infra Estrutura Operações ,Facilites e Manutenção,NA ,NA,NA ,NA,Não,NA,,,,,Baixo,15,Baixo,,,,,,,,,,46063,
356,Terceiro,Trajeto com afastamento,,Sim,CHESF,CSC,Masculino,27,Até 6 meses,Domingo,1,2,2026,06:00 - 07:00,Via pública,Individual,Macaíba,RN,Via Pública,-5856137,-35352379,VP Suprimentos e Serviços,VSS,GESTÃO SEGURANÇA PATRIMONIAL,GESTÃO SEGURANÇA PATRIMONIAL,GESTÃO SEGURANÇA PATRIMONIAL,,,,,,,,Moto - Queda,Lesão,Partes Múltiplas,Médio,9,Médio,8 - Veículos e Equipamentos Móveis,,,,,,,,,46054,
357,Terceiro,Quase Acidente,,Sim,CHESF,CSC,Masculino,31,1 a 3 anos,Terça - feira,3,2,2026,15:00 - 16:00,Área rural,Equipe,Camaçari,BA,SE Camaçari II,-12.620089999999999,-38.343640000000001,VP Suprimentos e Serviços,VSS,,,,,,,,,,,Animal,Sem Lesões,,,14,Baixo,Outros,,,,,,,,,46056,
358,Terceiro,Quase Acidente,,Sim,CHESF,CSC,Masculino,36,6 meses a 1 ano,Quinta - feira,5,2,2026,16:00 - 17:00,Via pública,Individual,Oieiras,PI,SE PICOS,-7017488,-42131447,VP Suprimentos e Serviços,VSS,SSCIST,SSCIST,SSCIST,,,,,,,,Outros,Sem Lesões,,,11,Médio,8 - Veículos e Equipamentos Móveis,,,,,,,,,46058,
359,Terceiro,Quase Acidente,,Sim,CHESF,Transmissão,Masculino,34,6 meses a 1 ano,Sexta - feira,6,2,2026,11:00 - 12:00,Área rural,Individual,Senador Rui Palmeira,AL,"LT 05V4 XGOMSI, estrutura 36-1",-9469865,-37457607,VP Operações e Segurança,Operações,OO|NEPTRBMP,OO|NEPTRBMP,OO|NEPTRBMP,,,,,,,,Queda com diferença de nível,Sem Lesões,,,11,Médio,3 - Trabalho em Altura,,,,,,,,,46059,
360,Terceiro,Típico sem afastamento,,Sim,CHESF,Transmissão,Masculino,26,6 meses a 1 ano,Quarta - feira,11,2,2026,16:00 - 17:00,Empresa,Individual,Fortaleza,CE,Subestação Fortaleza II,-4.8178093253456602,-38.8223787278801,VP Operações e Segurança,Operações,,,,,,,,,,,Atingido entre ou abaixo (esmagado ou amputado),Lesão,Dedo da mão Direita,,11,Médio,2 - Percepção de Risco,,,,,,,,,46064,
361,Próprio,Trajeto sem afastamento,,Sim,CHESF,Transmissão,Masculino,48,1 a 3 anos,Quarta - feira,18,2,2026,07:00 - 08:00,Empresa,Individual,Teresina,PI,SE Teresina II,-5.1266872799999996,-42.799485060000002,VP Operações e Segurança,Operações,,,,,,,,,,,Moto - Queda,Lesão,,,15,Baixo,8 - Veículos e Equipamentos Móveis,,,,,,,,,46071,
362,Terceiro,Quase Acidente,,Sim,CHESF,Logística,Masculino,37,3 a 6 anos,Sexta - feira,20,2,2026,10:00 - 11:00,Empresa,Individual,Teresina,PI,Almoxarifado de Teresina,-5.1266872799999996,-42.799485060000002,VP Operações e Segurança,VSS,GLAONE,GLAONE,GLAONE,,,,,,,,Outros,Sem Lesões,,,15,Baixo,Outros,,,,,,,,,46073,
363,Terceiro,Quase Acidente,,Sim,CHESF,Transmissão,Masculino,56,6 meses a 1 ano,Terça - feira,24,2,2026,12:00 - 13:00,Empresa,Individual,Cícero Dantas,BA,SE Cícero Dantas,-10580151,-38377547,VP Operações e Segurança,Operações,NEPTRBMP,NEPTRBMP,NEPTRBMP,,,,,,,,Outros,Sem Lesões,,,11,Médio,3 - Trabalho em Altura,,,,,,,,,46077,
364,Terceiro,Quase Acidente,,Sim,CHESF,CSC,Masculino,25,Até 6 meses,Terça - feira,24,2,2026,11:00 - 12:00,Empresa,Individual,Abreu e Lima,PE,Almoxarifado de Abreu e Lima,-7.8889795578967901,-34.9025711939505,VP Suprimentos e Serviços,VSS,CSC,OPERAÇÕES E INFRAESTRUTURA,GESTÃO SEGURANÇA PATRIMONIAL,,,,,,,,Eletricidade,Sem Lesões,,,15,Baixo,4  - Eletricidade,,,,,,,,,46077,
365,Terceiro,Fatalidade,,Sim,CHESF,CSC,Masculino,34,6 meses a 1 ano,Terça - feira,24,2,2026,05:00 - 06:00,Via pública,Individual,Recife,PE,SE Recife II,-8.0635971547917507,-34.929949705626598,VP Suprimentos e Serviços,VSS,CSC,INFRA ESTRUTURA OPERAÇÕES,"GESTÃO DE FROTAS, TRANSPORTE E MOBILIDADE",,,6000,,,,,Moto - Colisão,Lesão,,Alto,3,Crítico,8 - Veículos e Equipamentos Móveis,,,,,,,,,46077,
1,Terceiro,Típico com afastamento,Não,Sim,Eletrobras,Geração - Hidráulica,Masculino,42,Até 6 meses,Quinta - feira,11,2,2026,11:00 - 12:00,Empresa,Equipe,Fronteira,MG,UHE Marimbondo,-20.303055556303999,-49.198333333332997,VP Operações e Segurança,Operações,SEGS - Produção O&M Geração Sudeste,-,-,,,2,0,Não,,,,,,Baixo,11,Médio,2 - Percepção de Risco,(em investigação),,,,,,,,46064,
1,Próprio,Quase Acidente,Sim,Sim,Eletronorte,Transmissão,,24,1 a 3 anos,Quarta-feira,4,2,2026,08:00 - 09:00,Via pública,Individual,Porto Velho,RO,Via Pública,,,VP Operações e Segurança,Operações,Superintendência de Produção da Transmissão,Departamento Regional de Produção da transmissão ,,N/A,N/A,0,0,Não,0,N/A,,,,,14,Baixo,8 - Veículos e Equipamentos Móveis,,,,,,,,,46057,
1,Terceiro,Trajeto com afastamento,Não,Sim,Eletronorte,CSC,,28,6 meses a 1 ano,Terça-feira,10,2,2026,07:00 - 08:00,Via pública,Individual,Imperatriz,MA,Via Pública,,,VP Suprimentos e Serviços,VSS,CSC,Infraestrutura de Operações,Operação de Facilites e Manutenção,N/A,N/A,0,0,0,0,46063,Moto - Queda,"Escoriação, Abrasão",Partes Múltiplas,Médio,7,Alto,8 - Veículos e Equipamentos Móveis,,,,,,,,,46063,
1,Terceiro,Quase Acidente,Sim,Sim,Eletronorte,Geração - Hidráulica,,,,Quinta-feira,12,2,2026,14:00 - 15:00,Empresa,Equipe,Tucuruí,PA,UHE Tucuruí,-3.79,-49.66,VP Operações e Segurança,Operações,Gerência Executiva  Produção de Geração Hidraulica,,Man Mecanica Tucur G Eletronorte,N/A,N/A,0,0,N/A,0,N/A,,,,,11,Médio,Outros,,,,,,,,,46065,
1,Terceiro,Típico com afastamento,Sim,Sim,Eletronorte,Geração - Hidráulica,Masculino,23,1 a 3 anos,Quinta-feira,19,2,2026,12:00 - 13:00,Empresa,Individual,Candeias do Jamari,RO,UHE Samuel,-8.7618299999999998,-63.090200000000003,VP Operações e Segurança,Operações,Gerência Executiva  Produção de Geração Hidraulica,Produção O&M da Geração AXIA Norte / OOGTC.N,,46073,46074,1,0,Sim,0,46076,Calçada ou caminho para pedrestre - superfície utilizada para sustentar pessoas,"Escoriação, Abrasão",Partes Múltiplas,Médio,11,Médio,Outros,,,,,,,,,46072,
1,Próprio,Quase Acidente,Sim,Sim,Eletronorte,Transmissão,,,,Sábado,21,2,2026,11:00 - 12:00,Empresa,Individual,Miranda do Norte ,MA,SE Miranda,-3.56,-44.53,VP Operações e Segurança,Operações,Superintendência de Produção da Transmissão,Departamento Regional de Produção da transmissão ,,N/A,N/A,0,0,Não,0,N/A,,,,,15,Baixo,8 - Veículos e Equipamentos Móveis,,,,,,,,,46074,
1,Terceiro,Trajeto com afastamento,Não,Sim,Eletronorte,CSC,Masculino,25,,Quinta-feira,25,2,2026,17:00 - 18:00,Via pública,Individual,Porto Velho,RO,Via Pública,,,VP Suprimentos e Serviços,VSS,CSC,Infraestrutura de Operações,Operação de Facilites e Manutenção,46078,46079,1,0,Sim,0,46083,Calçada ou caminho para pedrestre - superfície utilizada para sustentar pessoas,"Escoriação, Abrasão",Pé Esquerdo,Médio,11,Médio,8 - Veículos e Equipamentos Móveis,,,,,,,,,46078,
1,Terceiro,Quase Acidente,Não,Sim,Eletronorte,CSC,,,,Sexta-feira,27,2,2026,09:00 - 10:00,Empresa,Equipe,Boa Vista,RR,SE Boa Vista,2.82,-60.67,VP Operações e Segurança,Operações,Superintendência de Produção da Transmissão,Departamento Regional de Produção da transmissão Norte,,N/A,N/A,,,,,N/A,,,,Baixo,15,Baixo,2 - Percepção de Risco,,,,,,,,,46080,
1,Terceiro,Típico sem afastamento,Não,Sim,Eletronorte,CSC,Masculino,57,1 a 3 anos,Quinta-feira,26,2,2026,13:00 - 14:00,Empresa,Individual,Alto Araguaia,MT,SE Couto Magalhaes,-18.09,-43.777999999999999,VP Suprimentos e Serviços,VSS,CSC,Infraestrutura de Operações,Operação de Facilites e Manutenção,N/A,N/A,0,0,0,0,,,,,Baixo,11,Médio,2 - Percepção de Risco,,,,,,,,,46079,
1,Terceiro,Quase Acidente,Não,Sim,Eletronorte,Meio Ambiente,Masculino,32,1 a 3 anos,Quinta-feira,25,2,2026,,Via pública,Individual,Ferreira Gomes,AP,Via Pública,,,VP Operações e Segurança,Operações,Gerência Executiva  Produção de Geração Hidraulica,,Produção de O&M Geração Norte,N/A,N/A,0,0,0,0,N/A,,,,,13,Médio,8 - Veículos e Equipamentos Móveis,,,,,,,,,46078,
206,Terceiro,Típico sem afastamento,Não,Sim,CHESF,Expansão,Masculino,37,6 meses a 1 ano,Segunda-feira,2,2,2026,16:00 - 17:00,Empresa,Individual,São João do Piauí,BA,SE São João do Piauí,,,VP Engenharia de Expansão,Engenharia,EETI,EETI.C,EETIN.C,-,-,-,-,Não,-,-,Ferramenta Manual,"Escoriação, Abrasão",Dedo da mão Esquerda,NA,11,Médio,6 - Linha de Perigo,Falha mecânica da catraca manual.,Ausência de um plano de manutenção para o equipamento.,Falha mecânica da catraca manual.,Ausência de um plano de manutenção para o equipamento.,Ausência de teste mecânico de freios e travamentos. Falha do travamento abrupto da corrente.,,Procedimento operacional deficiente.,"Deficiência no preenchimento correto do checklist, Deficiência no checklist pré-operacional.",46055,
207,Terceiro,Quase Acidente,Não,Sim,Eletrobras,Expansão,Masculino,28,6 meses a 1 ano,Terça- feira,3,2,2026,09:00 - 10:00,Empresa,Individual,Capitólio,MG,UHE Furnas,,,VP Engenharia de Expansão,Engenharia,EEG,EEGIS,EEGIS.F,-,-,-,-,Não,-,-,Outros,Sem Lesões,-,NA,16,Baixo,2 - Percepção de Risco,Redução da capacidade de suporte do solo provocada pelo acúmulo de água em função do aumento de volume de água (chuva).,,,,,,,,46056,
208,Terceiro,Típico sem afastamento,Não,Sim,CHESF,Expansão,Masculino,40,6 meses a 1 ano,Quarta- feira,4,2,2026,14:00 - 15:00,Empresa,Individual,São José do Belmonte,PE,SE Bom Nome,,,VP Engenharia de Expansão,Engenharia,EETI,EETI.C,EETIN.C,-,-,-,-,Não,-,-,Escada - Manuseio,Sem Lesões,Dedo da mão Direita,Baixo,11,Médio,2 - Percepção de Risco,"O PEX e APR não descrevem claramente a forma de recolhimento da escada extensiva, seus riscos e medidas de controle.  ",O PEX e APR não descreve a forma de recolhimento da escada extensiva,Falha na comunicação entre os envolvidos na atividade,Mudança repentina nas condições climáticas,O colaborador posicionou a mão entre os dois lances da escada extensiva,,,,46057,
209,Terceiro,Quase Acidente,Não,Sim,Eletronorte,Expansão - Proj. Estrat.,Masculino,38,6 meses a 1 ano,Segunda-feira,9,2,2026,11:00 - 12:00,Empresa,Individual,Milagres,CE,LOTE 05 – Nova Era Integração,,,VP Engenharia de Expansão,Engenharia,EETE,EETEN,EETEN,-,-,-,-,Não,-,-,Outros,Mão Esquerda,Mão Esquerda,Baixo,11,Médio,2 - Percepção de Risco,Fragilidade no sistema de gestão quanto à definição,A liderança da atividade não realizou a divulgação formal e validação do entendimento dos riscos antes do início da atividade,A atividade era realizada de forma manual,O processo de planejamento da atividade não contemplou segregação formal de funções e limites operacionais.,,,,,46062,
210,Terceiro,Trajeto sem afastamento,Sim,Sim,CHESF,Expansão,Masculino,35,6 meses a 1 ano,Quarta- feira,11,2,2026,06:00 - 07:00,Via pública,Individual,Paulo Afonso,BA,PA IV,"	9°24'57""S","38°12'26""W",VP Engenharia de Expansão,Engenharia,EEG,EEGI,EETIN.C,-,-,-,-,Não,-,-,Moto - Queda,Sem Lesões,-,Baixo,11,Médio,8 - Veículos e Equipamentos Móveis,Deterioração da via por conta das fortes chuvas na região,Pneu dianteiro desgastado,Falha na avaliação do cenário,Pavimentação inexistente,Necessidade de deslocamento próprio até ponto de embarque,,,,46064,
211,Terceiro,Quase Acidente,Não,Sim,Eletrobras,Expansão,Masculino,42,6 meses a 1 ano,Quarta- feira,11,2,2026,08:00 - 09:00,Empresa,Individual,Planura,MG,UHE Porto Colômbia,-20.751999999999999,-48.343299999999999,VP Engenharia de Expansão,Engenharia,EEG,EEGIS,EEGIS.F,-,-,-,-,Não,-,-,Carro - Colisão ,Sem Lesões,-,Baixo,16,Baixo,8 - Veículos e Equipamentos Móveis,Distração involuntária do condutor,Ausência de barreira na base do medidor,,,,,,,46064,
212,Terceiro,Quase Acidente,Sim,Sim,CGT Eletrosul,Expansão,Masculino,44,6 meses a 1 ano,Quarta- feira,11,2,2026,13:00 - 14:00,Via pública,Individual,Quedas do Iguaçu,PR,SE Salto Osório,,,VP Engenharia de Expansão,Engenharia,EETE,EETEH,EETEH,-,-,-,-,Não,-,-,Carro - Colisão ,Sem Lesões,-,NA,16,Baixo,8 - Veículos e Equipamentos Móveis,Conduta insegura de terceiro,,,,,,,,46064,
213,Terceiro,Quase Acidente,Não,Sim,Eletrobras,Expansão,Masculino,29,1 a 3 anos,Terça- feira,10,2,2026,08:00 - 09:00,Empresa,Individual,Manoel Ribas,PR,SE Ivaiporã,-24.243689199999999,-51.7150739,VP Engenharia de Expansão,Engenharia,EETI,EETI.F,EETIS.F,-,-,-,-,Não,-,-,Eletricidade,Sem Lesões,-,NA,10,Médio,4  - Eletricidade,Falha na definição de critérios e requisitos técnicos na PEX relativos à fase de comissionamento;,Falha na emissão da Permissão de Trabalho – PT;,Não realização da verificação formal de ausência de tensão previamente ao início das atividades;,Deficiência na supervisão técnica e no acompanhamento operacional da atividade;,Realização de conexão indevida na casa de relés;,,,,46063,
214,Terceiro,Típico sem afastamento,Não,Sim,CGT Eletrosul,Expansão,Masculino,51,6 meses a 1 ano,Quinta-feira,18,2,2026,15:00 - 16:00,Empresa,Individual,Joinville,SC,SE Joinville,,,VP Engenharia de Expansão,Engenharia,EETI,EETI.F,EETIS.F,-,-,-,-,Não,-,-,Escorregou/Desequilibrou,Sem Lesões,Pé Esquerdo,Baixo,15,Baixo,2 - Percepção de Risco,"Deficiência na organização e limpeza do canteiro, bem como na sinalização e definição formal de rotas seguras de circulação na frente de serviço;",Ausência de procedimento ou padronização para organização e acondicionamento de materiais na frente de serviço e canteiro de obras,Deficiência na supervisão técnica quanto ao armazenamento de equipamentos e materiais no canteiro e frentes de trabalho;,"Ausência de identificação e avaliação, na Análise Preliminar de Riscos (APR), dos perigos associados à obstrução de áreas de circulação e ao trânsito de trabalhadores em locais com materiais depositados;",,,,,46071,
215,Terceiro,Quase Acidente,Não,Sim,CHESF,Expansão,Masculino,62,3 a 6 anos,Quinta-feira,12,2,2026,14:00 - 15:00,Empresa,Individual,Casa Nova,BA,EOL Casa Nova B,,,VP Engenharia de Expansão,Engenharia,-,-,-,-,-,-,-,Não,-,-,Transporte manual de carga,Sem Lesões,-,Baixo,11,Médio,2 - Percepção de Risco,Falta de percepção de risco em deslocamentos.,"Transporte dos componentes do guindaste, realizado sem planejamento do trajeto e identificação dos possíveis obstáculos.","Transporte dos componentes do guindaste, realizado sem planejamento do trajeto e identificação dos possíveis obstáculos.","Equipe como padrão de desmontagem para movimentação entre as bases, não realizou a desmontagem completa do componente (Corpo do Guindaste).   ",Posicionamento inadequado dos equipamentos nas frentes de serviço com sinalizações diurnas e noturnas.   ,,,,46065,
216,Terceiro,Típico sem afastamento,Não,Sim,CGT Eletrosul,Expansão - Proj. Estrat.,Masculino,53,1 a 3 anos,Quinta-feira,12,2,2026,10:00 - 11:00,Empresa,Individual,Foz Iguaçu,PR,SE Foz Iguaçu,-25.5183544,-54.629103499999999,VP Engenharia de Expansão,Engenharia,EETI,EETI.F,EETIS.F,-,-,-,-,Não,-,-,Atingido por (pontos agudos ou cortantes),"Escoriação, Abrasão",Dedo da mão Esquerda,NA,10,Médio,8 - Veículos e Equipamentos Móveis,Ausência de dispositivo adequado de fixação;,Improvisação na execução da tarefa;,"Deficiência na identificação, avaliação e implementação de medidas de controle para o risco de torque reativo durante a operação de perfuração;",Inexistência de procedimento padronizado e formalmente estabelecido para execução segura de atividades de furação manual;,Deficiência na supervisão técnica e no acompanhamento operacional da atividade;,,,,46065,
217,Próprio,Quase Acidente,Sim,Sim,CGT Eletrosul,Expansão,Masculino,42,Acima de 10 anos,Quinta-feira,12,2,2026,16:00 - 17:00,Via pública,Individual,Palmeira,PR,BR 277 - Rodovia,,,VP Engenharia de Expansão,Engenharia,EETI,EETI.F,EETIS.F,-,-,-,-,Não,-,-,Carro - Colisão ,Sem Lesões,-,NA,15,Baixo,8 - Veículos e Equipamentos Móveis,Condução insegura de terceiro,,,,,,,,46065,
218,Terceiro,Típico sem afastamento,Não,Sim,CGT Eletrosul,Expansão,Masculino,55,1 a 3 anos,Terça- feira,10,2,2026,14:00 - 15:00,Empresa,Individual,Foz Iguaçu,PR,SE Foz Iguaçu,-25.5183544,-54.629103499999999,VP Engenharia de Expansão,Engenharia,EETI,EETI.F,EETIS.F,-,-,-,-,Não,-,-,Ferramenta Manual,"Escoriação, Abrasão",Pé Esquerdo,Baixo,15,Baixo,2 - Percepção de Risco,A análise preliminar de risco da atividade não contemplou de forma adequada a utilização da ferramenta específica nem o risco potencial de desprendimento e queda da tampa;,Inexistência de procedimento específico formalizado para a utilização da ferramenta destinada à remoção e posicionamento de tampas de canaletas;,Deficiência na supervisão técnica e no acompanhamento operacional da atividade;,Ausência de verificação do correto encaixe e do adequado travamento da ferramenta previamente à movimentação da tampa;,,,,,46063,
219,Terceiro,Quase Acidente,Não,Sim,Eletrobras,Expansão,Masculino,21,6 meses a 1 ano,Sexta- feira,20,2,2026,08:00 - 09:00,Empresa,Individual,Campinas,SP,SE Campinas,,,VP Engenharia de Expansão,Engenharia,EETE,EETEH,EETEH,-,-,-,-,Não,-,-,Atingido por (pontos agudos ou cortantes),Lesão,Mão esquerda,Baixo,15,Baixo,2 - Percepção de Risco,Falta de planejamento mais detalhado para a atividade de lançamento de eletroduto corrugado na rede de dutos;,Falta de percepção de risco da supervisão da atividade;                                                                                                                                                                                                                                                              ,Ferramenta inadequada para atividade;,Falta de um suporte de apoio adequado para fazer a furação no eletroduto;,,,,,46073,
220,Terceiro,Quase Acidente,Sim,Sim,Eletrobras,Expansão - Proj. Estrat.,Masculino,33,1 a 3 anos,Quarta- feira,25,2,2026,06:00 - 07:00,Via pública,Individual,São Paulo,SP,SE Ibiuna,,,VP Engenharia de Expansão,Engenharia,EETE,EETEH,EETEH,-,-,-,-,Não,-,-,Carro - Colisão ,Sem Lesões,-,Baixo,10,Médio,8 - Veículos e Equipamentos Móveis,Em Investigação,,,,,,,,46078,
221,Terceiro,Quase Acidente,Não,Sim,Eletrobras,Expansão - Proj. Estrat.,Masculino,47,6 meses a 1 ano,Sexta- feira,27,2,2026,16:00 - 17:00,Empresa,Individual,Bocaiuva,MG,LT Janaúba 6_Pres. Juscelino,,,VP Engenharia de Expansão,Engenharia,EETE,EETEN,EETEN,-,-,-,-,Não,-,-,Eletricidade,Sem Lesões,-,NA,10,Médio,4  - Eletricidade,Rebote do indivíduo arbóreo;,Falha na avaliação do cenário ao realizar o corte próximo a rede energizada;,,,,,,,46080,
1,Próprio,Típico com afastamento,Não ,Sim ,CGT Eletrosul,Transmissão,Masculino ,43,1 a 3 anos,Sábado,14,2,2026,12:00 - 13:00,Empresa,Individual,Rio Grande,RS,SE Marmeleiro,"-33, 09203","-52, 98143",VP Operações e Segurança,Operações,OOG.S - Produção de Geração e Transmissão,OOGS.S - Produção de Geração e Transmissão Gerência Sul ,OOGSM.S - O&M Marmeleiro T CGT Eletrosul ,46067,46071,4,NA,Não,NA,,,,,Médio,11,Médio,2 - Percepção de Risco,,,,,,,,,46067,
366,Terceiro,Quase Acidente,,Sim,CHESF,CSC,Masculino,24,3 a 6 anos,Quinta - feira,26,2,2026,16:00 - 17:00,Empresa,Individual,Paulo Afonso,BA,Almoxarifado Paulo Afonso,-9.3838906249999994,-38.211397640000001,VP Suprimentos e Serviços,VSS,CSC,INFRA ESTRUTURA OPERAÇÕES,OPERAÇÃO DE FACILITES E MANUTENÇÃO,,,,,,,,Eletricidade,Sem Lesões,,Alto,5,Alto,4  - Eletricidade,,,,,,,,,46079,
1,Próprio,Desvio Crítico,Sim,Não,Eletrobras,Transmissão,Masculino,51,Acima de 10 anos,Segunda - feira,2,2,2026,06:00 - 07:00,Via pública,Individual,Angra dos Reis,RJ,SE Angra dos Reis,-23.01,-44.46,VP Operações e Segurança,Operações,SEPT - Produção O&M da Transmissão Sudeste,SEPTRR - Regional O&M Rio de Janeiro T Sudeste,SEPTRRAN - O&M Angra T Sudeste,N/A,N/A,N/A,N/A,,N/A,N/A,,,,,15,Baixo,8 - Veículos e Equipamentos Móveis,(em investigação),,,,,,,,46055,
1,Terceiro,Típico sem afastamento,Não,Sim,Eletrobras,CSC,Feminino,22,Até 6 meses,Segunda - feira,9,2,2026,09:00 - 10:00,Empresa,Individual,São José da Barra,MG,UHE Furnas,-20.67,-46.32,VP Suprimentos e Serviços,VSS,SCIO - CSC Infraestrutura Operações,SCIOFO - Gestão de Facilities das Operações,SCIOFOSJ - Operação de FM Sudeste SJ,N/A,N/A,N/A,N/A,,N/A,46062,Produto ou Substância Química,Queimadura Química,Face,Baixo,14,Baixo,,,,,,,,,,46062,
1,Terceiro,Fatalidade Trajeto,Não,Sim,Eletrobras,CSC,Masculino,51,Até 6 meses,Domingo,22,2,2026,18:00 - 19:00,Via pública,Individual,Gurupi,TO,SE Gurupi,-11.74,-49.04,VP Suprimentos e Serviços,VSS,SCIO - CSC Infraestrutura Operações,SCIOGS - Gestão de Segurança,SCIOGSSD - Gestão de Segurança Sudeste,N/A,N/A,0,6000,Não,,,Moto - Colisão,Fratura,Partes Múltiplas,Alto,2,Crítico,8 - Veículos e Equipamentos Móveis,(em investigação),,,,,,,,46075,
1,Próprio,Quase Acidente,Sim,Não,Eletrobras,Transmissão,Masculino,50,Acima de 10 anos,Segunda - feira,23,2,2026,17:00 - 18:00,Via pública,Individual,Nova Iguaçu,RJ,LT 138 kV São José - Magé / t.18,-22.7,-43.32,VP Operações e Segurança,Operações,SEPT - Produção O&M da Transmissão Sudeste,SEPTRR - Regional O&M Rio de Janeiro T Sudeste,SEPTRRMA - Man Adrianópolis e São José T Sudeste,N/A,N/A,N/A,N/A,,,N/A,,,,,16,Baixo,8 - Veículos e Equipamentos Móveis,,,,,,,,,46076,
375,Terceiro,Quase Acidente,,Sim,CHESF,Transmissão,Masculino,48,1 a 3 anos,Quarta - feira,25,2,2026,16:00 - 17:00,Empresa,Equipe,Santa Cruz,RN,SE Santa Cruz,-6.2336,-36.03022,VP Operações e Segurança,Operações,NEPTRRMN,NEPTRRMN,NEPTRRMN,,,,,,,,Produto ou Substância Química,Sem Lesões,,,15,Baixo,2 - Percepção de Risco,,,,,,,,,46078,
1,Terceiro,Típico com afastamento,Não ,Não ,CGT Eletrosul,Transmissão,Masculino ,50,1 a 3 anos,Terça - feira,3,3,2026,11:00 - 12:00,Empresa,Individual,Pinheiro Machado,RS,SE Gravataí,"-29, 88165",-51.06109,VP Operações e Segurança,Operações,OOG.S - Produção de Geração e Transmissão,OOGS.S - Produção de Geração e Transmissão Gerência Sul ,NA ,46084,46088,4,NA,Não,NA,,,,,Médio,11,Médio,6 - Linha de Perigo,,,,,,,,,46084,
1,Próprio,Desvio Crítico,Não ,Não ,CGT Eletrosul,Transmissão,Masculino,,Acima de 10 anos,Sexta - feira,6,3,2026,10:00 - 11:00,Empresa,Dupla,Joinville,SC,SE Joinville,"-27, 28753","-48, 87420",VP Operações e Segurança,Operações,OOG.S - Produção de Geração e Transmissão,OOGNJ - O&M Joinville T CGT Eletrosul ,NA ,NA,NA,NA,NA,Não,NA,NA,NA,NA,NA,,4,Alto,4  - Eletricidade,,,,,,,,,46087,
1,Terceiro,Típico sem afastamento,Não ,Não ,CGT Eletrosul,CSC,Masculino,55,1 a 3 anos,Segunda - feira,9,3,2026,16:00 - 17:00,Empresa,Individual,Rio Grande ,RS,SE Povo Povo ,"-31, 92911","-52, 33928",VP Operações e Segurança,VSS,NA,Infra Estrutura Operações ,Facilites e Manutenção,NA,NA,NA,NA,Não,NA,,,,,Baixo,15,Baixo,2 - Percepção de Risco,,,,,,,,,46090,
1,Terceiro,Trajeto sem afastamento,Não ,Não ,CGT Eletrosul,CSC,Masculino ,53,6 meses a 1 ano,Sexta - feira,20,3,2026,17:00 - 18:00,Empresa,Individual,Campo Grande,MS,SE Campo Grande,"-29, 44120","-54, 48489",VP Suprimentos e Serviços,VSS,NA ,Infra Estrutura Operações ,Facilites e Manutenção,NA ,NA,NA ,NA,Não,NA,,,,,Baixo,11,Médio,8 - Veículos e Equipamentos Móveis,,,,,,,,,46101,
1,Terceiro,Típico sem afastamento,Não ,Não ,CGT Eletrosul  ,CSC,Masculino,61,3 a 6 anos,Terça - feira,24,3,2026,14:00 - 15:00,Empresa,Individual,São José ,SC,Sertão do Maruim,"-27, 60174","-48, 67958",VP Suprimentos e Serviços,VSS,NA ,Infra Estrutura Operações ,Facilites e Manutenção,NA ,NA,NA ,NA,Não,NA,,,,,Baixo,15,Baixo,2 - Percepção de Risco,,,,,,,,,46105,
1,Próprio,Quase Acidente,Sim ,Não ,CGT Eletrosul,Adm,Masculino ,,Acima de 10 anos,Terça - feira,24,3,2026,15:00 - 16:00,Via pública,Individual,Florianópolis,SC,Sede,-27.597490000000001,-48.54383,VP Comercialização e Soluções em Energia,Outros,RCS - Relacionamento com Clientes Sul,NA,NA ,NA ,NA,NA ,NA,Não,NA,NA,NA,NA,NA ,,2,Crítico,8 - Veículos e Equipamentos Móveis,,,,,,,,,46105,
1,Próprio,Trajeto com afastamento,Não ,Não ,CGT Eletrosul,Almoxarifado,Masculino ,43,Acima de 10 anos,Sexta - feira,27,3,2026,18:00 - 19:00,Via pública,Individual,Florianópolis,SC,Sede ,-27.597490000000001,-48.54383,VP Suprimentos e Serviços,VSS,SSLG - Gerênncia ExecutivaGestão Logística ,SSLGA - Operações de Almoxarifado,SSLGF.S - Divisão Operacão Regional Almoxarifado S ,NA ,NA,NA ,NA,Não,NA,NA,NA,NA,NA ,Médio,2,Crítico,8 - Veículos e Equipamentos Móveis,,,,,,,,,46108,
1,Terceiro,Quase Acidente,Não ,Não ,CGT Eletrosul,Adm,Masculino,38,Até 6 meses,Terça - feira,31,3,2026,11:00 - 12:00,Empresa,Individual,Curitiba,PR,Regional Paraná,-25.579910000000002,-49.320869999999999,VP Suprimentos e Serviços,VSS,Aguardando retorno do EST Silvio ,Aguardando retorno do EST Silvio ,Aguardando retorno do EST Silvio ,NA ,NA,NA ,NA,Não,NA,NA,NA,NA,NA ,,11,Médio,6 - Linha de Perigo,,,,,,,,,46112,
367,Terceiro,Quase Acidente,,Sim,CHESF,CSC,Masculino,55,1 a 3 anos,Quinta - feira,5,3,2026,15:00 - 16:00,Empresa,Individual,Guadalupe,PI,UHE Boa Esperança,-6.7489999669999996,-43.566127559999998,VP Suprimentos e Serviços,VSS,CSC,INFRA ESTRUTURA OPERAÇÕES,OPERAÇÃO DE FACILITES E MANUTENÇÃO,,,,,,,,Outros,Sem Lesões,,,11,Médio,3 - Trabalho em Altura,,,,,,,,,TerceiroQuase AcidenteCHESFJOSÉ RIBAMAR DA SILVA532026,2 anos e 7 meses
368,Terceiro,Quase Acidente,,Sim,CHESF,CSC,Feminino,23,1 a 3 anos,Quarta - feira,4,3,2026,07:00 - 08:00,Empresa,Individual,Recife,PE,Via Pública,-8.0635971550000001,-34.929949710000002,VP Suprimentos e Serviços,VSS,CSC,SSCFIF,SSCFIF,,,,,,,,Queda mesmo nível,Sem Lesões,,,15,Baixo,2 - Percepção de Risco,,,,,,,,,TerceiroQuase AcidenteCHESFEmanuelle Vitoria dos Santos Monteiro432026,1 ano e 6 meses
369,Terceiro,Quase Acidente,,Sim,CHESF,CSC,Masculino,49,6 meses a 1 ano,Segunda - feira,9,3,2026,11:00 - 12:00,Empresa,Individual,Natal,RN,SE Natal II,-5.8004610000000003,-35.21217,VP Suprimentos e Serviços,VSS,CSC,INFRA ESTRUTURA OPERAÇÕES,"GESTÃO DE FROTAS, TRANSPORTE E MOBILIDADE",,,,,,,,Outros,Sem Lesões,,,11,Médio,8 - Veículos e Equipamentos Móveis,,,,,,,,,TerceiroQuase AcidenteCHESFFrancisco Carlos da Silva932026,9 meses
370,Terceiro,Quase Acidente,,Sim,CHESF,Geração,Masculino,37,3 a 6 anos,Quarta - feira,11,3,2026,09:00 - 10:00,Empresa,Individual,Ubaitaba,BA,Usina de Funil,-14.22693269,-39.463328509999997,VP Operações e Segurança,Operações,OO|NEPG,OO|NEPGRSFP,OO|NEPGRSFP,,,,,,,,Animal,Sem Lesões,,,15,Baixo,11 - Não se Aplica,,,,,,,,,TerceiroQuase AcidenteCHESFGivanildo de Jesus Souza1132026,3 anos e 3 meses
371,Terceiro,Quase Acidente,,Sim,CHESF,Transmissão,Masculino,38,Até 6 meses,Quinta - feira,12,3,2026,14:00 - 15:00,Empresa,Individual,Brejão,PE,05L6 - Torre 180/2,-9008606,-36562129,VP Operações e Segurança,Operações,NEPTRRMM,NEPTRRMM,NEPTRRMM,,,,,,,,Queda com diferença de nível,Sem Lesões,,,11,Médio,3 - Trabalho em Altura,,,,,,,,,TerceiroQuase AcidenteCHESFEdson Eduardo de Andrade Júnior1232026,5 MESES
372,Terceiro,Típico com afastamento,,Sim,CHESF,CSC,Masculino,24,1 a 3 anos,Sexta - feira,13,3,2026,11:00 - 12:00,Empresa,Individual,Camaçari,BA,SE Camaçari II,-12.620089999999999,-38.343640000000001,VP Suprimentos e Serviços,VSS,Gestão de Manutenção e Obras,Gestão de Manutenção e Obras,Gestão de Manutenção e Obras,46094,46095,1,,,,46094,Impacto de pessoa contra objeto parado,Lesão,,Médio,11,Médio,2 - Percepção de Risco,,,,,,,,,TerceiroTípico com afastamentoCHESFCaio Guilherme Santos Malheiros1332026,2 ANOS E 11 MESES
373,Próprio,Quase Acidente,,Sim,CHESF,CSC,Feminino,27,6 meses a 1 ano,Quinta - feira,5,3,2026,19:00 - 20:00,Via pública,Individual,São Lourenço da Mata,PE,BR232 km8,-8008353,-35.093572000000002,VP Suprimentos e Serviços,VSS,Coordenação de Planejamento e Controle CSC Infra,Coordenação de Planejamento e Controle CSC Infra,Coordenação de Planejamento e Controle CSC Infra,,,,,,,,Carro - Colisão ,Sem Lesões,,,11,Médio,8 - Veículos e Equipamentos Móveis,,,,,,,,,PróprioQuase AcidenteCHESFRuama Brenda da Silva532026,10  MESES
374,Próprio,Trajeto sem afastamento,,Sim,CHESF,Transmissão,Masculino,43,Acima de 10 anos,Terça - feira,17,3,2026,08:00 - 09:00,Via pública,Individual,São  João do Piauí,PI,Via Pública,-8360143,-42.248764000000001,VP Operações e Segurança,Operações,NEPTRBMS,NEPTRBMS,NEPTRBMS,,,,,,,46100,Moto - Queda,Lesão,,Baixo,11,Médio,8 - Veículos e Equipamentos Móveis,,,,,,,,,PróprioTrajeto sem afastamentoCHESFFrancisco Roniere de Souza1732026,22 anos e 8 meses
376,Terceiro,Quase Acidente,,Sim,CHESF,Transmissão,Masculino,49,Até 6 meses,Terça - feira,17,3,2026,09:00 - 10:00,Área rural,Equipe,Delmiro Golveia,AL,LT 05Z1 LGZ/GRD,-9385705,-37995666,VP Operações e Segurança,Operações,OO|NEPTRBMP,OO|NEPTRBMP,OO|NEPTRBMP,,,,,,,,Queda com diferença de nível,Sem Lesões,,,11,Médio,3 - Trabalho em Altura,,,,,,,,,TerceiroQuase AcidenteCHESFJosenir Serafim da Silva1732026,6 meses
377,Terceiro,Quase Acidente,,Sim,CHESF,Logística,Masculino,30,1 a 3 anos,Quinta - feira,19,3,2026,09:00 - 10:00,Empresa,Individual,Camaçari,BA,Almoxarifado de Camaçari,-12.620089999999999,-38.343640000000001,VP Operações e Segurança,VSS,GLAONE,GLAONE,GLAONE,,,,,,,,Atingido entre ou abaixo (esmagado ou amputado),Sem Lesões,,,13,Médio,Outros,,,,,,,,,TerceiroQuase AcidenteCHESFWeslem Oliveira Santos1932026,1 ano e 3 meses
378,Próprio,Típico sem afastamento,,Sim,CHESF,Transmissão,Masculino,29,1 a 3 anos,Segunda - feira,23,3,2026,20:00 - 21:00,Empresa,Individual,Paulo Afonso,BA,SE Usina Dois,-93991,-38226711,VP Operações e Segurança,Operações,OO|NEPGOG,OO|NEPGOG,OO|NEPGOG,,,,,,,46106,Golpeado por (atingido por objeto em movimento),Lesão,Face,Baixo,11,Médio,Outros,,,,,,,,,PróprioTípico sem afastamentoCHESFVictor Ferreira DA Silva2332026,2 ANOS E 6 MESES
379,Terceiro,Típico sem afastamento,,Sim,CHESF,Transmissão,Masculino,22,6 meses a 1 ano,Quarta - feira,25,3,2026,14:00 - 15:00,Empresa,Individual,Sobral,CE,4/2 LT 230KV 04S2 SBD/CPE,-3687913,-40345638,VP Operações e Segurança,Operações,NEPTRFMF,NEPTRFMF,NEPTRFMF,,,,,,,,Golpeado por (atingido por objeto em movimento),Lesão,Tórax,Baixo,13,Médio,Outros,,,,,,,,,TerceiroTípico sem afastamentoCHESFRobson Caua Lima Cavalcante2532026,6 MESES E 12 DIAS
380,Terceiro,Típico com afastamento,,Sim,CHESF,CSC,Masculino,50,,Terça - feira,17,3,2026,08:00 - 09:00,Empresa,Individual,Fortaleza,CE,SE Fortaleza II,-4.8178093249999998,-38.822378729999997,VP Suprimentos e Serviços,VSS,OPERAÇÃO DE FACILITES E MANUTENÇÃO,OPERAÇÃO DE FACILITES E MANUTENÇÃO,OPERAÇÃO DE FACILITES E MANUTENÇÃO,46099,46103,4,,,,46098,Golpeado por (atingido por objeto em movimento),Lesão,Face,Médio,11,Médio,Outros,,,,,,,,,TerceiroTípico com afastamentoCHESFJoão Batista Gomes de Sousa Silva1732026,
381,Terceiro,Típico sem afastamento,,Sim,CHESF,Logística,Masculino,33,6 meses a 1 ano,Segunda - feira,30,3,2026,14:00 - 15:00,Empresa,Individual,Abreu e Lima,PE,Almoxarifado de Abreu e Lima,-7.8889795579999999,-34.902571190000003,VP Suprimentos e Serviços,VSS,GLAONE,GLAONE,GLAONE,,,,,,,,"Golpeado contra (correndo em direção, tropeçando em)",Lesão,,Médio,10,Médio,2 - Percepção de Risco,,,,,,,,,TerceiroTípico sem afastamentoCHESFDeivison Silva de Santana3032026,11 meses
1,Próprio,Quase Acidente,Não,Não,Eletrobras,Geração - Hidráulica,Masculino,,6 meses a 1 ano,Segunda - feira,2,3,2026,07:00 - 08:00,Via pública,Individual,Araporã,MG,UHE Itumbiara,-18.41,-49.1,VP Operações e Segurança,Operações,SEGS - Produção O&M Geração Sudeste,SEGSRG - Regional O&M Goiás e MT G Sudeste,SEGSRGIT - O&M Itumbiara G Sudeste,N/A,N/A,N/A,N/A,,N/A,N/A,,,,,11,Médio,8 - Veículos e Equipamentos Móveis,Sinalização inexistente,,,,,,,,46083,
1,Terceiro,Quase Acidente,Não,Não,Eletrobras,Geração - Hidráulica,Masculino,25,Até 6 meses,Segunda - feira,2,3,2026,08:00 - 09:00,Empresa,Equipe,Araporã,MG,UHE Itumbiara,-18.41,-49.1,VP Operações e Segurança,Operações,SEGS - Produção O&M Geração Sudeste,SEGSRG - Regional O&M Goiás e MT G Sudeste,SEGSRGIT - O&M Itumbiara G Sudeste,N/A,N/A,N/A,N/A,,N/A,N/A,,,,,11,Médio,2 - Percepção de Risco,(em investigação),,,,,,,,46083,
1,Terceiro,Quase Acidente,Não,Não,Eletrobras,CSC,Masculino,41,1 a 3 anos,Segunda - feira,2,3,2026,15:00 - 16:00,Empresa,Equipe,Ibiraci,MG,UHE Mascarenhas de Moraes,-20.29,-47.06,VP Suprimentos e Serviços,VSS,SCIO - CSC Infraestrutura Operações,SCIOFO - Gestão de Facilities das Operações,SCIOFOSJ - Operação de FM Sudeste SJ,N/A,N/A,N/A,N/A,,N/A,N/A,,,,,14,Baixo,2 - Percepção de Risco,Falha no sistema de alimentação/carburação da moto-poda,,,,,,,,46083,
1,Terceiro,Quase Acidente,Não,Não,Eletrobras,Transmissão,,,,Terça - feira,3,3,2026,,Empresa,Equipe,Ibiúna,SP,SE Ibiúna,-23.66,-47.1,VP Operações e Segurança,Operações,SEPT - Produção O&M da Transmissão Sudeste,SEPTRP - Regional O&M Paraná e Ibiúna T Sudeste,SEPTRPIB - O&M Ibiúna T Sudeste,N/A,N/A,N/A,N/A,,N/A,N/A,,,,,11,Médio,4  - Eletricidade,(em investigação),,,,,,,,46084,
1,Terceiro,Desvio Critico,Não,Não,Eletrobras,CSC,Feminino,41,3 a 6 anos,Sexta - feira,6,3,2026,11:00 - 12:00,Empresa,Individual,Ibiraci,MG,UHE Mascarenhas de Moraes,-20.29,-47.06,VP Suprimentos e Serviços,VSS,SCIO - CSC Infraestrutura Operações,SCIOFO - Gestão de Facilities das Operações,SCIOFOSJ - Operação de FM Sudeste SJ,N/A,N/A,N/A,N/A,,N/A,N/A,,,,,14,Baixo,8 - Veículos e Equipamentos Móveis,(em investigação),,,,,,,,46087,
1,Terceiro,Típico com afastamento,Não,Sim,Eletrobras,CSC,Masculino,> 60,3 a 6 anos,Segunda - feira,9,3,2026,10:00 - 11:00,Empresa,Equipe,Fronteira,MG,UHE Marimbondo,-20.3,-49.2,VP Suprimentos e Serviços,VSS,SCIO - CSC Infraestrutura Operações,SCIOFO - Gestão de Facilities das Operações,SCIOFOSJ - Operação de FM Sudeste SJ,,,,,,,,,,,,,,,,,,,,,,,46090,
1,Terceiro,Típico com afastamento,Não,Sim,Eletrobras,Transmissão,Masculino,39,Até 6 meses,Terça - feira,10,3,2026,08:00 - 09:00,Área rural,Equipe,Fronteira,MG,LT 500 kV Marimbondo – Água Vermelha / t. 001,-20.3,-49.21,VP Operações e Segurança,Operações,SEPT - Produção O&M da Transmissão Sudeste,SEPTRM - Regional O&M ES e Minas T Sudeste,SEPTRMTM - O&M Triângulo Mineiro T Sudeste,46092,46101,10,0,Não,0,46091,Atingido por (pontos agudos ou cortantes),Fratura,Pé Esquerdo,Alto,4,Alto,2 - Percepção de Risco,Lâminas da roçadeira fora das especificações do fabricante e de marca e modelo não recomendados,Baixa percepção de risco dos colaboradores,Ausência de procedimento indicando a periodicidade do preenchimento do check-list de inspeção das roçadeiras,,,,,,46091,
1,Terceiro,Quase Acidente,Não,Não,Eletrobras,Transmissão,Masculino,34,Até 6 meses,Terça - feira,10,3,2026,14:00 - 15:00,Área rural,Individual,Arapeí,SP,LT 500 kV Angra dos Reis - Cachoeira Paulista / t.89,-22.72,-44.47,VP Operações e Segurança,Operações,ATCT - Gestão e Eficientização do Portfólio da,ATCTSE - Gestão de Investimentos da Transmissão SE,-,N/A,N/A,N/A,N/A,,N/A,N/A,,,,,11,Médio,2 - Percepção de Risco,Inspeção ineficiente,Encaixe com fadiga mecânica,,,,,,,46091,
1,Próprio,Quase Acidente,Sim,Não,Eletrobras,Transmissão,Masculino,,6 meses a 1 ano,Quarta - feira,11,3,2026,09:00 - 10:00,Área rural,Individual,Atibaia,SP,SE Guarulhos,,,VP Operações e Segurança,Operações,SEPT - Produção O&M da Transmissão Sudeste,SEPTRS - Regional O&M São Paulo T Sudeste,SEPTRSSP - O&M São Paulo T Sudeste,N/A,N/A,N/A,N/A,,N/A,N/A,,,,,16,Baixo,8 - Veículos e Equipamentos Móveis,Desvio de rota,,,,,,,,46092,
1,Próprio,Quase Acidente,Não,Não,Eletrobras,Transmissão,Masculino,> 60,Acima de 10 anos,Quarta - feira,11,3,2026,20:00 - 21:00,Empresa,Dupla,Campos dos Goytacazes,RJ,SE Campos,-21.72,-41.34,VP Operações e Segurança,Operações,SEPT - Produção O&M da Transmissão Sudeste,SEPTRM - Regional O&M ES e Minas T Sudeste,SEPTRMCM - O&M Campos e Macaé T Sudeste,N/A,N/A,N/A,N/A,,N/A,N/A,,,,,15,Baixo,2 - Percepção de Risco,Organização inadequada do posto de trabalho,Utilização de equipamento (Cadeira) inadequado,,,,,,,46092,
1,Próprio,Trajeto com afastamento,Não,Sim,Eletrobras,Adm,Feminino,55,Acima de 10 anos,Quinta - feira,12,3,2026,10:00 - 11:00,Via pública,Individual,Rio de Janeiro,RJ,EBM,-22.9,-43.21,"VP Inovação, P&D, Digital e TI",Outros,GPLN - S4 Líder Negócios,GPLNFN - S4 Finanças,-,46094,46104,11,0,Não,0,46099,Carro - Colisão ,Fratura,Tórax,Médio,11,Médio,2 - Percepção de Risco,(em investigação),,,,,,,,46093,
1,Terceiro,Quase Acidente,Não,Não,Eletrobras,CSC,Masculino,,Até 6 meses,Sexta - feira,13,3,2026,07:00 - 08:00,Via pública,Individual,Assis,SP,SE Assis,-22.68,-50.42,VP Suprimentos e Serviços,VSS,SCIO - CSC Infraestrutura Operações,SCIOFO - Gestão de Facilities das Operações,SCIOFSSJ - Operação de FM Sudeste SJ,N/A,N/A,N/A,N/A,,N/A,N/A,,,,,14,Baixo,8 - Veículos e Equipamentos Móveis,N/A,,,,,,,,46094,
1,Terceiro,Trajeto sem afastamento,Não,Sim,Eletrobras,CSC,Feminino,36,3 a 6 anos,Terça - feira,17,3,2026,17:00 - 18:00,Via pública,Individual,Samambaia,DF,SE Brasília Sul,-15.86,-48.07,VP Suprimentos e Serviços,VSS,SCIO - CSC Infraestrutura Operações,SCIOFO - Gestão de Facilities das Operações,SCIOFOAG - Operação de FM Sudeste AG,N/A,N/A,N/A,N/A,Não,N/A,46111,Escorregou/Desequilibrou,"Escoriação, Abrasão",Face,Baixo,13,Médio,2 - Percepção de Risco,Atenção desviada ao consultar o celular enquanto caminhava,Ausência de sinalização de desnível na transição calçada-asfalto ,,,,,,,46098,
1,Terceiro,Quase Acidente,Não,Não,Eletrobras,CSC,Masculino,24,1 a 3 anos,Quarta - feira,18,3,2026,09:00 - 10:00,Empresa,Individual,Planura,MG,UHE Porto Colômbia,-20.13,-48.57,VP Suprimentos e Serviços,VSS,SCIO - CSC Infraestrutura Operações,SCIOFO - Gestão de Facilities das Operações,SCIOFOSJ - Operação de FM Sudeste SJ,N/A,N/A,N/A,N/A,,N/A,N/A,,,,,14,Baixo,7 - Bloqueio e Proteção,(em investigação),,,,,,,,46099,
1,Próprio,Típico sem afastamento,Não,Sim,Eletrobras,Transmissão,Masculino,35,1 a 3 anos,Quarta - feira,18,3,2026,10:00 - 11:00,Empresa,Individual,São José da Barra,MG,UHE Furnas,-20.67,-46.32,VP Operações e Segurança,Operações,SEPT - Produção O&M da Transmissão Sudeste,SEPTRM - Regional O&M ES e Minas T Sudeste,SEPTRMMM - Manutenção Minas T,N/A,N/A,N/A,N/A,Não,N/A,46112,Atingido por (pontos agudos ou cortantes),Perda / Diminuição dos Sentidos,Face,Baixo,14,Baixo,2 - Percepção de Risco,(em investigação),,,,,,,,46099,
1,Próprio,Quase Acidente,Sim,Não,Eletrobras,Transmissão,Masculino,30,1 a 3 anos,Quarta - feira,18,3,2026,16:00 - 17:00,Via pública,Individual,Mimoso,GO,LT 500kV Serra da Mesa - Samambaia 1 e 2 / t. 330,-15.05,-48.14,VP Operações e Segurança,Operações,SEPT - Produção O&M da Transmissão Sudeste,SEPTRD - Regional O&M DF e Goiás T Sudeste,SEPTRDMB - Man Eletromecânica Brasília T Sudeste,N/A,N/A,N/A,N/A,,N/A,N/A,,,,,14,Baixo,8 - Veículos e Equipamentos Móveis,(em investigação),,,,,,,,46099,
1,Próprio,Quase Acidente,Sim,Não,Eletrobras,Transmissão,Masculino,38,1 a 3 anos,Quinta - feira,19,3,2026,09:00 - 10:00,Via pública,Individual,Cariacica,ES,LT 345kV Vitória - Rio Novo do Sul,-20.329999999999998,-40.42,VP Operações e Segurança,Operações,SEPT - Produção O&M da Transmissão Sudeste,SEPTRM - Regional O&M ES e Minas T Sudeste,SEPTRMES - O&M Espírito Santo T Sudeste,N/A,N/A,N/A,N/A,,N/A,N/A,,,,,16,Baixo,8 - Veículos e Equipamentos Móveis,Imprudência e falta de atenção de terceiros,Falha mecânica reportada pelo condutor da moto (em relação ao freio),,,,,,,46100,
1,Terceiro,Quase Acidente,Não,Não,Eletrobras,CSC,Masculino,19,Até 6 meses,Sexta - feira,20,3,2026,09:00 - 10:00,Empresa,Equipe,Cachoeira Paulista,SP,SE Cachoeira Paulista,-22.63,-45.04,VP Suprimentos e Serviços,VSS,SCIO - CSC Infraestrutura Operações,SCIOFO - Gestão de Facilities das Operações,SCIOFOCP - Operação de FM Sudeste CP,N/A,N/A,N/A,N/A,,N/A,N/A,,,,,14,Baixo,2 - Percepção de Risco,(em investigação),,,,,,,,46101,
1,Terceiro,Quase Acidente,Sim,Não,Eletrobras,Geração - Hidráulica,Masculino,58,1 a 3 anos,Sexta - feira,20,3,2026,10:00 - 11:00,Empresa,Individual,Planura,MG,UHE Porto Colômbia,-20.13,-48.57,VP Operações e Segurança,Operações,SEGS - Produção O&M Geração Sudeste,SEGSRM - Regional O&M Minas Gerais G Sudeste,SEGSRMMB - O&M Marimbondo e P Colômbia G Sudeste,N/A,N/A,N/A,N/A,,N/A,N/A,,,,,16,Baixo,8 - Veículos e Equipamentos Móveis,N/A,,,,,,,,46101,
1,Próprio,Quase Acidente,Não,Não,Eletrobras,Transmissão,Masculino,45,Acima de 10 anos,Sexta - feira,20,3,2026,11:00 - 12:00,Empresa,Individual,Rio de Janeiro,RJ,SE Grajaú,-22.93,-43.26,VP Operações e Segurança,Operações,SEPT - Produção O&M da Transmissão Sudeste,SEPTRR - Regional O&M Rio de Janeiro T Sudeste,SEPTRRGJ - O&M Grajaú e Jacarepaguá T Sudeste,N/A,N/A,N/A,N/A,,N/A,N/A,,,,,14,Baixo,2 - Percepção de Risco,(em investigação),,,,,,,,46101,
1,Terceiro,Quase Acidente,Não,Não,Eletrobras,CSC,Feminino,35,Até 6 meses,Sexta - feira,20,3,2026,14:00 - 15:00,Empresa,Individual,Rio de Janeiro,RJ,EBM,-22.9,-43.21,VP Suprimentos e Serviços,VSS,SCIC - CSC Infraestrutura Corporativo,SCICMO - Gestão de Manutenção e Obras,SCICMOR2 - Gestão de Manutenção e Obras RJ 2,N/A,N/A,N/A,N/A,,N/A,N/A,,,,,16,Baixo,2 - Percepção de Risco,(em investigação),,,,,,,,46101,
1,Terceiro,Típico com afastamento,Não,Sim,Eletrobras,CSC,Masculino,36,6 meses a 1 ano,Domingo,22,3,2026,17:00 - 18:00,Empresa,Individual,Aparecida de Goiânia,GO,SE Bandeirantes,-16.79,-49.23,VP Suprimentos e Serviços,VSS,SCIO - CSC Infraestrutura Operações,SCIOGS - Gestão de Segurança,SCIOGSSD - Gestão de Segurança Sudeste,46104,46133,30,0,Não,,46103,Atingido entre ou abaixo (esmagado ou amputado),Fratura,Dedo da mão Esquerda,Médio,11,Médio,2 - Percepção de Risco,(em investigação),,,,,,,,46103,
1,Próprio,Quase Acidente,Sim,Não,Eletrobras,Transmissão,Masculino,46,Acima de 10 anos,Segunda - feira,23,3,2026,13:00 - 14:00,Empresa,Individual,Fronteira,MG,UHE Marimbondo,-20.3,-49.2,VP Operações e Segurança,Operações,SEPT - Produção O&M da Transmissão Sudeste,SEPTRM - Regional O&M ES e Minas T Sudeste,SEPTRMTM - O&M Triângulo Mineiro T Sudeste,N/A,N/A,N/A,N/A,,N/A,N/A,,,,,11,Médio,8 - Veículos e Equipamentos Móveis,(em investigação),,,,,,,,46104,
1,Terceiro,Quase Acidente,Não,Não,Eletrobras,Transmissão,Masculino,27,6 meses a 1 ano,Segunda - feira,23,3,2026,15:00 - 16:00,Área rural,Equipe,Cachoeira Paulista,SP,LT 500 kV Angra - Cachoeira Paulista,-22.63,-45.03,VP Operações e Segurança,Operações,ATCT - Gestão e Eficientização do Portfólio da,ATCTSE - Gestão de Investimentos da Transmissão SE,-,N/A,N/A,N/A,N/A,,N/A,N/A,,,,,10,Médio,3 - Trabalho em Altura,(em investigação),,,,,,,,46104,
1,Terceiro,Quase Acidente,Não,Não,Eletrobras,Transmissão,,,,Terça - feira,24,3,2026,06:00 - 07:00,Empresa,,Ibiraci,MG,UHE Mascarenhas de Moraes,-20.29,-47.06,VP Operações e Segurança,Operações,SEPT - Produção O&M da Transmissão Sudeste,SEPTRM - Regional O&M ES e Minas T Sudeste,SEPTRMMG - O&M Minas Gerais T Sudeste,N/A,N/A,N/A,N/A,,N/A,N/A,,,,,16,Baixo,2 - Percepção de Risco,(em investigação),,,,,,,,46105,
1,Terceiro,Trajeto sem afastamento,Não,Sim,Eletrobras,CSC,Masculino,35,6 meses a 1 ano,Terça - feira,24,3,2026,18:00 - 19:00,Via pública,Individual,Mogi das Cruzes,SP,SE Mogi das Cruzes,-23.5,-46.17,VP Suprimentos e Serviços,VSS,SCIO - CSC Infraestrutura Operações,SCIOGS - Gestão de Segurança,-,N/A,N/A,N/A,N/A,,N/A,,,,,Baixo,14,Baixo,8 - Veículos e Equipamentos Móveis,(em investigação),,,,,,,,46105,
1,Terceiro,Típico com afastamento,Não,Sim,Eletrobras,CSC,Masculino,49,1 a 3 anos,Quarta - feira,25,3,2026,14:00 - 15:00,Empresa,Individual,Rio de Janeiro,RJ,SE Jacarepaguá,-22.92,-43.42,VP Suprimentos e Serviços,VSS,SCIC - CSC Infraestrutura Corporativo,SCICMO - Gestão de Manutenção e Obras,-,,,,,,,,,,,Baixo,14,Baixo,2 - Percepção de Risco,(em investigação),,,,,,,,46106,
1,Terceiro,Quase Acidente,Não,Não,Eletrobras,Transmissão,Masculino,50,Até 6 meses,Quinta - feira,26,3,2026,08:00 - 09:00,Via pública,Individual,Angra dos Reis,RJ,Supressão de Vegetação RJ,,,VP Operações e Segurança,Operações,SEPT - Produção O&M da Transmissão Sudeste,SEPTRR - Regional O&M Rio de Janeiro T Sudeste,SEPTRRMA - Man Adrianópolis e São José T Sudeste,N/A,N/A,N/A,N/A,,N/A,N/A,,,,,14,Baixo,8 - Veículos e Equipamentos Móveis,(em investigação),,,,,,,,46107,
1,Terceiro,Quase Acidente,Não,Não,Eletrobras,Geração - Hidráulica,Masculino,,,Quinta - feira,26,3,2026,10:00 - 11:00,Empresa,Individual,Planura,MG,UHE Porto Colômbia,-20.13,-48.57,VP Operações e Segurança,Operações,SEGS - Produção O&M Geração Sudeste,SEGSRM - Regional O&M Minas Gerais G Sudeste,SEGSRMMB - O&M Marimbondo e P Colômbia G Sudeste,N/A,N/A,N/A,N/A,,N/A,N/A,,,,,16,Baixo,8 - Veículos e Equipamentos Móveis,(em investigação),,,,,,,,46107,
1,Terceiro,Desvio Crítico,Não,Não,Eletrobras,Transmissão,,,,Quinta - feira,26,3,2026,11:00 - 12:00,Empresa,Equipe,Angra dos Reis,RJ,SE Angra dos Reis,-23.01,-44.46,VP Operações e Segurança,Operações,SEPT - Produção O&M da Transmissão Sudeste,SEPTRR - Regional O&M Rio de Janeiro T Sudeste,SEPTRRMA - Man Adrianópolis e São José T Sudeste,N/A,N/A,N/A,N/A,,N/A,N/A,,,,,7,Alto,7 - Bloqueio e Proteção,(em investigação),,,,,,,,46107,
1,Terceiro,Quase Acidente,Sim,Não,Eletrobras,CSC,Masculino,47,6 meses a 1 ano,Quinta - feira,26,3,2026,14:00 - 15:00,Via pública,Individual,Aguaí,SP,UHE Furnas,,,VP Suprimentos e Serviços,VSS,SCIO - CSC Infraestrutura Operações,"SCIOFT - Gestão de Frotas, Transp e Mobilidade",-,N/A,N/A,N/A,N/A,,N/A,N/A,,,,,11,Médio,8 - Veículos e Equipamentos Móveis,(em investigação),,,,,,,,46107,
1,Terceiro,Típico sem afastamento,Não,Sim,Eletrobras,Transmissão,Masculino,33,6 meses a 1 ano,Quinta - feira,26,3,2026,15:00 - 16:00,Área rural,Individual,Arapeí,SP,LT 500kV Angra dos Reis - Cachoeira Paulista,,,VP Operações e Segurança,Operações,ATCT - Gestão e Eficientização do Portfólio da,ATCTSE - Gestão de Investimentos da Transmissão SE,-,N/A,N/A,N/A,N/A,,N/A,,,,,,14,Baixo,2 - Percepção de Risco,(em investigação),,,,,,,,46107,
1,Terceiro,Quase Acidente,Não,Não,Eletrobras,CSC,Masculino,54,3 a 6 anos,Domingo,29,3,2026,15:00 - 16:00,Via pública,Individual,Pedregulho,SP,UHE Luiz Carlos Barreto de Carvalho,-20.16,-47.28,VP Suprimentos e Serviços,VSS,SCIO - CSC Infraestrutura Operações,SCIOFO - Gestão de Facilities das Operações,SCIOFOSJ - Operação de FM Sudeste SJ,N/A,N/A,N/A,N/A,,N/A,N/A,,,,,14,Baixo,8 - Veículos e Equipamentos Móveis,N/A,,,,,,,,46110,
1,Terceiro,Trajeto com afastamento,Não,Sim,Eletrobras,Transmissão,Masculino,50,1 a 3 anos,Terça - feira,31,3,2026,06:00 - 07:00,Via pública,Individual,Itutinga,MG,SE Itutinga,,,VP Operações e Segurança,Operações,SEPT - Produção O&M da Transmissão Sudeste,SEPTRM - Regional O&M ES e Minas T Sudeste,SEPTRMMG - O&M Minas Gerais T Sudeste,46113,46122,10,0,Não,,46114,Carro - Colisão ,Esmagamento,Braço Esquerdo,Médio,11,Médio,8 - Veículos e Equipamentos Móveis,(em investigação),,,,,,,,46112,
1,Terceiro,Trajeto sem afastamento,Não,Sim,Eletrobras,CSC,Masculino,43,Até 6 meses,Terça - feira,31,3,2026,12:00 - 13:00,Via pública,Individual,São José dos Campos,SP,UHE Jaguari,-23.2,-46.02,VP Suprimentos e Serviços,VSS,SCIO - CSC Infraestrutura Operações,SCIOFO - Gestão de Facilities das Operações,SCIOFOCP - Operação de FM Sudeste CP,,,,,,,,,,,Baixo,14,Baixo,2 - Percepção de Risco,(em investigação),,,,,,,,46112,
1,Terceiro,Quase Acidente,Não,Não,Eletrobras,Geração - Hidráulica,Masculino,20,6 meses a 1 ano,Terça - feira,31,3,2026,13:00 - 14:00,Empresa,Equipe,Pedregulho,SP,UHE Luiz Carlos Barreto de Carvalho,-20.16,-47.28,VP Operações e Segurança,Operações,SEGS - Produção O&M Geração Sudeste,SEGSRM - Regional O&M Minas Gerais G Sudeste,SEGSRMLC - O&M Luiz Carlos Barreto G Sudeste,N/A,N/A,N/A,N/A,,N/A,N/A,,,,,14,Baixo,7 - Bloqueio e Proteção,N/A,,,,,,,,46112,
1,Próprio,Quase Acidente,Sim,Sim,Eletronorte,Transmissão,Masculino,39,Até 6 meses,Terça-feira,3,3,2026,21:00 - 22:00,Via pública,Individual,Rorainópolis,RR,Via Pública,,,VP Operações e Segurança,Operações,Superintendência de Produção da Transmissão,Departamento Regional de Produção da transmissão Norte,,N/A,N/A,0,0,0,0,N/A,,,,,14,Baixo,8 - Veículos e Equipamentos Móveis,,,,,,,,,46084,
1,Terceiro,Quase Acidente,Sim,Sim,Eletronorte,CSC,Masculino,> 60,Até 6 meses,Terça-feira,10,3,2026,08:00 - 09:00,Via pública,Individual,Tucuruí,PA,Via Pública,-3.79,-49.66,VP Suprimentos e Serviços,VSS,CSC,Infraestrutura de Operações,"Gestão de Frotas, Transporte e Mobilidade",N/A,N/A,0,0,0,0,N/A,Transporte Publico Regular - Colisão,Sem Lesões,,,14,Baixo,8 - Veículos e Equipamentos Móveis,,,,,,,,,46091,
1,Terceiro,Típico sem afastamento,Não,Sim,Eletronorte,CSC,Masculino,24,6 meses a 1 ano,Terça-feira,10,3,2026,15:00 - 16:00,Empresa,Individual,Ferreira Gomes,AP,UHE Coaracy Nunes,,,VP Suprimentos e Serviços,VSS,CSC,Infraestrutura de Operações,Operação de Facilites e Manutenção,N/A,N/A,0,0,0,0,46098,Animal,Luxação,Partes Múltiplas,,11,Médio,2 - Percepção de Risco,,,,,,,,,46091,
1,Próprio,Típico sem afastamento,Não,Sim,Eletronorte,Transmissão,Feminino,35,6 meses a 1 ano,Sábado,7,3,2026,19:00 - 20:00,Empresa,Individual,"São Luís, Maranhão",MA,SE São Luis II,,,VP Operações e Segurança,Operações,Superintendência de Produção da Transmissão,Departamento Regional de Produção da transmissão Norte,,N/A,N/A,0,0,0,0,46101,"Líquido, NIC",Queimadura Térmica ,Mão Direita,Baixo,15,Baixo,2 - Percepção de Risco,,,,,,,,,46088,
1,Terceiro,Trajeto com afastamento,Não,Sim,Eletronorte,CSC,Masculino,49,6 meses a 1 ano,Sexta-feira,6,3,2026,08:00 - 09:00,Via pública,Individual,"São Luís, Maranhão",MA,SE São Luis II,,,VP Suprimentos e Serviços,VSS,CSC,Infraestrutura de Operações,Gestão de Segurança,46087,46091,5,0,0,0,46100,Queda mesmo nível,Lesão,Partes Múltiplas,Médio,9,Médio,8 - Veículos e Equipamentos Móveis,,,,,,,,,46087,
1,Terceiro,Quase Acidente,Não,Sim,Eletronorte,Meio Ambiente,Masculino,> 60,6 meses a 1 ano,Quarta-feira,11,3,2026,12:00 - 13:00,Empresa,Individual,Tucuruí,PA,UHE Tucuruí,-3.79,-49.66,VP Operações e Segurança,Operações,Gerência Executiva  Produção de Geração Hidraulica,,Meio Ambiente da Operação Eletronorte,N/A,N/A,0,0,0,0,N/A,,,,Baixo,15,Baixo,2 - Percepção de Risco,,,,,,,,,46092,
1,Próprio,Típico com afastamento,Não,Sim,Eletronorte,Telecomunicação,Masculino,,1 a 3 anos,Segunda-feira,16,3,2026,11:00 - 12:00,,Individual,Ariquemes,RO,Via Pública,,,VP Operações e Segurança,Operações,Superintendência de Produção da Transmissão,Departamento Regional de Produção da transmissão Norte,,46099,46103,4,0,Não,0,46099,Golpeado por (atingido por objeto em movimento),Lesão,Partes Múltiplas,Médio,5,Alto,8 - Veículos e Equipamentos Móveis,,,,,,,,,46097,
1,Próprio,Típico sem afastamento,Não,Sim,Eletronorte,Meio Ambiente,Masculino,44,Acima de 10 anos,Segunda-feira,16,3,2026,18:00 - 19:00,Via pública,Individual,Itaúba,MT,Via Pública,,,VP Operações e Segurança,Operações,Gerência Executiva  Produção de Geração Hidraulica,Meio Ambiente da Operação Norte,,N/A,N/A,0,0,0,0,46106,Moto - Colisão,Lesão,Partes Múltiplas,Médio,13,Médio,8 - Veículos e Equipamentos Móveis,,,,,,,,,46097,
1,Terceiro,Típico com afastamento,Não,Sim,Eletronorte,CSC,Masculino,21,,Quinta-feira,18,3,2026,11:00 - 12:00,Empresa,Individual,Presidente Figueiredo,AM,UHE Balbina,-1.91,-59.47,VP Suprimentos e Serviços,VSS,CSC,Infraestrutura de Operações,Operação de Facilites e Manutenção,46099,46101,2,0,não,0,46100,Calçada ou caminho para pedrestre - superfície utilizada para sustentar pessoas,"Escoriação, Abrasão",Perna Direita,Médio,11,Médio,2 - Percepção de Risco,,,,,,,,,46099,
1,Terceiro,Típico sem afastamento,Não,Sim,Eletronorte,CSC,Masculino,48,6 meses a 1 ano,Segunda-feira,16,3,2026,16:00 - 17:00,Empresa,Individual,"Presidente Dutra, Maranhão",MA,SE Presidente Dutra,-5.26,-44.48,VP Suprimentos e Serviços,VSS,CSC,Infraestrutura de Operações,Divisão de gestão de frotas e viagens,N/A,N/A,0,0,0,0,46108,Atingido por (pontos agudos ou cortantes),"Escoriação, Abrasão",Cabeça,Baixo,15,Baixo,2 - Percepção de Risco,,,,,,,,,46097,
1,Próprio,Quase Acidente,Não,Sim,Eletronorte,Transmissão,Feminino,30,1 a 3 anos,Segunda-feira,23,3,2026,07:00 - 08:00,Via pública,Individual,Brasília,DF,Via Pública,,,"VP Gente, Gestão e Cultura",Outros,Gerência executiva de Saúde e Segurança,Departamento de saúde e segurança do trabalho,,N/A,N/A,0,0,0,0,N/A,,,,,16,Baixo,8 - Veículos e Equipamentos Móveis,,,,,,,,,46104,
1,Próprio,Quase Acidente,Não,Sim,Eletronorte,Transmissão,Masculino,50,6 a 10 anos,Segunda-feira,23,3,2026,10:00 - 11:00,Empresa,Dupla,Peritoró,MA,SE Peritoró,-4.37,-44.33,VP Operações e Segurança,Operações,Superintendência de Produção da Transmissão,,,N/A,N/A,0,0,0,0,N/A,,,,,4,Alto,2 - Percepção de Risco,,,,,,,,,46104,
1,Próprio,Quase Acidente,Não,Sim,Eletronorte,Transmissão,Masculino,29,1 a 3 anos,Segunda-feira,23,3,2026,10:00 - 11:00,Empresa,Dupla,Peritoró,MA,SE Peritoró,-4.37,-44.33,VP Operações e Segurança,Operações,Superintendência de Produção da Transmissão,,,N/A,N/A,0,0,0,0,N/A,,,,,4,Alto,2 - Percepção de Risco,,,,,,,,,46104,
1,Terceiro,Quase Acidente,Não,Sim,Eletronorte,CSC,Masculino,42,1 a 3 anos,Segunda-feira,23,3,2026,11:00 - 12:00,Empresa,Individual,"Presidente Dutra, Maranhão",MA,SE Presidente Dutra,-5.26,-44.48,VP Suprimentos e Serviços,VSS,CSC,Infraestrutura de Operações,Operação de Facilites e Manutenção,N/A,N/A,0,0,0,0,N/A,,,,,16,Baixo,8 - Veículos e Equipamentos Móveis,,,,,,,,,46104,
1,Terceiro,Quase Acidente,Sim,Sim,Eletronorte,CSC,Masculino,59,6 meses a 1 ano,Sexta-feira,20,3,2026,14:00 - 15:00,Empresa,Individual,Rondonópolis,MT,SE Rondonópolis,-16.47,-54.6,VP Suprimentos e Serviços,VSS,CSC,Infraestrutura de Operações,Divisão de gestão de frotas e viagens,N/A,N/A,0,0,0,0,N/A,,,,,15,Baixo,9 - Veículos e Equipamentos Móveis,,,,,,,,,46101,
1,Terceiro,Trajeto com afastamento,Não,Sim,Eletronorte,Transmissão,Masculino,57,6 meses a 1 ano,Segunda-feira,23,3,2026,07:00 - 08:00,Via pública,Individual,"São Luís, Maranhão",MA,Via Pública,,,VP Operações e Segurança,Operações,Superintendência de Produção da Transmissão,Departamento Regional de Produção da transmissão Norte,,46104,46106,2,0,não,0,46104,Animal,Lesão,Partes Múltiplas,Baixo,14,Baixo,8 - Veículos e Equipamentos Móveis,,,,,,,,,46104,
1,Próprio,Típico sem afastamento,Não,Sim,Eletronorte,Adm,Feminino,47,3 a 6 anos,Terça-feira,24,3,2026,08:00 - 09:00,Empresa,Individual,Brasília,DF,Sede,-15.78,-47.93,VP Comercialização e Soluções em Energia,,Pós vendas e Gestão de Clientes ,,Contabilização e Liquidação,N/A,N/A,0,0,Sim,0,46108,Carro - Colisão ,"Escoriação, Abrasão",Cabeça,Médio,11,Médio,8 - Veículos e Equipamentos Móveis,,,,,,,,,46105,
1,Terceiro,Típico sem afastamento,Não,Sim,Eletronorte,CSC,Masculino,34,,Quinta-feira,26,3,2026,13:00 - 14:00,Empresa,Individual,"Nova Canaã, Bahia",MT,UHE Colider,-10.98,-55.77,VP Suprimentos e Serviços,VSS,CSC,Infraestrutura de Operações,Operação de Facilites e Manutenção,N/A,N/A,0,0,0,0,46108,Carro - Colisão ,"Escoriação, Abrasão",Cabeça,Médio,13,Médio,2 - Percepção de Risco,,,,,,,,,46107,
1,Terceiro,Típico sem afastamento,Não,Sim,Eletronorte,CSC,Masculino,28,,Segunda-feira,30,3,2026,08:00 - 09:00,Empresa,Individual,Imperatriz,MA,SE Imperatriz,-5.42,-47.47,VP Suprimentos e Serviços,VSS,CSC,Infraestrutura de Operações,Operação de Facilites e Manutenção,N/A,N/A,0,0,0,0,46112,Animal,"Escoriação, Abrasão",Partes Múltiplas,Baixo,11,Médio,2 - Percepção de Risco,,,,,,,,,46111,
1,Terceiro,Quase Acidente,Não,Sim,Eletronorte,,Masculino,39,6 meses a 1 ano,Segunda-feira,30,3,2026,15:00 - 16:00,Empresa,Individual,Altamira do Maranhão,PA,SE Altamira ,-3.2,-52.2,VP Suprimentos e Serviços,VSS,CSC,Infraestrutura de Operações,Operação de Facilites e Manutenção,N/A,N/A,0,0,0,0,N/A,,,,,15,Baixo,8 - Veículos e Equipamentos Móveis,,,,,,,,,46111,
222,Terceiro,Quase Acidente,Não,Sim,Eletrobras,Expansão - Proj. Estrat.,Masculino,19,6 meses a 1 ano,Segunda-feira,2,3,2026,09:00 - 10:00,Empresa,Individual,Presidente Juscelino,MG,LT Janaúba 6_Pres. Juscelino,,,VP Engenharia de Expansão,Engenharia,EETE,EETEN,EETEN,-,-,-,-,Não,-,-,Eletricidade,"Escoriação, Abrasão",-,NA,15,Baixo,2 - Percepção de Risco,Constatou-se a ausência de dispositivo de segurança destinado a manter a mão do operador fora da zona de impacto do martelo e do prego durante a operação.,,,,,,,,46083,
223,Terceiro,Quase Acidente,Sim,Sim,CHESF,Expansão,Masculino,19,6 meses a 1 ano,Terça- feira,3,3,2026,07:00 - 08:00,Via pública,Equipe,Casa Nova,BA,EOL Casa Nova B,,,VP Engenharia de Expansão,Engenharia,EEG,EEGI,EETIN.C,-,-,-,-,Não,-,-,Outros,Sem Lesões,-,Baixo,12,Médio,8 - Veículos e Equipamentos Móveis,O procedimento Goldwind não detalha o tempo mínimo de habilitação para condução de veículos.,Suspensão apresenta barulho – descrito no checklist do veículo.,Colaborador com pouco tempo de habilitação – 09 meses.,Acionamento do pedal da embreagem no momento da aquaplanagem.,Distração dos passageiros durante o trajeto.,,,,46084,
224,Terceiro,Quase Acidente,Não,Sim,CHESF,Expansão,Masculino,43,6 meses a 1 ano,Quarta- feira,4,3,2026,07:00 - 08:00,Empresa,Individual,Casa Nova,BA,EOL Casa Nova B,,,VP Engenharia de Expansão,Engenharia,EEG,EEGI,EETIN.C,-,-,-,-,Não,-,-,Transporte manual de carga,Sem Lesões,-,Baixo,15,Baixo,8 - Veículos e Equipamentos Móveis,Falta de atendimento ao plano de rigger;,Movimentação de carga sem visibilidade e sem sinaleiro;,Autoconfiança do operador ao prosseguir a manobra sem visibilidade;,Supervisão não garantiu sinaleiro nem APR adequada;,"APR realizada apenas de forma documental, sem verificação em campo.",,,,46085,
225,Terceiro,Quase Acidente,Não,Sim,Eletrobras,Expansão - Proj. Estrat.,Masculino,30,6 meses a 1 ano,Quarta- feira,4,3,2026,10:00 - 11:00,Empresa,Individual,Foz Iguaçu,PR,SE Foz Iguaçu,-25.5183544,-55,VP Engenharia de Expansão,Engenharia,EETI,EETI.F,EETIS.F,-,-,-,-,Não,-,-,Atingido por (pontos agudos ou cortantes),"Escoriação, Abrasão",Cabeça,Baixo,15,Baixo,2 - Percepção de Risco,Inexistência de PEX para a atividade realizada;,Inexistência de APR para a atividade realizada;,Inexistência de PT para a atividade realizada;,Falha na supervisão da atividade;,Ausência de utilização de EPI obrigatório;,,,,46085,
226,Terceiro,Quase Acidente,Não,Sim,Eletrobras,Expansão - Proj. Estrat.,Masculino,40,6 meses a 1 ano,Quarta- feira,4,3,2026,09:00 - 10:00,Empresa,Individual,Foz Iguaçu,PR,SE Foz Iguaçu,-25.5183544,-55,VP Engenharia de Expansão,Engenharia,EETI,EETI.F,EETIS.F,-,-,-,-,Não,-,-,Atingido por (pontos agudos ou cortantes),"Escoriação, Abrasão",Cabeça,Baixo,15,Baixo,2 - Percepção de Risco,Método de trabalho inadequado;,Falha na identificação e avaliação de riscos na APR;,Utilização de luva inadequada para a atividade;,,,,,,46085,
227,Terceiro,Quase Acidente,Não,Sim,CHESF,Expansão - Proj. Estrat.,Masculino,32,6 meses a 1 ano,Quinta-feira,5,3,2026,09:00 - 10:00,Área rural,Individual,Morada Nova,CE,SPE NOVA ERA CEARÁ (LOTE 03),,,VP Engenharia de Expansão,Engenharia,EETE,EETEM,EETEM,-,-,-,-,Não,-,-,Outros,Sem Lesões,-,NA,7,Alto,2 - Percepção de Risco,Condições climáticas adversas (rajadas de vento);,Avaliação insuficiente das condições ambientais durante a derrubada;,Descumprimento do Procedimento (Ausência de uma das rotas de fuga),Falha no procedimento não prevendo a limpeza ao redor da Arvore;,,,,,46086,
228,Terceiro,Quase Acidente,Não,Sim,CGT Eletrosul,Expansão - Proj. Estrat.,Masculino,,6 meses a 1 ano,Terça- feira,3,3,2026,09:00 - 10:00,Empresa,Individual,Chapecó,SC,SPE NOVA ERA CATARINA (LOTE 09),,,VP Engenharia de Expansão,Engenharia,EETE,EETEM,EETEM,-,-,-,-,Não,-,-,Animal,Sem Lesões,Mão Direita,Baixo,15,Baixo,2 - Percepção de Risco,Ausência de inspeção ambiental prévia;,Planejamento da atividade (APR) sem contemplar risco biológico;,,,,,,,46084,
229,Terceiro,Típico sem afastamento,Não,Sim,CGT Eletrosul,Expansão,Masculino,26,6 meses a 1 ano,Sexta- feira,12,3,2026,16:00 - 17:00,Empresa,Individual,Capivari de baixo,SC,SE Jorge Lacerda,,,VP Engenharia de Expansão,Engenharia,EETE,EETIS,EETIS,-,-,-,-,Não,-,-,Golpeado por (atingido por objeto em movimento),"Escoriação, Abrasão",Dedo da mão Direita,Baixo,15,Baixo,2 - Percepção de Risco,Ausência de procedimento/instrução formal para manuseio seguro de ferramentas manuais;,"Análise Preliminar de Riscos elaborada de forma genérica,",Ausência de procedimento/instrução específico para cravação de piquetes,Falha na supervisão técnica da atividade;,EPI utilizado não adequado aos riscos ocupacionais da atividade;,Não adoção de dispositivo de engenharia para eliminação da exposição das mãos ao risco de impacto;,Utilização de marreta de elevado peso em operação realizada com apenas uma das mãos;,,46093,
230,Terceiro,Quase Acidente,Não,Sim,Eletrobras,Expansão,Masculino,42,6 meses a 1 ano,Segunda-feira,16,3,2026,07:00 - 08:00,Empresa,Individual,Planura,MG,UHE Porto Colômbia,-20.751999999999999,-48.343299999999999,VP Engenharia de Expansão,Engenharia,EEG,EEGIS,EEGIS.F,-,-,-,-,Não,-,-,Queda mesmo nível,Sem Lesões,-,Baixo,15,Baixo,2 - Percepção de Risco,Falta de sinalização do último degrau (Impossibilidade de identificação visual clara do fim da escada);,Deficiência de iluminação adequada (Redução da visibilidade no local de transição) (degrau/patamar);,Erro de percepção do colaborador (Desorientação espacial causada pelas deficiências acima),,,,,,46097,
231,Terceiro,Quase Acidente,Não,Sim,Eletrobras,Expansão - Proj. Estrat.,Masculino,23,6 meses a 1 ano,Terça- feira,3,3,2026,14:00 - 15:00,Empresa,Individual,Presidente Juscelino,MG,LT Janaúba 6_Pres. Juscelino - TR 46/1,,,VP Engenharia de Expansão,Engenharia,EETE,EETEN,EETEN,-,-,-,-,Não,-,-,Atingido por (pontos agudos ou cortantes),Sem Lesões,-,Médio,7,Alto,8 - Veículos e Equipamentos Móveis,Medição e avaliação de desempenho inadequados.,Experiência  e orientação inadequada;,Treinamento inicial inadequado;,Acompanhamento do aprendizado e desempenho inadequados;,Planejamento/Programaçãode trabalho/ processo inadequado;,Correspondência inadequada entre qualificações e exigências de trabalho/tarefa;,,,46084,
232,Terceiro,Quase Acidente,Sim,Sim,Eletrobras,Expansão - Proj. Estrat.,Masculino,35,6 meses a 1 ano,Sexta- feira,20,3,2026,09:00 - 10:00,Via pública,Individual,Presidente Juscelino,MG,LT Janaúba 6_Pres. Juscelino,,,VP Engenharia de Expansão,Engenharia,EETE,EETEN,EETEN,-,-,-,-,Não,-,-,Carro - Colisão ,Sem Lesões,-,NA,10,Médio,8 - Veículos e Equipamentos Móveis,Perigos de fontes externas,Condições climáticas adversas ,,,,,,,46101,
233,Terceiro,Quase Acidente,Não,Sim,Eletrobras,Expansão - Proj. Estrat.,Masculino,49,6 meses a 1 ano,Quinta-feira,19,3,2026,16:00 - 17:00,Empresa,Individual,Santo Hipólito,MG,LT Janaúba 6_Pres. Juscelino - TR 46/1,,,VP Engenharia de Expansão,Engenharia,EETE,EETEN,EETEN,-,-,-,-,Não,-,-,Golpeado por (atingido por objeto em movimento),Sem Lesões,-,Baixo,15,Baixo,2 - Percepção de Risco,Ausência do uso do EPI,Falta de percepção de risco,,,,,,,46100,
234,Terceiro,Quase Acidente,Sim,Sim,Eletronorte,Expansão,Masculino,43,1 a 3 anos,Sexta- feira,20,3,2026,13:00 - 14:00,Empresa,Individual,Presidente Dutra,MA,SE Presidente Dutra,,,VP Engenharia de Expansão,Engenharia,EETI,EETI.N,EETIN.N,-,-,-,-,Não,-,-,Carro - Colisão ,Sem Lesões,-,Baixo,15,Baixo,8 - Veículos e Equipamentos Móveis,Em Investigação,,,,,,,,46101,
235,Próprio,Quase Acidente,Sim,Sim,CHESF,Expansão,Masculino,49,Acima de 10 anos,Segunda-feira,23,3,2026,08:00 - 09:00,Via pública,Individual,Jaboatão dos Guararapes,PE,SE Suape,-85,-35398218,VP Engenharia de Expansão,Engenharia,EEG,EEGIN,EETIN.C,-,-,-,-,Não,-,-,Carro - Colisão ,Sem Lesões,-,NA,7,Alto,8 - Veículos e Equipamentos Móveis,Em Investigação,,,,,,,,46104,
236,Terceiro,Quase Acidente,Sim,Sim,CHESF,Expansão,Masculino,59,1 a 3 anos,Segunda-feira,23,3,2026,10:00 - 11:00,Via pública,Individual,Paulo Afonso,BA,UH UAS Apolôlonio Sales,,,VP Engenharia de Expansão,Engenharia,EEG,EEGI,EETIN.C,-,-,-,-,Não,-,-,Carro - Colisão ,Sem Lesões,-,NA,7,Alto,8 - Veículos e Equipamentos Móveis,Em Investigação,,,,,,,,46104,
237,Terceiro,Quase Acidente,Não,Sim,Eletrobras,Expansão - Proj. Estrat.,Masculino,38,1 a 3 anos,Quarta- feira,25,3,2026,10:00 - 11:00,Empresa,Individual,São Paulo,SP,SE Ibiuna,,,VP Engenharia de Expansão,Engenharia,EETE,EETEH,EETEH,-,-,-,-,Não,-,-,Golpeado por (atingido por objeto em movimento),Sem Lesões,-,Baixo,10,Médio,2 - Percepção de Risco,Falta de  treinamento para uso seguro de ferramentas manuais;,EPI inadequado;,Falta de atenção na hora de bater a marreta no piquete deixando sua mão na área de prensamento.,"Ferramenta inadequada, sem um limitador de posição para as mãos.",,,,,46106,
238,Terceiro,Quase Acidente,Não,Sim,Eletrobras,Expansão,Masculino,59,Até 6 meses,Quarta- feira,25,3,2026,22:00 - 23:00,Empresa,Individual,Planura,MG,UHE Porto Colômbia,-20.751999999999999,-48.343299999999999,VP Engenharia de Expansão,Engenharia,EEG,EEGIS,EEGIS.F,-,-,-,-,Não,-,-,Queda mesmo nível,Sem Lesões,-,Baixo,15,Baixo,11 - Não se Aplica,Ressalto entre os ambientes não sinalizado;,Falta de sinalização de segurança (avisos quanto a diferença de níveis);,Desatenção ao caminhar.,,,,,,46106,
239,Terceiro,Quase Acidente,Sim,Sim,Eletrobras,Expansão,Masculino,52,Até 6 meses,Quarta- feira,25,3,2026,17:00 - 18:00,Via pública,Individual,Planura,MG,UHE Porto Colômbia,-20.751999999999999,-48.343299999999999,VP Engenharia de Expansão,Engenharia,EEG,EEGIS,EEGIS.F,-,-,-,-,Não,-,-,Carro - Colisão ,Sem Lesões,-,Baixo,10,Médio,8 - Veículos e Equipamentos Móveis,Tráfego irregular do equipamento agrícola na pista;,Invasão repentina dos ciclistas na pista,Pista sem acostamento,,,,,,46106,
240,Terceiro,Quase Acidente,Sim,Sim,CGT Eletrosul,Expansão,Masculino,51,1 a 3 anos,Terça- feira,24,3,2026,17:00 - 18:00,Via pública,Individual,Balneário Camboriú,SC,Rodovia BR 101,,,VP Engenharia de Expansão,Engenharia,EETE,EETIS,EETIS,-,-,-,-,Não,-,-,Carro - Colisão ,Sem Lesões,-,Baixo,15,Baixo,8 - Veículos e Equipamentos Móveis,Condução insegura de terceiro,,,,,,,,46105,
241,Terceiro,Quase Acidente,Sim,Sim,Eletrobras,Expansão - Proj. Estrat.,Masculino,44,1 a 3 anos,Terça- feira,24,3,2026,17:00 - 18:00,Via pública,Individual,Presidente Juscelino,MG,LT Janaúba 6_Pres. Juscelino,,,VP Engenharia de Expansão,Engenharia,EETE,EETEN,EETEN,-,-,-,-,Não,-,-,Carro - Colisão ,Sem Lesões,-,Baixo,10,Médio,8 - Veículos e Equipamentos Móveis,Tentativa de ganhar tempo e esforço,Falta de percepção de risco,,,,,,,46105,
242,Terceiro,Desvio Crítico,Não,Sim,Eletrobras,Expansão - Proj. Estrat.,Masculino,-,Até 6 meses,Quarta- feira,25,3,2026,10:00 - 11:00,Empresa,Individual,Presidente Juscelino,MG,LT Janaúba 6_Pres. Juscelino,,,VP Engenharia de Expansão,Engenharia,EETE,EETEN,EETEN,-,-,-,-,Não,-,-,Queda com diferença de nível,Sem Lesões,-,NA,7,Alto,3 - Trabalho em Altura,Em Investigação,,,,,,,,46106,
243,Terceiro,Quase Acidente,Não,Sim,Eletrobras,Expansão - Proj. Estrat.,Masculino,37,Até 6 meses,Sexta- feira,27,3,2026,16:00 - 17:00,Empresa,Individual,Foz Iguaçu,PR,SE Foz Iguaçu,-25.5183544,-55,VP Engenharia de Expansão,Engenharia,EETI,EETI.F,EETIS.F,-,-,-,-,Não,-,-,Queda mesmo nível,Sem Lesões,-,Baixo,15,Baixo,3 - Trabalho em Altura,Em Investigação,,,,,,,,46108,
244,Terceiro,Trajeto sem afastamento,Sim,Sim,CHESF,Expansão,Masculino,,Até 6 meses,Domingo,29,3,2026,07:00 - 08:00,Via pública,Individual,Recife,PE,SE Bongi,,,VP Engenharia de Expansão,Engenharia,EETI,EETI.C,EETIN.C,-,-,-,-,Não,-,-,Carro - Colisão ,Sem Lesões,-,NA,7,Alto,8 - Veículos e Equipamentos Móveis,Em Investigação,,,,,,,,46110,
245,Terceiro,Quase Acidente,Não,Sim,CGT Eletrosul,Expansão,Masculino,44,1 a 3 anos,Terça- feira,31,3,2026,14:00 - 15:00,Empresa,Individual,Curitiba,PR,SE Curitiba,,,VP Engenharia de Expansão,Engenharia,EETI,EETI.S,EETIS.S,-,-,-,-,Não,-,-,Eletricidade,Sem Lesões,-,Baixo,15,Baixo,4  - Eletricidade,Em Investigação,,,,,,,,46112,
246,Terceiro,Trajeto sem afastamento,Sim,Sim,CHESF,Expansão,Masculino,44,1 a 3 anos,Terça- feira,31,3,2026,18:00 - 19:00,Via pública,Individual,Casa Nova,BA,EOL Casa Nova B,,,VP Engenharia de Expansão,Engenharia,EEG,EEGI,EETIN.C,-,-,-,-,Não,-,-,Carro - Colisão ,Sem Lesões,-,Alto,7,Alto,8 - Veículos e Equipamentos Móveis,Em Investigação,,,,,,,,46112,
1,Terceiro,Trajeto sem afastamento,Não,Não,CHESF,Fundos Regionais,Masculino,39,6 meses a 1 ano,Segunda - feira,9,3,2026,12:00 - 13:00,Área rural,Equipe,Uruana de Minas ,MG,EF.010 - Revit Alt S Mig Bbdouro e Piratinga,-,-,VP Engenharia de Expansão,Engenharia,EEF,CGCPRSFP,EEFNE,-,-,-,-,-,-,-,Carro - Colisão ,Sem Lesões,Não se Aplica,Baixo,11,Médio,8 - Veículos e Equipamentos Móveis,Ausência de Gestão de dos condutores da frota ,Ausência de documentação de vias de acesso ,Ausência de gestão de velocidade da Frota ,Ausência de gestão de Frota ,Inexperiência motorista ,-,-,-,46090,
388,Terceiro,Desvio Crítico,,Sim,CHESF,CSC,Masculino,26,3 a 6 anos,Terça - feira,17,3,2026,09:00 - 10:00,Empresa,Equipe,Recife,PE,Anexo II - COS,-8.0635971550000001,-34.929949710000002,VP Suprimentos e Serviços,VSS,Gestão de Manutenção e Obras,Gestão de Manutenção e Obras,Gestão de Manutenção e Obras,,,,,,,,,Outros,Sem Lesões,,,5,Alto,3 - Trabalho em Altura,,,,,,,,46098,TerceiroDesvio CríticoCHESFRogério Ramos Junior1732026
390,Terceiro,Quase Acidente,,Sim,CHESF,CSC,Masculino,29,6 meses a 1 ano,Sexta - feira,27,3,2026,10:00 - 11:00,Empresa,Equipe,Petrolandia,PE,SE Elevadora ULG,-8970186,-38221367,VP Suprimentos e Serviços,VSS,CSC,CSC,CSC,,,,,,,,,Outros,Sem Lesões,,,11,Médio,8 - Veículos e Equipamentos Móveis,,,,,,,,46108,TerceiroQuase AcidenteCHESFDOUGLAS DA SILVA ALVES2732026
391,Terceiro,Quase Acidente,,Sim,CHESF,CSC,Masculino,49,Até 6 meses,Quarta - feira,25,3,2026,17:00 - 18:00,Empresa,Equipe,Petrolandia,PE,SE Elevadora ULG,-8970186,-38221367,VP Suprimentos e Serviços,VSS,CSC,CSC,CSC,,,,,,,,,Outros,Sem Lesões,,,11,Médio,8 - Veículos e Equipamentos Móveis,,,,,,,,46106,TerceiroQuase AcidenteCHESFRANGEL COSTA RAMOS2532026
392,Terceiro,Quase Acidente,,Sim,CHESF,Transmissão,Masculino,29,6 meses a 1 ano,Terça - feira,31,3,2026,10:00 - 11:00,Via pública,Individual,Angelim,PE,Centro de Angelim,-8883418,-36279113,VP Operações e Segurança,Operações,NEPTRRMM,NEPTRRMM,NEPTRRMM,,,,,,,,,Carro - Colisão ,Sem Lesões,,,11,Médio,8 - Veículos e Equipamentos Móveis,,,,,,,,46112,TerceiroQuase AcidenteCHESFAdonias Antônio Ferreira dos Santos3132026
1,Próprio,Quase Acidente,Sim,Não,Eletrobras,Transmissão,Masculino,50,1 a 3 anos,Quinta - feira,26,3,2026,14:00 - 15:00,Via pública,Individual,Guaratinguetá,SP,LI 500kV Cachoeira Paulista - Fernão Dias / t.400,-22.81,-45.18,VP Operações e Segurança,Operações,SEPT - Produção O&M da Transmissão Sudeste,SEPTRR - Regional O&M Rio de Janeiro T Sudeste,SEPTRRCP - O&M Cachoeira Paulista T Sudeste,N/A,N/A,N/A,N/A,,N/A,N/A,,,,,16,Baixo,8 - Veículos e Equipamentos Móveis,N/A,,,,,,,,46107,
1,Terceiro,Trajeto com afastamento,Não,Sim,Eletrobras,CSC,Masculino,39,6 meses a 1 ano,Sábado,28,3,2026,07:00 - 08:00,Empresa,Individual,Cafelândia,PR,ETEL Cafelândia,-24.65,-53.27,VP Suprimentos e Serviços,VSS,SCIO - CSC Infraestrutura Operações,SCIOGS - Gestão de Segurança,-,,,,,,,,,,,Baixo,14,Baixo,2 - Percepção de Risco,,,,,,,,,46109,
1,Terceiro,Quase Acidente,Não,Não,Eletrobras,Transmissão,Masculino,43,6 meses a 1 ano,Domingo,29,3,2026,15:00 - 16:00,Área rural,Equipe,Cachoeira Paulista,SP,LT 500 kV Angra dos Reis - Cachoeira Paulista,,,VP Operações e Segurança,Operações,ATCT - Gestão e Eficientização do Portfólio da,ATCTSE - Gestão de Investimentos da Transmissão SE,-,N/A,N/A,N/A,N/A,,N/A,N/A,,,,,15,Baixo,7 - Bloqueio e Proteção,N/A,,,,,,,,46110,
